Data Source,World Development Indicators,,,,,,,,,,,,,,,,,,,,,,,,,,,,,,,,,,,,,,,,,,,,,,,,,,,,,,,,,,,,,,,,,,,,
,,,,,,,,,,,,,,,,,,,,,,,,,,,,,,,,,,,,,,,,,,,,,,,,,,,,,,,,,,,,,,,,,,,,,
Last Updated Date,7/13/2026,,,,,,,,,,,,,,,,,,,,,,,,,,,,,,,,,,,,,,,,,,,,,,,,,,,,,,,,,,,,,,,,,,,,
,,,,,,,,,,,,,,,,,,,,,,,,,,,,,,,,,,,,,,,,,,,,,,,,,,,,,,,,,,,,,,,,,,,,,
Country Name,Country Code,Indicator Name,Indicator Code,1960,1961,1962,1963,1964,1965,1966,1967,1968,1969,1970,1971,1972,1973,1974,1975,1976,1977,1978,1979,1980,1981,1982,1983,1984,1985,1986,1987,1988,1989,1990,1991,1992,1993,1994,1995,1996,1997,1998,1999,2000,2001,2002,2003,2004,2005,2006,2007,2008,2009,2010,2011,2012,2013,2014,2015,2016,2017,2018,2019,2020,2021,2022,2023,2024,2025
Aruba,ABW,Cereal yield (kg per hectare),AG.YLD.CREL.KG,,,,,,,,,,,,,,,,,,,,,,,,,,,,,,,,,,,,,,,,,,,,,,,,,,,,,,,,,,,,,,,,,,
Africa Eastern and Southern,AFE,Cereal yield (kg per hectare),AG.YLD.CREL.KG,,924.111737,931.5067147,934.0151055,879.7508636,869.5845222,879.8660161,1114.832401,898.7017539,939.0931514,948.8752772,1071.235978,1109.947359,934.0935973,1172.235204,1145.856206,1152.636595,1210.787749,1204.166972,1163.241942,1249.282953,1424.373359,1174.401419,1011.530458,955.8229023,1128.294615,1131.547618,1115.329654,1175.478097,1289.929094,1251.490534,1219.212938,904.2004672,1258.979075,1156.446866,1025.792445,1266.524889,1127.158718,1144.308347,1194.342909,1294.171781,1261.447168,1266.155509,1144.910199,1290.959433,1173.87722,1297.836261,1327.656606,1351.220768,1423.12812,1550.807919,1470.891971,1646.425036,1531.994682,1649.772086,1634.888407,1497.229549,1750.283111,1674.660332,1683.293063,1809.461022,1836.775354,1798.405349,1788.570678,1707.904783,
Afghanistan,AFG,Cereal yield (kg per hectare),AG.YLD.CREL.KG,,1115.1,1079,985.8,1082.8,1098.9,1012.3,1224.5,1287.5,1310.4,1105.1,976.2,1006.9,1279.6,1301.9,1316.4,1362.4,1224,1291.9,1323.7,1349,1338.3,1330.2,1355.6,1334.1,1331.7,1314,1359.8,1285.7,1237.6,1200.6,1160.4,1097.8,1132.9,1140.4,1214.5,1204.4,1348.8,1388,1285.7,806.3,1006.7,1669.8,1458,1334.8,1790.4,1551.7,1915.3,1455.4,2040.7,2011.1,1659.9,2094.2,2127.7,2096.6,2206.4,2043.3,2091.4,2253.2,2184.7,2050.8,2099.1,2193.4,2303,2358.6,
Africa Western and Central,AFW,Cereal yield (kg per hectare),AG.YLD.CREL.KG,,675.3548155,702.2444559,698.0325257,691.1341873,658.3434424,643.8725076,684.3052508,666.7837728,654.6722975,691.0070343,692.2179577,639.2501163,643.4429618,829.8098271,818.8812042,691.3970613,744.4430957,777.074924,788.7698302,806.5183538,947.0383758,928.1387817,884.1689678,879.9716522,958.6947223,950.6567885,944.7141129,1005.191079,964.3806307,875.0109676,918.3575464,907.5549293,929.0062953,902.472683,962.0641278,987.2615494,966.8673047,998.3883458,1032.254595,971.6478593,1002.022205,1011.135973,1075.396268,1089.590087,1143.409931,1180.594597,1107.172677,1231.799746,1192.112856,1184.286751,1061.264093,1187.656905,1130.664441,1227.56938,1263.25981,1267.61207,1251.399421,1303.553011,1346.583483,1366.555341,1324.760992,1391.463292,1350.825034,1227.067366,
Angola,AGO,Cereal yield (kg per hectare),AG.YLD.CREL.KG,,828,830.3,798.4,875.8,932,824.3,814.6,805.7,898.9,911.3,805.7,780.3,764,712.6,773.9,775.5,603.1,667.1,509.2,617.9,451.1,450.6,484.6,466,449.1,379.8,381.2,332.4,277.4,320.9,417.5,397.1,268,298.4,401.5,653.1,567.4,701.6,620.4,564.4,585.4,627.2,646.1,491.7,583.4,445.9,464.3,652.7,571.4,629.3,662.4,552.6,814.5,888.6,982.3,852.3,809.2,948.3,961.1,984.8,996.1,1033,1061.8,,
Albania,ALB,Cereal yield (kg per hectare),AG.YLD.CREL.KG,,845.2,941.8,982.3,1023.3,1037.3,1318.6,1464.1,1553.7,1639.8,1646.1,1753.6,1768.7,1843,1934.5,2028.9,2445.1,2550.1,2620.2,2634.8,2364,2500.6,2715.2,3046,2966.3,2900.6,2990.3,2965.6,2875,2961.7,2794.4,2071.9,2158.6,2685,2460.9,2841.5,2450.9,2833.3,2872.1,2798.1,3175.1,3030.8,3291.9,3185.7,3466.3,3462.1,3602.6,3728.4,4081.2,4315.3,4761.8,4750.7,4883.8,4949.8,4892.6,4873.8,4716.4,4813,4840.5,5038.2,5209.2,5144.7,5200.7,5169.9,,
Andorra,AND,Cereal yield (kg per hectare),AG.YLD.CREL.KG,,,,,,,,,,,,,,,,,,,,,,,,,,,,,,,,,,,,,,,,,,,,,,,,,,,,,,,,,,,,,,,,,,
Arab World,ARB,Cereal yield (kg per hectare),AG.YLD.CREL.KG,,795.7156353,1106.092593,1040.100374,976.8330422,1012.956424,881.7177237,1008.427945,1194.540928,1085.342985,1001.91768,1117.823028,1207.27927,924.0222453,1081.602188,1073.75583,1138.33741,904.7571698,1067.385376,989.3894206,1156.736879,1072.626824,1106.807032,1010.105357,982.4755027,1156.061644,1278.706704,1183.275725,1417.625109,1236.15382,1419.125398,1531.201571,1348.105218,1397.266459,1476.543616,1362.682583,1639.825377,1367.032472,1475.797638,1466.255217,1438.342067,1584.349692,1766.03462,1789.312669,1935.330756,1524.6624,1916.06675,1680.994958,1702.601963,1959.483609,1733.853407,1866.54924,2033.244009,1976.493291,1806.794499,2168.403633,1707.162087,1890.451781,1796.627612,1960.617882,1874.747875,1965.255165,1755.297482,1971.407117,984.9754011,
United Arab Emirates,ARE,Cereal yield (kg per hectare),AG.YLD.CREL.KG,,,,,,,,,,,,,,,,,,1166.7,1466.7,2242.9,2409.6,2018.7,2000,1417.8,1613.4,1340.2,1185.7,1106.3,808.3,1924.7,4361.2,3494.1,4368.3,4164.7,6414.5,6474,6502.1,15894,17746.3,17165.8,17504.7,17476.9,18064.6,20927.8,20373.6,20215.2,20900.8,21428.6,22265.9,24716.6,18069.8,24064.3,12112.2,36761.9,14238.4,35291.3,33396.5,30801.8,20853.3,23842.3,18982.7,19809.2,20369.8,23306.5,,
Argentina,ARG,Cereal yield (kg per hectare),AG.YLD.CREL.KG,,1410.7,1604.9,1511.2,1695.4,1403.2,1557,1606.4,1313.3,1554.7,1775.3,1783.5,1609.5,2041.4,2046.2,1955.9,1907.2,2134.9,2424.3,2252.2,1874.1,2425,2442.8,2330.1,2581.5,2439.5,2582.2,2382.6,2527.9,2129.4,2250.8,2672,3028.6,2850.2,2808.6,2802.8,2759.4,3304.9,3696.5,3377.4,3447.5,3210.7,3237,3661.4,3678.7,4199.5,3699.7,4382.4,3938.3,3817.1,4980.7,4489.8,4137.8,4720.5,4617.3,4983.1,5105,5317.1,4662.9,5261.5,5139.8,5410.4,4821.7,3992.9,4854.2,
Armenia,ARM,Cereal yield (kg per hectare),AG.YLD.CREL.KG,,,,,,,,,,,,,,,,,,,,,,,,,,,,,,,,,1842.8,1688.9,1439.9,1859,1877.2,1365.8,1768.4,1776.5,1383,1878.7,2204.7,1567.1,2280.8,1938.7,1323.9,2592.6,2405,2250.3,2068.2,2789,2650.5,3072.5,3181.6,3132.1,3076.1,1975.1,2623.6,1690.6,2055.8,1287.2,2185.8,2369.2,1961.1,
American Samoa,ASM,Cereal yield (kg per hectare),AG.YLD.CREL.KG,,,,,,,,,,,,,,,,,,,,,,,,,,,,,,,,,,,,,,,,,,,,,,,,,,,,,,,,,,,,,,,,,,
Antigua and Barbuda,ATG,Cereal yield (kg per hectare),AG.YLD.CREL.KG,,,,,,,2500,2250,2500,2250,2400,2285.7,2300,2000,2055.6,1875,1821.4,1666.7,1750,1920,1705.9,1800,1787.9,1789.5,1705.9,1900,1904.8,1920,2035.7,2142.9,2381,1833.3,1713.6,1690.1,1668.4,1607.1,1639,1634.2,1631.8,1631.7,1600,1614.9,1562.5,1571.4,1578.9,1597.4,1625,1601.4,1619,1590.2,1585.9,1597.4,1595.3,1593.1,1583,1579.6,1843.2,2030.7,2233.9,1988.8,1881.1,2000.9,1952.2,1940.5,1963.3,
Australia,AUS,Cereal yield (kg per hectare),AG.YLD.CREL.KG,,1083.9,1217.3,1285.2,1323.7,983.5,1441.6,830.8,1338.7,1114.9,1217.6,1269.6,933.1,1318.5,1393.6,1414,1345.5,987.5,1680.2,1510.2,1052.3,1401.5,875.6,1646.2,1609.3,1453.1,1521.9,1436,1629.4,1676.4,1716.1,1590.9,1891.8,1982.3,1275.6,1860.1,2086.3,1944,1960,2104.5,1961,2219.9,1117,2068.5,1710.6,2079.6,1088.5,1218.2,1688.2,1686.5,2060.1,2207.6,1921.8,2194.3,1999.1,2098,2670.4,2043.5,1818.2,1665.8,2515.9,2817,3277.8,2690.9,2689.7,
Austria,AUT,Cereal yield (kg per hectare),AG.YLD.CREL.KG,,2520.8,2568.4,2509.9,2621.7,2330.1,2940.6,3251,3343.1,3555.7,3192.3,3656.4,3402.6,3855.5,4070.9,3752.7,4173.9,4096.2,4394.2,3729.2,4515.6,4147.1,4778.8,4755.5,5091.4,5269.4,4824.9,4962.9,5546,5289.7,5577.3,5456.5,5152.7,5088.8,5391.7,5502,5391,5900.9,5675.3,5926.9,5403.9,5856.2,5831,5255.4,6495.5,6133.1,5721.8,5844.1,6807.3,6149.5,5903.1,7056.7,6002.9,5846.8,7046.7,6198.1,7246.4,6260.6,6145.8,6954.3,7386.4,7112.4,6895.5,7051,6721.8,
Azerbaijan,AZE,Cereal yield (kg per hectare),AG.YLD.CREL.KG,,,,,,,,,,,,,,,,,,,,,,,,,,,,,,,,,2113.9,1617.9,1622.7,1507,1608.4,1669.4,1581.1,2080,2335.2,2600.7,2623.2,2604.1,2588.8,2593.1,2599.3,2667.4,2741.5,2606.7,2020.6,2484.4,2659.7,2692.3,2343.6,3083.6,3005.1,2942.2,3013.7,3239,3227.3,3297.4,3162.9,3368.2,3427,
Burundi,BDI,Cereal yield (kg per hectare),AG.YLD.CREL.KG,,946.2,1010.6,919.6,991.9,983.6,975.8,997.3,1045.7,1066.6,1092.3,1110.7,1024.8,1110,973.3,1104.7,1104.8,1110.1,1234.2,1100,1063.5,1080.4,1075.4,1094,1108.9,1152.5,1213.5,1228.2,1194.3,1369,1348.5,1368.9,1391.4,1394.1,1274.8,1331.9,1386.3,1434,1275.9,1309.5,1228.2,1283.5,1308.8,1284.1,1328.1,1344.3,1277,1303.1,1281.8,1296.9,1231.7,1153.8,1107.5,1178.4,1332.4,1203.9,1482.5,1125.4,1322.8,1187.9,1160.9,1189,1202.9,1167.5,1163.4,
Belgium,BEL,Cereal yield (kg per hectare),AG.YLD.CREL.KG,,,,,,,,,,,,,,,,,,,,,,,,,,,,,,,,,,,,,,,,,8021.4,8218.1,8500.9,8530.7,9184.9,8649.5,8373.3,8637.7,8885.8,9710,9348.1,9009,8666.3,9212.5,9435.4,9842.2,6984.8,9050.7,7983.1,8988.5,8430.6,7906.2,8603.5,8485.7,,
Benin,BEN,Cereal yield (kg per hectare),AG.YLD.CREL.KG,,546.1,489.9,503.5,529.3,551.5,531.8,577.5,573.8,556.8,577.1,532.7,555.8,687.7,707.9,739.3,724.6,754,741.1,720.9,718.3,653.8,649.5,599.9,799.1,855.8,836.2,725.1,834.7,853.7,847.9,878.6,913.4,919.2,956.9,1086.5,1009.6,1117,1055.9,1162.6,1102.1,1069.3,1131.1,1148.7,1146,1136.4,1190.5,1286,1158.7,1423.5,1200.6,1517.8,1373.2,1479.6,1460.3,1336.7,1455.9,1405.4,1428.5,1238.3,1432.8,1408.6,1361.5,1126.7,1356,
Burkina Faso,BFA,Cereal yield (kg per hectare),AG.YLD.CREL.KG,,408.5,477.9,473.1,522.5,485.7,495.4,452.3,625.8,484.5,516.6,444.5,461.2,436.6,488.2,558.1,499.4,528.8,576.4,580.1,569.8,576.6,568.3,514.9,589.9,708.8,699.5,641.7,726.9,672.9,600.2,876.6,871.5,936.2,787.9,851.1,916.5,704.5,889,912.9,856.4,967.8,942.7,996.3,940.7,1127.2,1203.9,936.1,1039.9,1002,1062.7,995.1,1203,1156.5,1225.8,1168.9,1136.8,1009,1152.3,1156.1,1261.7,1095.7,1204.1,1221.1,1197.9,
Bangladesh,BGD,Cereal yield (kg per hectare),AG.YLD.CREL.KG,,1681.1,1514,1749.4,1691.8,1670,1570.8,1681.5,1727.9,1724.7,1666.2,1583.1,1554.5,1785.2,1708.4,1831.6,1769,1923.7,1926.9,1870.9,2005.8,1937.5,1997.9,2205.6,2134.6,2148.5,2146.6,2202.1,2235.8,2500.3,2490.6,2555.8,2659.6,2653.1,2541,2530.4,2687.1,2628.8,2707.9,3104.9,3302.2,3352.6,3374,3479.8,3439.4,3663.6,3710.5,3783.1,4154.3,4126.4,4262.6,4367.1,4396.5,4492.1,4558.8,4588.2,4624,4684.5,4778.5,4855.4,4885.9,4964.4,5089.7,5320.9,5408,
Bulgaria,BGR,Cereal yield (kg per hectare),AG.YLD.CREL.KG,,1746.6,1822,1858.6,2137,2297.1,2930.6,2951.4,2439.4,2822.4,3124.1,3184.4,3702.2,3492.9,3184.2,3430.5,3741.8,3381.4,3498,3791.6,3705,4062.1,4669.5,3717.2,4497.9,2915,4047,3694.7,3705.5,4402.1,3953.7,3990.8,2953.6,2512.7,2798.9,3069.5,1908.6,3011.5,2684.7,2946.8,2459.9,2898.5,3156.3,2371.3,4077.8,3387,3572.5,2523.7,4094.3,3413,4031,4251.2,3671.8,4561,4860.7,4669.6,4817.8,5479.7,5561.7,5774.7,4373.4,5949.6,5151.2,5223.8,,
Bahrain,BHR,Cereal yield (kg per hectare),AG.YLD.CREL.KG,,,,,,,,,,,,,,,,,,,,,,,,,,,,,,,,,,,,,,,,,,,,,,,,,,,,,,,,,,,,,,,,,,
"Bahamas, The",BHS,Cereal yield (kg per hectare),AG.YLD.CREL.KG,,666.7,833.3,833.3,892.9,909.1,914.9,937.5,940,980,980.8,990.7,991,1000,1000,1009.9,1021.2,1030.6,1158.7,1142.9,1141.3,1142.9,1165.4,1250,1333.3,1344.3,1344.3,1363.6,1400,1400,1500,1666.7,1666.7,1600,1793.1,1793.1,1793.1,1740,1984.2,2165.7,2476.2,3000,3050,3400,3550,3600,3800,4000,4761.9,6000,7533.3,7308.5,7340.4,7413.2,7516.2,8342.3,7709.5,7820.7,7862.8,7415.8,7206.6,7840,7776.3,7598,7737,
Bosnia and Herzegovina,BIH,Cereal yield (kg per hectare),AG.YLD.CREL.KG,,,,,,,,,,,,,,,,,,,,,,,,,,,,,,,,,3552.8,3504,3606,3586.3,3536.8,3523.7,3481.2,3756.4,2550.2,3201.7,3828.2,2521.6,4433.5,4253.3,4290.8,3223.2,4427.1,4503.1,3853,3724.9,3000.6,4026.9,3977.4,3812.1,5191.7,3732.1,5487.9,5354.7,6050.7,4422.1,6912.7,5529.7,,
Belarus,BLR,Cereal yield (kg per hectare),AG.YLD.CREL.KG,,,,,,,,,,,,,,,,,,,,,,,,,,,,,,,,,2741.1,2791.1,2268.3,2063.2,2191,2405.7,1889.9,1501.5,1949.7,2000.7,2477.8,2433,2986.1,2848.5,2550.5,2880.9,3549.7,3367.9,2808.3,3241.4,3479.1,3007.8,3720.5,3690.2,3207.3,3358.7,2723.9,3095.6,3539.9,3002.8,3368.2,3437.1,3394.8,
Belize,BLZ,Cereal yield (kg per hectare),AG.YLD.CREL.KG,,596.4,598.8,694.8,697.3,742,550.9,1027.9,1176.3,1272.7,1628.7,1529.1,1414.9,1860.7,1313.2,1054.7,1450.4,1592.2,1851.9,1711.2,1988.6,2071.5,2030.5,1865.2,1526,1515.9,1753,1706.6,1686.6,1612.4,2013.8,2485.1,2289.7,2185.3,1898.1,1917.7,2504.9,2394.2,2458.5,2805.4,2418.3,3100,2448.9,2851.8,2365.7,2869.5,2672.3,2939.5,2427.2,2686.5,3223.4,3155.5,3451.1,3615.6,3594.6,2897.8,3164.6,4229.1,4043.7,2946.5,3526.3,4289.5,4476.2,3857.4,,
Bermuda,BMU,Cereal yield (kg per hectare),AG.YLD.CREL.KG,,,,,,,,,,,,,,,,,,,,,,,,,,,,,,,,,,,,,,,,,,,,,,,,,,,,,,,,,,,,,,,,,,
Bolivia,BOL,Cereal yield (kg per hectare),AG.YLD.CREL.KG,,954.3,946.5,945.5,795.1,1051.6,1013.1,1095.6,1080.8,1082.1,1056.4,1103.1,1087.9,1091.5,1081.4,1140.6,1223.1,1038.3,1074.1,1131.6,1116.6,1300.5,1253.3,1043.5,1307.7,1336.4,1287.9,1332.9,1321,1354,1360.8,1358.1,1399.7,1537,1426.7,1561.2,1613.6,1388.2,1494.8,1366.5,1641.9,1784.9,1712.4,1963.3,1618.7,1927,2100.1,1763.3,2016.4,2346,2267.3,2045.3,2113.2,1717.9,1958.1,2280.2,2111.3,1845.6,2333.7,2030.1,2024,2523,1716.7,1980,2209,
Brazil,BRA,Cereal yield (kg per hectare),AG.YLD.CREL.KG,,1346.3,1381.5,1322.4,1256.4,1428.3,1321.3,1402.2,1350.5,1302.8,1408.8,1290.8,1299.7,1411.7,1455.8,1358.8,1444.6,1452.5,1210.1,1301.3,1575.7,1611.1,1544.8,1614.6,1677.3,1827.8,1664.7,1882.1,1858.8,1999.7,1755.1,1850.7,2142.5,2354.6,2285,2513.1,2422.2,2521.8,2580.4,2732,2643.3,3147.6,2844.8,3385.4,3131.8,2882.6,3210.5,3553.1,3831.3,3532.1,4040.6,4037.5,4584.5,4826.4,4640.4,5000.6,4181.7,5209.6,4806.5,5321.3,5255.3,4479,4907.5,5336.5,5002.6,
Barbados,BRB,Cereal yield (kg per hectare),AG.YLD.CREL.KG,,1884.2,2511.2,1883,1788.7,1866.7,2075,2325.6,2375.4,2402.7,2424.2,2333.3,2727.6,2631.6,2614.4,2614.4,2614.4,2614.4,2614.4,2614.4,2500,2500,2500,2500,2727.3,2500,2561,2561,2619,2619,2674.4,2625,2571.4,2666.7,2600,2750,2666.7,2600,2600,2600,2608.7,2604.2,2626.5,2630,2659.6,2736.8,2700,2666.7,2740.9,2827.1,2884.2,2987.6,3200,2833.3,2700,2695.6,2755.8,2815.6,2835.6,2839.1,2832.2,2816,2800.4,2796.8,2793.2,
Brunei Darussalam,BRN,Cereal yield (kg per hectare),AG.YLD.CREL.KG,,1730.6,1852.7,1371.1,1323.5,1173.7,1392.2,1587.1,1586.8,1858.1,1962.1,1602.4,1617.5,2425.1,2904,2717.8,1964.7,1503.4,1591.7,2175.9,1379.7,1364.3,1482.5,1579.7,1557.1,1239.4,2135.9,1063,2168.5,2228.6,1550,812.5,785.7,800,800,800,777.8,777.8,777.8,789.5,1006.5,892.4,888.1,819.3,793.5,744.3,795.2,900.7,821.4,773.7,1000,1466.7,1375,1461.5,1615.4,2384.6,1714.3,1769.2,2000,2090.9,3000,2733.3,2400,2466.7,,
Bhutan,BTN,Cereal yield (kg per hectare),AG.YLD.CREL.KG,,1440.8,1440,1438.8,1439.4,1437.5,1437.7,1435.1,1432.7,1435.2,1436.7,1437,1441,1439.7,1442.6,1447.9,1438.9,1444.4,1443.3,1434.2,1425,1457.7,1445.3,1429,1442.3,1386.1,1371.9,1181.9,1019.7,1015.2,1279.8,1027.5,1063.6,1164.2,1281.1,1365.8,1467.5,1541,1559.5,1506.7,1437.9,1449.4,1549,1791.3,2995.2,2334.9,2199.7,1999.2,2741.5,2160.4,2469.1,2801.7,2944.2,3226.4,3254.9,3475.8,3373.4,3411.5,3416.5,3082.1,3434.7,3344.7,3446,3461.5,3552.3,
Botswana,BWA,Cereal yield (kg per hectare),AG.YLD.CREL.KG,,341.8,339.6,382.8,275.9,329.8,439.9,316.9,261.6,309.6,63.2,448,948.5,275.6,691,446.2,643.2,415.1,268.7,132.3,237.2,275.2,287.9,265.3,150.7,200.7,198.5,190.7,375.6,288.9,265.5,381.3,288.7,424.3,223.8,458.4,323.4,276.8,246.7,228.5,203.7,338.2,357.3,394.4,274.3,312.8,372.4,395.5,360.8,363.6,371.6,452.3,367.2,217.6,305.2,415.3,361.5,316.6,396.2,384.3,802.3,1002.6,1032,870.2,900.4,
Central African Republic,CAF,Cereal yield (kg per hectare),AG.YLD.CREL.KG,,443,540.9,543.9,661.6,790.2,806.6,728.5,814,783.3,712.4,717.9,696.2,682.8,502.6,533.5,526,522.5,595.4,497.2,521,569.6,559.3,674.6,772.1,1076.9,1189.3,958.4,1112.3,1078.6,809.9,893.4,1005.9,989.7,876.4,869.2,882.7,947.9,989.2,1006.8,993.3,1032.6,1048.3,1009.5,1007.7,1018.2,989.7,951.2,946.8,948.4,907.7,965.7,942,910.9,896,884.1,875.1,871.5,863.8,859.3,713,807.2,830,878.1,,
Canada,CAN,Cereal yield (kg per hectare),AG.YLD.CREL.KG,,985,1595.4,1838.9,1527.2,1730.4,1972.7,1519,1734.5,1959.2,2110.8,2145.2,1987.7,1951.3,1726.7,2052.2,2275.8,2265.9,2267.4,2032.7,2141.2,2346.4,2482.8,2204.6,2028,2222.1,2570.4,2396.6,1754.4,2193.6,2636.3,2580.5,2460.3,2647,2594.5,2699.8,2844.2,2584.6,2782.6,3087.8,2805.7,2446.8,2375.4,2758.8,3141.9,3215.9,3046.3,2973.4,3391.7,3299.5,3501.1,3552.4,3456.3,4160.4,3647,3673,4239.1,4104.8,3914.7,4010.8,4091.9,3119.8,4078.7,3694.7,,
Central Europe and the Baltics,CEB,Cereal yield (kg per hectare),AG.YLD.CREL.KG,,1702.259157,1648.968885,1730.87372,1763.01982,1997.141538,2132.041626,2167.64834,2161.954049,2286.376531,2126.70225,2567.784065,2791.212713,2820.457232,2877.235502,2810.449049,3107.499705,2962.244098,3144.387614,2917.081405,3076.524756,3021.386946,3449.919639,3201.139079,3578.036196,3302.537651,3478.624322,3356.658863,3446.120336,3625.493989,3454.587791,3614.394966,2518.985966,2772.994507,2944.857291,3225.796769,2970.865161,3421.997153,3192.283114,3288.749348,2662.670886,3383.265866,3259.862346,2862.676356,4128.801643,3740.745084,3285.714929,3009.364336,3911.425497,3660.70902,3764.982061,4037.07936,3491.562284,4149.561362,4656.460742,4255.412411,4617.852835,4868.755396,4708.747909,4843.27593,4754.235908,5106.540213,4524.103381,4897.318811,5646.798949,
Switzerland,CHE,Cereal yield (kg per hectare),AG.YLD.CREL.KG,,2872.6,3776.9,2936.1,3627.4,3212.2,3305.7,3983.4,3852.2,3651.4,3692.5,4282.9,4079.6,4198.3,4766.9,4256.9,4530.2,4004.4,4815.8,5078.4,4623.7,4948.1,5279.9,5071,6162.9,5720.6,5090.7,5043.2,6328.9,6780.9,5983.9,6103.6,5877.4,6209,5807.6,6068.8,6706.8,6407,6641,5643.1,6402.2,6011.9,6269.8,5086.5,6732.5,6300.4,6165,6418.5,6413.1,6578.3,6093.9,6874.6,6464.3,5945.6,7044.6,6431.9,5154.6,6800.2,6332.3,6580.8,6978,5515.8,6081.1,5706,,
Channel Islands,CHI,Cereal yield (kg per hectare),AG.YLD.CREL.KG,,,,,,,,,,,,,,,,,,,,,,,,,,,,,,,,,,,,,,,,,,,,,,,,,,,,,,,,,,,,,,,,,,
Chile,CHL,Cereal yield (kg per hectare),AG.YLD.CREL.KG,,1441.3,1371.7,1574.7,1677.3,1691.9,1897.4,1951.6,1945.5,1671.6,1902.3,1994.4,1860.4,1683.3,1881,1722.9,1451,2130,1732.8,2191.5,2059.3,2120.5,2203.6,2261.5,2704.1,2949.1,3355.3,3222.6,3531.6,3914.7,3619.7,4050.9,4177.4,4246,4489.3,4472.5,4264.3,4507.5,5052,4061.1,4362.1,4935.7,5183.3,5390,5657.5,5811.2,5998.3,5744.3,5844.4,5462.3,6815.4,6927.8,6229.6,6913.2,6128.4,7082.3,6858.2,6779.4,7144.3,7157.2,6245.8,6491.2,6113.9,6382.3,6606.1,
China,CHN,Cereal yield (kg per hectare),AG.YLD.CREL.KG,,1192.7,1323.1,1490.7,1622.7,1746.5,1879.1,1935.7,1939.4,1900.4,2127.7,2174,2106.5,2275.7,2389.2,2480.4,2522.3,2486.9,2791.8,3032.5,2937.3,3081.6,3456,3716.1,3954.9,3820.5,3889.9,3973.1,3930.6,4014.7,4306.5,4231.4,4361.6,4562.1,4504.9,4659.3,4891.6,4813.2,4952.8,4944.9,4752.6,4800.3,4869.1,4871.1,5186.8,5224.6,5313.4,5320.6,5549.7,5449.6,5527.5,5710,5828.7,5897.7,5896.3,5985.2,6018.6,6110.8,6122,6265.1,6296.1,6317.5,6381.3,6418.1,,
Cote d'Ivoire,CIV,Cereal yield (kg per hectare),AG.YLD.CREL.KG,,624.2,785.7,751.9,774.9,785.5,840.7,888.9,877.8,845.1,828.6,1000.3,823.8,840.6,885.1,820.5,749.3,753.7,753.3,762.6,927.4,897.8,949,784.7,970.8,986.7,851.5,847.6,885.1,882.7,1112.5,1052.8,1050.8,1235.4,1131,1141.7,1389,1286.7,1498.6,1645.7,1682.3,1719.9,1750.9,1827,1853.9,1836.3,1827.9,1569.4,1735,1711.5,2270.5,1882.8,2079.8,2176.6,2206.9,2200.3,2219.8,2247.4,2254.4,2233.6,2248.7,2255.1,2326.7,2397.8,,
Cameroon,CMR,Cereal yield (kg per hectare),AG.YLD.CREL.KG,,863.9,757.5,775.4,781.9,768.6,821,760,768.1,838.6,798.8,804.8,820.2,770.7,881.9,1057.6,865.9,862.7,836.7,817.7,864.3,865,890.3,895.7,1076.6,1154.1,1381.5,1228,1165.9,1118.4,1259.3,1179.3,1072.2,959.3,968.7,1172.1,1344,1400.3,1413.2,1893.3,1763.5,1708.9,1682.7,1619.9,1563.2,1669.7,1700.3,1676.3,1678.5,1722.9,1648.7,1710,1591.5,1676.4,1630.4,1615.3,1578.1,1711.2,1826.3,1849.5,1670.7,1726.7,1693.9,1770.4,1770.4,
"Congo, Dem. Rep.",COD,Cereal yield (kg per hectare),AG.YLD.CREL.KG,,699.2,700.8,692,692.1,646,695.1,699.8,710.5,710.8,727.1,725.4,746.5,741.1,744,747.7,745.8,739.2,728.9,799,798.7,822.5,833.9,833.5,850.2,799.6,789.9,821.8,797.9,802,799.8,802.4,782.2,790.6,793.4,765.8,780.9,801.7,811,787.3,786.6,786.6,772,771.5,771.7,771.7,771.6,771.6,771.6,771.6,784.9,771.1,771.6,772.1,769,768.9,785.5,794.1,812.4,836.2,876.7,897.4,850.4,863.2,871.8,
"Congo, Rep.",COG,Cereal yield (kg per hectare),AG.YLD.CREL.KG,,714.3,711.3,916.7,932.6,1020.4,1000,1090.9,1347.8,952.4,888.9,952.4,894.3,679.4,706.2,647.7,648.2,658.7,457.6,689.7,845.4,978.1,646.7,746.2,677.9,767.8,854.6,770.3,801.9,834.9,624.3,635.2,639.2,646.5,654.4,735.6,746.3,746.3,755.8,736.4,753.9,775,772,780.7,776.4,770.6,777.8,764.1,771.4,791.4,785,794.3,809.8,830.9,832.8,833.5,845.6,860.4,870.8,890.8,871.5,894.4,877.1,877.7,,
Colombia,COL,Cereal yield (kg per hectare),AG.YLD.CREL.KG,,1275.2,1350.8,1386.1,1454.2,1259.1,1301.4,1421.7,1528.8,1607.8,1807.4,1904.5,2012.2,2105.9,2389.8,2379.2,2276.8,2249.6,2390.1,2463,2414.5,2479.7,2441,2514,2579.9,2662.6,2495.1,2724.1,2514.4,2486.9,2475.4,2450.7,2550,2505.5,2506.1,2643.9,2683.9,2906.7,3060.4,3151.7,3234.2,3138.3,3340.5,3621.8,3584.5,3643.3,3358.8,3599.2,3664.2,3611.3,3410.4,3351.5,3381.8,3277.8,3754.6,3893.5,3792.5,3856,4014.2,4167,4398.6,4278.9,4397.1,4301.2,4422.2,
Comoros,COM,Cereal yield (kg per hectare),AG.YLD.CREL.KG,,1107.8,1118.8,1083.7,1162.4,1094.9,1086.7,1099.3,1188.5,1097.6,1097.6,935,1008,1078.7,1129.8,1203,1157.1,1205.5,1161.3,1058.8,1058.1,1057.8,1058.1,1125,1110,1088.8,1117.8,1155.5,1157.3,1281.3,1267,778.3,795,807.4,822.3,839.3,849.2,854.7,840.3,890.1,899.5,914.8,935.5,973.6,921.7,1128.4,1248.9,1378.9,1596.4,1704.6,1953.8,1934.6,1918.3,1899.9,1877.5,1860.6,1843.6,1826.6,1800.2,1782.6,1781.7,1770.3,1755,1734.4,,
Cabo Verde,CPV,Cereal yield (kg per hectare),AG.YLD.CREL.KG,,650,650,650,650,485.7,487.2,488.9,440,437.5,308,303.3,191.7,238,314.3,444.4,454.5,375,333.3,428.6,531.3,428.6,440,385.7,493.6,400.9,534.3,607.2,481.9,273.8,334.6,252.9,302.1,359.1,250.3,262.9,317.2,146.9,141.5,1162,794.8,637.3,148.5,379.2,385.2,243.2,218,158.8,233.8,230.8,220,177.8,196.2,182.3,34.3,276.5,178,0.1,22.7,23.2,15.7,16.3,11.5,23,40.3,
Costa Rica,CRI,Cereal yield (kg per hectare),AG.YLD.CREL.KG,,1153.5,1177.6,1242.2,1179.9,1530.5,1442.5,1476.7,1585.7,1573.4,1436.2,1837.8,1870.8,1388.8,1575,1895.6,1713.1,2058,2291.7,2293.6,2924.5,2276.3,1742.7,2401.5,2323.6,2323.6,2253.5,2256,2518.3,2621.8,3096.8,3299,3169,3419.3,3815.4,3777.6,3483.3,3790.7,3768.9,3676.8,3626.2,3549.6,3683.4,3171.4,3059.4,3189.1,3759,3538.2,3814.3,3790.7,3199.2,3418.9,3621.5,3283.3,4497.5,3831.6,4026.1,3731,4210.1,4052.4,3357.1,4311.2,4061.6,4448.2,3807,
Caribbean small states,CSS,Cereal yield (kg per hectare),AG.YLD.CREL.KG,,2075.243855,2288.683164,2124.902814,2107.877818,2185.034173,2180.039808,2205.116293,1915.710706,2053.119441,2311.743787,2215.319993,2298.526367,2373.393981,2635.828288,2444.864163,2284.367412,2854.616325,2979.115324,3052.899543,3231.939358,3342.219261,3383.936835,3286.471141,3312.470237,3375.079244,3419.506065,3280.877998,3187.732517,3271.027757,3192.126198,3377.45294,3462.099854,3270.794147,3470.187588,3580.464433,3722.580435,3757.812922,3741.160761,3646.951567,3641.29581,3773.393172,3768.924796,3864.875967,3789.278177,3614.977195,4147.39686,4001.117269,3899.491526,4022.378351,4011.637661,4098.066725,4270.918488,4626.082513,4817.185237,4949.73115,4827.680892,5189.95563,5300.776662,5184.843893,5066.855407,5057.549513,5240.374136,5246.294808,4009.325478,
Cuba,CUB,Cereal yield (kg per hectare),AG.YLD.CREL.KG,,1204.8,1210.7,1357,1273.7,1082.6,1178.6,1151.9,1209,1399.5,1525.6,1617.4,1374,1278.1,1804.7,2070.1,2275.4,2412.5,2420.1,2321.8,2546.8,2504.4,2692.8,2702.5,2727.8,2615.6,2681.5,2430.4,2549.1,2516,2342.1,2175.9,1751.1,1324.4,1789.1,1964.6,2007.3,2188.6,1874.7,2750.8,2528.4,2880.6,3123.2,3188.8,2921.5,2561.6,2782.8,2912.9,2674.2,2068.8,1937.2,2619.1,2803.2,2903.8,2813.7,2964.6,2939.3,2854.3,2876.5,2832.5,2572.1,2408.7,2088.9,2070,,
Curacao,CUW,Cereal yield (kg per hectare),AG.YLD.CREL.KG,,,,,,,,,,,,,,,,,,,,,,,,,,,,,,,,,,,,,,,,,,,,,,,,,,,,,,,,,,,,,,,,,,
Cayman Islands,CYM,Cereal yield (kg per hectare),AG.YLD.CREL.KG,,,,,,,,,,,,,,,,,,,,,,,,,,,,,,,,,,,,,,,,,,,,,,,,,,,,,,,,,,,,,,,,,,
Cyprus,CYP,Cereal yield (kg per hectare),AG.YLD.CREL.KG,,654.8,1157.6,1121.3,802.9,1598.9,752.4,1297.7,824.8,1334.9,657.3,1336.3,1068.3,107.2,1290.8,1475.3,1462.9,1315,1777.3,1665,1939.4,1773.3,1778.2,1388.8,1757.7,2097.7,1301.1,2331.3,2679.9,2480.4,1886,1335.9,2789.8,2964.4,2553.5,2384.9,2395.5,1110.6,1113.9,2156.4,931.4,2275.9,2394.4,2263.9,1677.9,1205.6,1219.7,1596.1,176.3,1823.8,1998.4,1954.4,2399.3,1688,291,2683,436.3,1802.7,1052.9,2656.3,2381.4,2063.5,2305.7,2029.7,1439.5,
Czechia,CZE,Cereal yield (kg per hectare),AG.YLD.CREL.KG,,,,,,,,,,,,,,,,,,,,,,,,,,,,,,,,,,4019.5,4091.7,4179.3,4192.7,4132.7,3968.1,4346.6,3906,4508.6,4324,3940.8,5443.6,4741.6,4159,4522,5362.8,5073.9,4695.8,5592.6,4529.5,5309.3,6219.8,5880.6,6317,5497.5,5206.9,5653.2,6042.7,6113,5929.6,6070.1,,
Germany,DEU,Cereal yield (kg per hectare),AG.YLD.CREL.KG,,2417.4,2962.2,2925.2,3120.8,2852.2,2878,3483.3,3619.6,3447.5,3179.6,3788.6,3770.2,3873.4,4178.8,3864.4,3495.7,3885.2,4285.2,4108.3,4227.6,4161.6,4568.3,4362.6,5036.6,5072.7,5084.8,4898.4,5173.7,5203.6,5411.1,5986.1,5335.6,5711.7,5826.2,6107.8,6282,6484.9,6330.2,6699.9,6452.9,7055.2,6251.5,5764.5,7355.3,6723.2,6486.6,6182.9,7118.8,7201.4,6685.2,6458.3,6964.9,7318,8050.3,7497.8,7182.1,7269.9,6178.9,6952,7133.3,6998.1,7126.1,7007.3,,
Djibouti,DJI,Cereal yield (kg per hectare),AG.YLD.CREL.KG,,,,,,,,,,,,,,,,,,,,,,2500,2500,2500,2333.3,1750,1666.7,1500,1538.5,1333.3,1666.7,1643.3,1647.3,1651.9,1657.5,1666.7,1683.3,1704.7,1726,1769.4,1833.3,1714.3,1666.7,1666.7,1658.7,1500,1666.7,1738.2,1780.6,1816.7,1848.3,1879.3,2000,2000,1986.4,2007.6,1998.2,1998.7,1998.2,2002.6,2007.1,2021.1,2027.4,2034.2,2041,
Dominica,DMA,Cereal yield (kg per hectare),AG.YLD.CREL.KG,,1181.8,1181.8,1217.4,1217.4,1250,1250,1280,1280,1230.8,1230.8,1259.3,1259.3,1285.7,1285.7,1266.7,1333.3,1333.3,1333.3,1419.4,1437.5,1424.2,1411.8,1388.9,1352.9,1333.3,1200,1384.6,1333.3,1333.3,1363.6,1340.2,1339.9,1333.3,1341.3,1344.2,1347.3,1350.4,1353.8,1357.2,1357.3,1359.2,1364.1,1333.3,1377.5,1357.1,1404.7,1448.3,1437.7,1436.8,1416.7,1400,1666.7,1666.7,1623.5,1604,1597.7,1601.7,1609,1622,1644,1659.1,1670.8,1682.4,,
Denmark,DNK,Cereal yield (kg per hectare),AG.YLD.CREL.KG,,3383.5,3750.6,3505.7,3963.4,3890.6,3714.4,3756.9,4026.4,3975.6,3583.8,3999.7,3977.2,3765,4190.1,3635.7,3302.4,4050.9,4060.5,4156.1,3892.5,4071.4,4521.3,3757.5,5555.4,4970.8,5049,4792.6,5084.2,5632.3,6117.9,5911.6,4314.2,5677.6,5530.6,6291.2,6052.6,6207.2,6100.1,5862.1,6216,6126.6,5761.8,6096.6,6013.1,6153.4,5778.4,5675.8,6017.4,6779,5875.9,5886.5,6309.7,6316.6,6752.1,6884.7,6222,6916.5,4888.8,6928.9,6926.3,6355,7241.4,5671.7,6096.3,
Dominican Republic,DOM,Cereal yield (kg per hectare),AG.YLD.CREL.KG,,1758.3,1788.6,1842.8,1990.2,2057.7,2196.3,1970.1,1948.9,2162.6,2378.5,2653.8,2892.6,3025.1,3208.7,2377.4,2603,2568,2780.1,2922.5,3005.1,3145.4,3753.9,3966,3463.7,3617.2,3754.8,3705.8,3499.2,3726.2,3996.2,3979.6,6090.2,4015.2,3636.7,3856.3,3835.6,3950.7,3635.3,3983.1,4159.3,4304.8,4343.4,4000.8,3824.8,3808.6,4262.9,4368.1,4468.8,3954.3,4436,4605.6,3747.7,4031.5,4538.9,4666.6,4728.1,4730.4,4607.1,4652.5,4653.7,4784.8,4607.7,4375.8,4455.4,
Algeria,DZA,Cereal yield (kg per hectare),AG.YLD.CREL.KG,,346.2,814,803.8,530.2,606.3,403.9,631.4,705.2,614.9,637.5,587.8,671.7,493.7,497.9,845.2,690.5,410.9,586.1,561.5,760.4,646.2,593.3,579.5,547.4,912.5,837.2,759.9,574.1,760.4,687.7,1114.6,943.3,741.7,749.4,829.5,1337.8,779.8,846.3,1069.9,883.3,1106.9,1058.6,1470.3,1344.1,1500.8,1503.7,1253.5,1034,1653.9,1474.3,1643.3,1677.6,1813.1,1369.2,1400.2,1020.4,990.3,1952,1767.4,1520.4,1433.7,1505.6,1351.5,1536.6,
East Asia & Pacific (excluding high income),EAP,Cereal yield (kg per hectare),AG.YLD.CREL.KG,,1288.195008,1393.912448,1525.22475,1612.131139,1692.963408,1776.718878,1828.528526,1849.898099,1859.297337,2051.817859,2088.373022,2026.09991,2163.012995,2250.018361,2314.103415,2367.274549,2311.007888,2548.902624,2739.154605,2705.368419,2834.632353,3129.878268,3305.772888,3491.874668,3398.362552,3458.045694,3516.751372,3484.186542,3575.548036,3786.388351,3778.210952,3869.649808,4007.735569,3983.990781,4066.641686,4241.905971,4194.09695,4293.676596,4288.412607,4198.691579,4249.368885,4330.215596,4330.800326,4553.172927,4607.501641,4688.731868,4717.344091,4899.292069,4852.76426,4916.782049,5058.079666,5174.724777,5227.262131,5261.008151,5361.934199,5356.636568,5417.643354,5441.32612,5550.079783,5555.296904,5605.994268,5662.131811,5697.846181,3797.456045,
Early-demographic dividend,EAR,Cereal yield (kg per hectare),AG.YLD.CREL.KG,,1059.852322,1082.163818,1121.436445,1133.502558,1055.661789,1068.532544,1177.068149,1180.075925,1224.67801,1276.281929,1312.722528,1292.438408,1314.279327,1327.922959,1450.687914,1439.140929,1523.275737,1586.911534,1515.881581,1619.411009,1720.739417,1697.938009,1762.443367,1793.510117,1839.491656,1869.118843,1854.452602,1972.08015,2013.214826,2074.460277,2119.31555,2195.564022,2269.63594,2264.919018,2241.419258,2274.346643,2379.985543,2400.87016,2482.654989,2539.49728,2572.843866,2553.131422,2650.069254,2661.51654,2764.507676,2801.533952,2879.36782,2946.617685,2942.394235,3034.397895,3124.777886,3198.966569,3256.994799,3281.299894,3277.347187,3360.408955,3490.117315,3520.349007,3637.976832,3656.218116,3732.761152,3735.850412,3758.747739,3741.924544,
East Asia & Pacific,EAS,Cereal yield (kg per hectare),AG.YLD.CREL.KG,,1415.810323,1512.853784,1628.773991,1710.979551,1759.269619,1865.101738,1874.3397,1925.348294,1920.246909,2098.627167,2117.458665,2048.437893,2193.019084,2282.97458,2347.530613,2382.551378,2302.963301,2570.953358,2713.876333,2604.470379,2755.566009,2964.36608,3175.933995,3355.21677,3260.097224,3335.274937,3392.457882,3388.58343,3477.832586,3668.71105,3662.410251,3757.214174,3855.341478,3829.846179,3911.298768,4070.189038,4020.184728,4092.287614,4107.635741,4000.949276,4068.484323,4009.160828,4069.878695,4221.580931,4340.567835,4310.981374,4327.181416,4533.021615,4503.717873,4623.521376,4760.863432,4852.463975,4934.010761,4944.905114,5071.168782,5097.33889,5122.858597,5120.942062,5196.089237,5231.163821,5319.229682,5430.832964,5432.847368,3098.534902,
Europe & Central Asia (excluding high income),ECA,Cereal yield (kg per hectare),AG.YLD.CREL.KG,,985.604698,1131.138648,1335.298899,1115.461199,1136.134938,1273.833312,1307.40873,1223.817989,1299.933239,1225.461487,1577.632904,1443.361295,1253.859358,1310.018365,1641.747288,1821.630515,1811.133661,1845.26079,1899.73229,1869.105042,1887.944053,1997.803235,1869.33942,1996.553124,1954.649369,2156.71044,2157.796096,2265.602391,1772.851098,2227.540205,2237.926781,2018.306901,2035.582056,1731.206668,1708.354538,1636.183984,1918.198712,1834.35169,1897.296933,1852.111113,2126.001842,2175.570991,2018.77295,2239.365304,2253.074112,2307.964621,2138.048941,2554.681448,2515.764045,2286.523751,2891.596844,2447.048457,2921.011353,3006.833884,3032.607747,3173.45866,3027.53145,3229.732472,3266.887996,3132.534492,3317.707897,3099.955203,3279.406805,3146.786781,
Europe & Central Asia,ECS,Cereal yield (kg per hectare),AG.YLD.CREL.KG,,1813.676125,1974.743635,2014.322105,2056.881914,2157.240612,2186.417039,2412.417602,2404.674747,2440.933351,2337.104754,2751.646246,2794.717702,2817.814931,2920.079915,2831.758836,2840.282373,2989.743698,3228.276119,3109.566562,3321.692993,3193.75699,3482.867966,3326.36151,3925.635094,3693.448104,3695.547464,3692.349173,3853.004012,3827.612017,3918.204247,4092.996908,2574.587098,2620.675074,2510.07452,2535.632838,2706.139075,2932.083088,2922.937445,2943.920888,2890.647256,3086.09541,3142.191933,2898.796927,3392.401474,3171.453133,3124.13164,3058.10244,3547.022588,3431.92042,3289.128491,3583.871336,3276.160262,3662.282192,3899.682864,3802.688238,3818.786242,3966.722635,3841.624311,4030.494621,3935.160273,4034.682209,4053.903301,4045.960852,3895.442441,
Ecuador,ECU,Cereal yield (kg per hectare),AG.YLD.CREL.KG,,1010.7,925,986.5,768.7,958.8,1007.2,893.2,823.3,1074,1093,961.9,922.1,1229.2,1283.2,1414.4,1352.7,1368.5,1377,1492.3,1639.6,1768,1880.1,1566,1851.3,1929.3,1379.6,1519.8,1708.4,1756.1,1723.6,1704.2,1768.6,1951.6,2075,1984.3,2029.3,2058.7,1954.9,2123.1,2306,1899.4,2434.6,2617.3,2922.2,2841.6,2830,3144,2980.3,2965.5,2723.1,2299.8,2914.6,2592.5,3216,3927,3362.1,3771.3,3552.6,3970.2,3531.5,4016,4051.6,4024.9,4006.7,
"Egypt, Arab Rep.",EGY,Cereal yield (kg per hectare),AG.YLD.CREL.KG,,2905.7,3259.6,3312.8,3330.1,3775.6,3565.5,3557.3,3627.1,3716.6,3911.8,3911.5,3951.3,4080,3840.4,3978.1,3941.1,3923.8,4019.3,3964.2,4094.5,4100.5,4203.7,4321.1,4347.5,4539.2,4696.2,4891.6,5028.8,5337.7,5702.9,5613,5898.5,5995.1,5861.1,5903.7,6499.1,6605.5,6797.4,7166.6,7280.1,7099.4,7445.6,7515.4,7556.2,7536.9,7500.2,7418.5,7452.2,7158.3,6504.3,7246.3,7269,7285.3,7085,7117.3,7251.5,7400.6,6776,6043.8,7167.4,7340.5,7080.3,7402.2,,
Euro area,EMU,Cereal yield (kg per hectare),AG.YLD.CREL.KG,,1938.208468,2184.034748,2181.08881,2265.983711,2336.826997,2362.864391,2721.785596,2722.775783,2746.245033,2653.609255,3072.564985,3106.25595,3201.138348,3257.334373,3157.737199,3001.890481,3241.04783,3582.177219,3477.8203,3772.469705,3554.479479,3824.539281,3689.179637,4446.379896,4245.141248,4089.2234,4211.15902,4460.435805,4427.258892,4457.598883,4762.206638,4301.436645,4525.690325,4506.852595,4466.613755,5003.254635,4929.691985,5145.322936,5050.386738,5207.776624,5086.697809,5239.299659,4668.021728,5773.451021,5140.487686,5174.089977,5183.913392,5708.133489,5582.084259,5434.339134,5541.540842,5467.745267,5761.135851,6036.905472,5923.69954,5443.496543,5736.588024,5533.553337,5915.051107,5786.531893,5937.138219,5554.824643,5547.02107,5368.233544,
Eritrea,ERI,Cereal yield (kg per hectare),AG.YLD.CREL.KG,,,,,,,,,,,,,,,,,,,,,,,,,,,,,,,,,,256.6,767,416,264.9,265.5,959.7,746.6,377.2,637.1,158.2,261,275.3,758.2,798.5,938.5,252.2,500.1,511.7,649.1,689.4,669.8,666.4,642.4,639.7,642.2,638.9,638.5,638.6,637.7,638.2,638.2,638,
Spain,ESP,Cereal yield (kg per hectare),AG.YLD.CREL.KG,,1082.5,1278.7,1303.1,1178.5,1250.7,1327.6,1480.6,1569.1,1558.1,1380.3,1840.5,1611.1,1595.1,1765.6,1974.3,1766.2,1925.2,2174.7,1907.8,2479.9,1571.3,1764.3,1851.1,2772.1,2762.2,2143.1,2626.8,3017.9,2491.5,2482.7,2488.9,1955,2717.4,2348.3,1729.7,3303,2764.4,3395.9,2705.2,3603.3,2804.7,3222,3250.7,3750.1,2159.3,3028.2,3933.9,3573.5,2944.8,3291.5,3691.8,2842.5,4047.1,3248.5,3243.1,3877.8,2770.2,4205.5,3445.5,4501.5,4227.4,3307.4,2190.9,3785.9,
Estonia,EST,Cereal yield (kg per hectare),AG.YLD.CREL.KG,,,,,,,,,,,,,,,,,,,,,,,,,,,,,,,,,1403.8,2161.3,1597.1,1687.4,2178.5,1992,1627,1251.3,2114.7,2037,2024,1921.7,2330.3,2694.4,2209.9,3009.1,2792.8,2760.5,2464.2,2598.9,3412,3135.6,3669.6,4381.6,2658.4,3967.3,2624.9,4458.6,4411.5,3502.4,4224.5,3409.5,,
Ethiopia,ETH,Cereal yield (kg per hectare),AG.YLD.CREL.KG,,714.6,702.3,704,723.5,732.3,741,744.4,724.3,758.7,770.5,784.5,803.5,827.3,812.1,853.1,1063.7,1035.5,897.3,1124.2,1260.7,1190.7,1165,1335.8,1169.8,880.6,965.6,1152.9,1214.1,1172.2,1238.1,1307.5,1155.8,1312.2,973.6,1032.8,1213.1,1263.4,1140.1,1123.9,1115.5,1197.3,1352.9,1122.7,1162.1,1361.2,1563.2,1448.5,1425.6,1650.2,1760.3,1764.2,1939.8,2066.1,2227.9,2337.1,2326.6,2518.7,2521.6,2711.2,2712.8,2660.6,2690.9,2656.3,2631.6,
European Union,EUU,Cereal yield (kg per hectare),AG.YLD.CREL.KG,,1917.622071,2062.768332,2079.568766,2161.426729,2281.099779,2300.873799,2563.850749,2594.081202,2619.113211,2505.644476,2938.164155,3010.52521,3078.538288,3187.253058,3051.274071,3028.979371,3170.407036,3459.597402,3300.884548,3542.782703,3383.159632,3693.377365,3526.19071,4187.011887,3979.759117,3904.974167,3943.576889,4139.480263,4183.56241,4187.193354,4408.242171,3751.188995,3980.887024,3995.193304,4112.547129,4379.944833,4476.692536,4531.439859,4521.710612,4397.748546,4556.36528,4605.361716,4144.744896,5238.289509,4711.529797,4562.01292,4491.058111,5105.972953,4969.022729,4916.014728,5061.007648,4821.251305,5253.388976,5612.193015,5377.756275,5193.830592,5499.551102,5230.242444,5574.861109,5465.320874,5663.934976,5260.846222,5329.184022,5441.203228,
Finland,FIN,Cereal yield (kg per hectare),AG.YLD.CREL.KG,,1883.4,1363.6,1799.2,1581.3,2007.9,1780.6,1990.7,2082.1,2286.3,2396.6,2568,2460.5,2241,2183.3,2625.4,2951.8,2431.4,2446.7,2636.8,2823.4,2072.9,2922.3,3180.1,3059.2,2904.3,2941.4,1920,2326.8,3190.2,3543.1,3347.7,2845.8,3606.5,3587.2,3409,3438,3410.1,2402.8,2541.2,3498.7,3164.4,3295,3178,3210.6,3422.9,3293.8,3654.7,3542.3,3760.4,3135.3,3521.7,3533.6,3689.5,3691.4,3613.9,3573.3,3957.9,3052.7,4257.5,3589.3,2777.3,3770.1,3310.5,,
Fiji,FJI,Cereal yield (kg per hectare),AG.YLD.CREL.KG,,1761.1,1765.2,1811.7,1785.4,1783,1726.3,1756.7,2040.7,1841.6,1865.3,1920.4,1938.1,2059.7,1935.5,2240.8,2302,1930.1,1854.4,2017.7,1925.6,2069.5,2118.5,1844.7,2140.5,2408.2,2181.8,1922.8,2378.2,2370.6,2181,2316.8,2154,2275.5,2301,2651,2105,2213.3,754.4,2706.3,2433.7,2341.6,2379.8,2338.9,2352.8,2349.2,2283.5,2652.4,2266.1,2819,2871.1,2821.3,2423.4,2999.5,4475.4,3001,3000.9,3000.9,3002.2,3352.9,3666.2,3887.4,4090.4,4109.1,,
France,FRA,Cereal yield (kg per hectare),AG.YLD.CREL.KG,,2275.9,2689.7,2769.4,2823.4,3106.5,2908.1,3476.7,3570.9,3532.1,3374.4,3875.5,4168.7,4407.5,4179.3,3696.6,3440.8,4051.4,4630.5,4516,4854.2,4729.1,5007.5,4949.9,5976.8,5742.8,5301.6,5706.2,6080.8,6099.1,6082.6,6536.2,6485.4,6512.6,6542.6,6456.5,7082.4,6890.3,7415.4,7260.4,7231.5,6729.2,7453,6125.3,7518.7,6965.4,6800.5,6520.6,7252.8,7412.4,7068.6,6919.3,7254.5,7084.8,7579.1,7590.5,5690.9,7306.7,6829.1,7491.9,6394.9,7171.3,6654.9,7274,6280.8,
Faroe Islands,FRO,Cereal yield (kg per hectare),AG.YLD.CREL.KG,,,,,,,,,,,,,,,,,,,,,,,,,,,,,,,,,,,,,,,,,,,,,,,,,,,,,,,,,,,,,,,,,,
"Micronesia, Fed. Sts.",FSM,Cereal yield (kg per hectare),AG.YLD.CREL.KG,,,,,,,,,,,,,,,,,,,,,,,,,,,,,,,,1200.4,1208.9,1206.1,1213.2,1193.5,1217.9,1220.9,1224,1227.3,1230.8,1234.7,1238.9,1243.5,1254.6,1272.2,1287.4,1192.9,1366.1,1421.4,1475.2,1528.1,1674.3,1673.8,1670.5,1678.1,1697.3,1722.4,1741.9,1755,1706.8,1721.5,1721.8,1713.2,1715.7,
Gabon,GAB,Cereal yield (kg per hectare),AG.YLD.CREL.KG,,1587.2,1513.9,1598.1,1594.3,1602.6,1512.8,1514.9,1503.6,1502.3,1465.5,1463.6,1511.1,1534,1494.3,1396.4,1486.7,1511.7,1503,1554.4,1525.4,1456.5,1500,1523.8,1545.6,1453.2,1473.8,1580,1615.1,1459.4,1588.2,1701.5,1550,1588.5,1658.4,1557.7,1591,1562.4,1583.7,1599.1,1630.3,1541.5,1449.4,1538.1,1559.8,1569.9,1580,1667.1,1611.4,1589.1,1595,1596.1,1600.6,1600.4,1592.5,1591.7,1590.2,1587.6,1587,1586.2,1588.2,1587.1,1587.2,1587.5,1587.3,
United Kingdom,GBR,Cereal yield (kg per hectare),AG.YLD.CREL.KG,,3176.5,3683.5,3484.3,3734.7,3750.1,3544.7,3828.7,3446.5,3670.8,3568.9,3926.2,4083.1,4077.7,4369.1,3812.4,3599.2,4513.3,4522.5,4497.2,4944.2,4933.1,5439,5377.5,6590.9,5592.1,6083.1,5506.1,5399.4,5866.7,6170.9,6466,6326.9,6428.6,6556.8,6872.6,7299.9,6695.8,6661.4,7043.3,7164.8,6291.1,7076.9,7032.8,7031.8,7196.5,7278.6,6632.3,7420.2,7029.6,6953,6984.7,6215.1,6631.6,7696.5,7980.9,7022.6,7229,6788.7,7946,6241,6966.8,7720.1,7137.9,,
Georgia,GEO,Cereal yield (kg per hectare),AG.YLD.CREL.KG,,,,,,,,,,,,,,,,,,,,,,,,,,,,,,,,,1996.2,1768,2015.6,2150.9,2492.9,2203.5,1592.8,2110.2,1369,2012.2,1860.1,2136.9,2003.4,2011.6,1583.8,2114.5,2090.4,1907.8,1271.4,2201.3,2186.4,2200.6,2032.8,1959.4,2514.5,1976.2,2531.2,2539.1,2647,2750.4,2408.5,2568.5,,
Ghana,GHA,Cereal yield (kg per hectare),AG.YLD.CREL.KG,,816.4,809.6,788.2,777.6,809.2,1088.7,916.1,859.3,824.8,858.2,860.7,867.1,863.7,957.1,834.3,816.7,832,837.2,844.2,717.8,860,764,517.4,840.1,890.7,984.8,938.6,1095.8,1012.9,989.2,1220.8,1042.1,1340.2,1327.5,1354.1,1389.2,1321.7,1333.8,1297,1309.2,1186.1,1349,1396.4,1373.3,1432.3,1334.5,1317,1598.1,1659.8,1814.3,1594.2,1768.1,1688.8,1703.4,1830.3,1842.4,1930.7,2172.6,2346.2,2410.8,2360.5,2433.8,2687.6,,
Gibraltar,GIB,Cereal yield (kg per hectare),AG.YLD.CREL.KG,,,,,,,,,,,,,,,,,,,,,,,,,,,,,,,,,,,,,,,,,,,,,,,,,,,,,,,,,,,,,,,,,,
Guinea,GIN,Cereal yield (kg per hectare),AG.YLD.CREL.KG,,1340,1368.7,1256.7,1363.8,1303.7,1392.6,1409.7,1411.5,1412.4,1407.9,1435.1,1442.1,1437.5,1436,1439.5,1454.7,1437.4,1408.9,1434.5,1432.5,1450.8,1440.3,1456.6,1473.9,1501.5,1517.2,1528.6,1536.9,1492.8,1455.1,1421.9,1392.6,1405.3,1422.3,1454.8,1458.9,1463.2,1468.2,1473.7,1492.1,1483,1487.2,1484.8,1491.3,1495.6,1502,1514,1464.7,1484.3,1184.7,1226,1152.2,1189.6,1123,1122.4,1155.5,1165.4,1186.7,1257.9,1323.7,1356.5,1369.5,1369.5,1351,
"Gambia, The",GMB,Cereal yield (kg per hectare),AG.YLD.CREL.KG,,1075.3,1080.5,1039,1087.7,1064,1011.1,960.3,1040.4,1016.4,1109.1,1112.4,1042.3,1056.1,1043,990.7,813.3,805.8,1093.6,1197,1325.1,1329.4,1230.9,1251.4,1434.5,1262.4,1276.2,1117.7,1196.6,1112.9,1003.9,1112.7,1238.1,1189.2,1163.5,1035.2,1104.3,940.6,1036.4,1303.7,1305.3,1292.5,966.5,1207.7,1179,1047.4,1033,805.3,983.5,1057.7,1136.1,879.2,920,968.9,753.2,893.1,739.5,575.3,593.5,450.9,659.8,1054.1,805,800.7,,
Guinea-Bissau,GNB,Cereal yield (kg per hectare),AG.YLD.CREL.KG,,814.4,787.1,792.1,620.8,760,778.9,844.3,901.3,688.4,797.1,665.4,726.6,664.5,618.3,758.2,785.7,701.5,623.9,637.8,699.2,795.2,687.3,675.7,885.5,1244.1,1375.2,1530,1769.4,1520.7,1530.7,1614.5,1441.7,1431.6,1394.8,1402.2,1366.5,1110.3,1145,1038.2,1097,1004.9,1067.3,1075.9,1164,1325.6,1412.6,1346.1,1490.3,1632.2,1723.8,1588.7,1512.1,1397.7,1394.8,1402.1,1414.4,1385.9,1397.3,1287,1342.9,1352.6,1462.7,1406.9,1333.4,
Equatorial Guinea,GNQ,Cereal yield (kg per hectare),AG.YLD.CREL.KG,,,,,,,,,,,,,,,,,,,,,,,,,,,,,,,,,,,,,,,,,,,,,,,,,,,,,,,,,,,,,,,,,,
Greece,GRC,Cereal yield (kg per hectare),AG.YLD.CREL.KG,,1265.6,1380,1291,1627.5,1652.6,1823.8,1950.1,1521.6,1717,2113.1,2142.5,2189.9,2201.9,2440.2,2424.5,2608.1,2061.6,2798.1,2635.8,3321.9,3312.5,3455,2929.5,3596.1,3015.6,3602.8,3714.5,3862.7,4022,3035.8,4124,3606.8,3553.2,3886.8,3751,3710.3,3799,3581.1,3648.8,3868.8,3847.6,3747.2,3693.6,4017.4,4049.8,3918.9,3929.9,4515.8,4266.2,4064.9,4344.1,4206.7,4393.3,4286.5,4214.9,4223.5,4317.2,3799.6,4043.5,4197.1,4194.7,4142.6,4139.9,4052.9,
Grenada,GRD,Cereal yield (kg per hectare),AG.YLD.CREL.KG,,873,873,873,873,873,871,871,871,883.3,883.3,877.2,865.4,855.6,769,878,911.1,906.3,908.2,907.6,894,1044.4,900,949.3,949.3,951.2,980,1000,1008,1003.9,992.3,1113.2,1021.2,989.7,991.4,983.3,1000,1000,1004.6,1004.3,1002.8,1001.8,997.1,999.6,1000.6,984.4,1000,1000,1005.6,1007.1,1008.4,1009,1028.6,1000,993.3,1002.1,998.3,997.2,996.5,997.5,998.7,999.3,999.1,998.8,996.6,
Greenland,GRL,Cereal yield (kg per hectare),AG.YLD.CREL.KG,,,,,,,,,,,,,,,,,,,,,,,,,,,,,,,,,,,,,,,,,,,,,,,,,,,,,,,,,,,,,,,,,,
Guatemala,GTM,Cereal yield (kg per hectare),AG.YLD.CREL.KG,,822.1,871.5,856.3,912.5,960.5,901.6,875.7,1010.5,1046.9,1175.5,1142.3,1210.9,1631.6,1421.8,1639.8,1330.3,1323.3,1514.3,1760.4,1448.8,1524.1,1707.8,1874.3,1613.1,1659.6,1779.4,1608.8,1885.2,2042,1997.6,1810,1839.6,1813.6,1894.5,1912,1785.7,1491.9,1682.2,1741.2,1776.4,2038.8,2017.2,2053.7,2117.1,2311.9,2514.1,2305.8,2010.6,1983.3,1996.6,2000.4,2036.7,2082.4,2092.4,2115.7,2152.3,2153.3,2153.3,2114.4,2047.4,1990.2,1930.7,1821.7,,
Guam,GUM,Cereal yield (kg per hectare),AG.YLD.CREL.KG,,,,,,,,,,,,,,,,,,,,,,,,,,,,,,,,,,,,,,,,,,,,,,,,,,,,,,,,,,,,,,,,,,
Guyana,GUY,Cereal yield (kg per hectare),AG.YLD.CREL.KG,,2013.8,2217.1,2017.9,2010.6,2052.9,2030.8,1898.5,1531.3,1688.9,1887.2,1821,1971.2,1821.1,2421.4,2173.2,1760.5,2577.5,2633,2651.9,2953.3,3116.3,3060.8,3221.5,3078.7,3261.5,3247.1,3189.2,3006.5,3320.7,2980.4,3285.6,3438.1,3258.4,3664.2,3899.1,3958.1,3964,4003.3,3791.2,3799.2,3947.9,4084,4155.5,4216.6,3861.4,4523,4222.2,4161.5,4345.5,4165.4,4343.9,4465.4,4936.7,5210.7,5476.9,5395.5,5523.4,5696.2,5831.3,5634.1,5443.6,5941.9,6028.1,,
High income,HIC,Cereal yield (kg per hectare),AG.YLD.CREL.KG,,2119.573624,2295.376279,2375.480435,2320.129436,2513.970387,2560.950208,2644.100975,2696.635656,2817.736786,2724.35764,3090.715704,3144.426334,3112.590708,2891.908574,3059.685517,3080.617676,3184.354465,3494.830346,3531.442858,3300.388661,3511.69018,3648.672024,3232.933923,3833.073879,3911.126461,3912.89289,3885.519477,3527.074062,3903.250506,4087.659304,4065.865303,3545.045744,3251.128389,3633.712906,3384.670446,3724.416035,3816.007391,3984.810047,4027.099793,3963.697411,4022.198398,3866.896634,3993.675686,4529.204639,4307.896998,4114.106325,4286.792967,4541.026955,4645.013586,4675.605051,4638.743811,4261.831934,4918.216105,5094.398158,4975.732716,5375.403689,5327.700349,5129.967951,5182.658863,5222.08369,5272.938757,5350.671601,5394.80772,6562.96365,
"Hong Kong SAR, China",HKG,Cereal yield (kg per hectare),AG.YLD.CREL.KG,,2016.8,1720.1,1840.8,1396.2,2436.2,1756.3,1933.1,1778.7,2365.4,2366.9,2288.8,2056.8,2226.5,1615.9,1792.4,1886.3,1882.7,1881.7,1515.2,2121.2,1500,1538.5,1333.3,2181.8,2500,2200,1250,3000,3000,2000,,,,,,,1922.6,1924.5,1929.2,1923.3,1905.8,1989.9,1989.8,1989.8,1989.9,,1985.4,1975.2,2000.4,2000.4,2000.4,2000.4,2000.4,2030.6,2079.4,2095.7,2101.1,2109,2102.4,2115.8,2039.9,2049.4,2059,,
Honduras,HND,Cereal yield (kg per hectare),AG.YLD.CREL.KG,,1051.2,1077.6,1102.4,1129.2,1156.9,1211.6,1209.4,1209.3,1209.1,1209.2,1209.5,1210,1140.2,1215.3,1093.4,1000.7,924.8,952.2,1000.2,1131.7,1377,1282.3,1442.3,1343.8,1433,1363,1563.2,1289.4,1424.6,1468.5,1316.9,1328.5,1328.6,1310.8,1540.4,1579,1570,1089.9,1170.2,1368.1,1447.1,1341.8,1533.4,1388.1,1506.5,1522.3,1682.7,1680.5,1727.2,1660.3,1711.5,1646.9,1671.4,1854.7,1821.3,1890.9,1865.7,1847,1862.6,1886.3,1885.7,1892.9,1887.4,,
Heavily indebted poor countries (HIPC),HPC,Cereal yield (kg per hectare),AG.YLD.CREL.KG,,799.3713245,797.8144216,793.6373129,817.0837914,797.7181519,801.1809955,849.0957815,821.9362946,857.0060477,819.8617591,832.137895,820.7407615,844.4670255,869.7546848,912.5508634,928.8280788,889.3998349,907.7629894,919.2275136,930.883344,949.0975465,907.5389166,920.099742,875.0205082,917.7447974,918.0632761,920.4079294,955.6385794,933.2234543,904.8091866,942.8217027,843.955196,943.4518428,829.1644794,912.3550871,989.2863677,912.8225206,961.5005811,1002.010813,958.6468587,1008.001839,1025.262868,1002.887589,1044.700415,1026.442701,1131.513267,1152.552309,1133.428838,1238.260854,1274.05631,1211.81189,1364.104265,1300.768065,1358.483531,1417.594151,1353.133505,1405.797963,1426.208628,1466.510977,1506.462393,1495.038966,1515.767451,1500.021776,1326.146713,
Croatia,HRV,Cereal yield (kg per hectare),AG.YLD.CREL.KG,,,,,,,,,,,,,,,,,,,,,,,,,,,,,,,,,3972.1,4255.7,4136.9,4365.7,4507.8,5007.9,4669,4604.2,4114.8,4840.3,5316.2,3601,5408.9,5592.8,5420.2,4558.1,6639.1,6109.8,5456,5220,4573.6,5444.9,6027.7,5695,6665.5,5704.8,7055.6,7157.3,6992.4,7012.9,5823.1,5913.8,,
Haiti,HTI,Cereal yield (kg per hectare),AG.YLD.CREL.KG,,1031,1043,1055.2,1056.6,1071.7,1075.8,1091.9,1049.7,1112.5,1097.3,1117,1148.7,1066.4,1175.4,1117.7,1238.9,918.8,803.9,964.6,1016.2,1046.7,1039.6,1044.3,1041.1,1009.7,991.2,969.7,957.7,972.3,1026.7,987.7,976.1,949.2,923.9,925.8,974,1004.1,913.6,969.4,931.8,826.5,920.4,920.8,933.8,956.8,962.9,959.8,961.1,994.6,977.4,982.2,1077,1059.9,895,978.1,1012.3,894.6,709.9,1599.3,927.7,1070.6,1061.6,1062.6,,
Hungary,HUN,Cereal yield (kg per hectare),AG.YLD.CREL.KG,,1857.5,2042.3,2041.6,2111.7,2320.6,2401.7,2491.5,2576.3,2986,2538.2,3132,3339.8,3593.6,3825.8,3902.7,3686.2,4106.5,4460.4,4131.9,4806.1,4619.6,5177.9,4734.3,5401.2,5158.8,4960.8,4980.3,5224.6,5472.8,4520.8,5486.2,3646,3085.3,3968.8,4064.1,3999.6,4785.7,4554.2,4706.2,3632.7,4884.9,3963.2,3038.9,5589.9,5526.6,5097.3,3492,5800.2,4715.2,4719,5105.1,3761.1,4831.5,5897,5243.4,6486.6,5835.5,6286.2,6365.8,6659.1,5920,4032.1,6252,5629.7,
IBRD only,IBD,Cereal yield (kg per hectare),AG.YLD.CREL.KG,,1153.834852,1217.193768,1289.027111,1329.902172,1335.262457,1389.203795,1467.527885,1461.514257,1478.037914,1591.655312,1654.349938,1626.873573,1679.896659,1727.850867,1810.649899,1837.700072,1847.708994,1976.57687,1993.03783,2030.380351,2116.983112,2239.882907,2333.603472,2457.367927,2420.657148,2459.716298,2484.411539,2551.163624,2633.46895,2737.52319,2763.851537,2581.772289,2636.49205,2621.050738,2667.981861,2744.641424,2883.839448,2890.028314,2964.948105,2854.155941,3004.299779,2996.505196,3027.600136,3153.385286,3164.127113,3230.967748,3277.500243,3497.41103,3430.803466,3514.344863,3685.901865,3697.725636,3841.986114,3896.048631,3937.115503,3994.799205,4149.115411,4156.747329,4258.135153,4221.970602,4311.394202,4356.109026,4393.606764,3775.9067,
IDA & IBRD total,IBT,Cereal yield (kg per hectare),AG.YLD.CREL.KG,,1120.811882,1169.929696,1232.712969,1266.158896,1263.63633,1302.224102,1378.450222,1380.996452,1389.563476,1479.14924,1531.942322,1516.472658,1557.702474,1612.663667,1690.455621,1706.415178,1720.982106,1830.543004,1849.359042,1893.709717,1979.669504,2068.372084,2148.202741,2228.889545,2196.880016,2223.884209,2236.452485,2289.656185,2345.70072,2426.448804,2436.08734,2339.459095,2396.036424,2348.197785,2398.081255,2471.597706,2560.390204,2569.570771,2649.955739,2576.629227,2696.609746,2687.475642,2687.677362,2819.282118,2798.907717,2878.923219,2920.688481,3080.392768,3067.214189,3100.570157,3232.929107,3264.426071,3355.165289,3401.680442,3469.264939,3469.100333,3604.611903,3590.423772,3694.797178,3681.482808,3742.250674,3774.723406,3806.292587,3183.362486,
IDA total,IDA,Cereal yield (kg per hectare),AG.YLD.CREL.KG,,987.3188785,984.2274128,1011.912714,1015.672083,989.7995917,950.4823379,1033.174382,1059.913953,1059.787503,1054.978417,1051.275693,1067.142909,1072.363477,1153.31412,1197.231526,1177.295217,1205.094092,1230.516142,1247.160913,1344.378711,1416.722415,1379.515502,1400.802876,1327.672165,1374.926679,1391.38181,1352.612767,1407.824726,1390.503778,1388.421775,1377.214442,1380.377144,1455.49549,1366.481431,1442.192951,1501.240171,1433.863937,1498.341439,1596.492737,1629.038729,1655.428129,1672.566143,1668.273462,1735.747839,1731.94577,1833.823883,1855.228552,1875.069291,1977.813861,1961.388558,1934.610886,2020.444658,1983.533781,2033.534186,2107.227393,2030.617837,2079.499721,2090.790896,2166.238441,2206.62562,2200.9818,2216.405371,2244.479469,2034.541982,
IDA blend,IDB,Cereal yield (kg per hectare),AG.YLD.CREL.KG,,822.4335028,840.9145279,838.5111376,817.8570914,804.0608263,763.7236397,855.6668302,918.632331,892.4937644,962.0507132,980.568115,1041.337786,970.6171647,1173.720067,1200.705212,1133.669544,1252.353888,1221.858673,1289.821958,1337.140455,1601.90933,1551.512701,1479.92835,1355.720432,1463.622492,1491.595105,1355.481201,1483.725341,1472.690749,1424.60636,1386.365265,1434.535042,1477.155159,1421.212001,1509.399959,1551.275842,1523.865271,1623.677517,1652.782216,1683.723786,1696.328417,1701.888126,1765.860216,1843.725982,1898.180792,1924.301172,1942.077154,1974.758193,2083.476068,2029.928283,2041.261711,2058.2802,2081.391497,2193.652821,2163.488845,2179.569421,2205.484554,2215.470218,2253.107704,2344.485515,2401.6072,2374.227926,2425.806625,1580.569705,
Indonesia,IDN,Cereal yield (kg per hectare),AG.YLD.CREL.KG,,1541.7,1553.5,1501.9,1512.8,1559.8,1514.3,1549.3,1808.5,1944.1,2000.8,2081.7,2152.4,2127.2,2280.3,2307.3,2472.6,2424.5,2493,2622.4,2865.7,3022.1,3332.1,3320.3,3379.4,3513.3,3476.2,3604.7,3568.3,3778.6,3800.2,3862.1,3817.1,3916.3,3865.5,3842.8,3944.9,4011.4,3816.9,3895.7,4026.4,4044.9,4169.5,4248.1,4274.5,4311.3,4365.8,4413.9,4703,4808.7,4872.4,4891.3,5086.8,5087,5099.1,5313.8,5158.7,5138.4,5227.8,5351.2,5461.8,5695.7,5833.8,5828.8,,
IDA only,IDX,Cereal yield (kg per hectare),AG.YLD.CREL.KG,,1058.586787,1045.532581,1085.17719,1101.81634,1075.016407,1029.250502,1108.479359,1124.001352,1144.659267,1097.540052,1083.162527,1077.501696,1120.725997,1144.442407,1195.830782,1195.84469,1186.870448,1233.749775,1230.971084,1347.129226,1354.330392,1318.654104,1371.761183,1316.5264,1340.231176,1347.002923,1351.274351,1375.846528,1353.719982,1371.571319,1372.853522,1355.373808,1444.889695,1340.694167,1409.813173,1477.966623,1391.979696,1441.049264,1570.879855,1603.605871,1638.525095,1660.194175,1629.311111,1688.42591,1666.056704,1795.253569,1818.820883,1835.843335,1940.683024,1937.266591,1897.727828,2007.179168,1949.972739,1977.355555,2086.047704,1978.057708,2033.878096,2047.583676,2135.123765,2158.998897,2130.295267,2162.107569,2181.723724,2139.483148,
Isle of Man,IMN,Cereal yield (kg per hectare),AG.YLD.CREL.KG,,,,,,,,,,,,,,,,,,,,,,,,,,,,,,,,,,,,,,,,,,,,,,,,,,,,,,,,,,,,,,,,,,
India,IND,Cereal yield (kg per hectare),AG.YLD.CREL.KG,,947.3,929.7,965.8,993.6,854.4,864.2,993.7,1036.6,1053.7,1134.8,1136.1,1107.8,1152.8,1074.5,1260.8,1198.7,1331.1,1370.2,1222.3,1350,1398.8,1346.4,1564.4,1563.8,1592.2,1585.4,1583.7,1775.8,1916.4,1891.2,1913.9,2035,2060.8,2127.9,2105.6,2046.9,2231.5,2189.7,2336.8,2287,2425.7,2225.6,2386.1,2336.7,2399.8,2449.4,2581.8,2644,2563.4,2666.4,2885.2,2998.1,2969.9,2990.6,2852.4,3012.9,3127.6,3301.1,3394.1,3391,3527.9,3564,3602,3632.5,
Not classified,INX,Cereal yield (kg per hectare),AG.YLD.CREL.KG,,,,,,,,,,,,,,,,,,,,,,,,,,,,,,,,,,,,,,,,,,,,,,,,,,,,,,,,,,,,,,,,,,
Ireland,IRL,Cereal yield (kg per hectare),AG.YLD.CREL.KG,,3141.5,3330.8,3125.6,2929.2,3111.2,3270,3563.8,4002.5,3920.2,3633.8,4090.2,3846.7,3690,4140.7,4070.2,3581.5,4920.8,4558.6,4778.7,4650.5,4771.1,5279.3,5035.9,6179.4,5238.2,5363,6286.3,6411,5996.3,6577.4,6521,6741.2,5728.1,5988.3,6578.7,7322,6297.1,6236.6,6985.7,7795.7,7580.9,6567.1,7100.7,8077.9,6904.7,7465.2,7188.8,7644.9,6887.1,7456.3,8441.5,6741.2,7802.1,8471.4,9008.2,8222.8,8783.6,6839.5,8505.2,7124.8,8606.5,8701.5,7062.8,7324.7,
"Iran, Islamic Rep.",IRN,Cereal yield (kg per hectare),AG.YLD.CREL.KG,,849.9,883.6,857.4,850.2,882.1,883.6,879.8,875.1,884.2,884.7,821.9,917.9,924.8,908,1052.9,1220.4,1143.4,1200.6,1234.9,1066.9,1020.9,1196.8,1092.8,1201.3,1223.3,1357,1302.7,1287.1,1140.3,1445.3,1611.5,1706.6,1773.4,1817.4,1909.1,1849.2,1857.3,2160.8,2049.7,1835.1,1932.6,2272.9,2383.4,2417.1,2301.2,2391.8,2454.3,1720.9,1997.2,2173.5,1713.7,1745.4,1847.1,2051.5,2231,2653.3,2531,2657.3,2653.7,2618.8,2301.5,2317.6,2420.4,,
Iraq,IRQ,Cereal yield (kg per hectare),AG.YLD.CREL.KG,,905.8,951.4,787.8,747.8,808.9,780.2,830,1196.1,1142.8,1012.2,1078,1443.1,941.7,893,679.4,974.3,962.3,772.7,767.6,825.9,902.2,876.9,734.9,1015.9,985.1,821.2,891.7,1052.2,920.9,1061,799.6,755,706.1,792.5,801.2,899.7,799.9,864.8,590,363.2,692.7,1306.4,1209.8,1191.6,948.1,1329.2,1264.8,1403.5,1774.5,1697.1,1798.5,2318.9,2293.9,2116.7,2726.6,3138.9,2833.8,2682.6,2673.7,2639.3,2793.3,2978.6,2748.9,,
Iceland,ISL,Cereal yield (kg per hectare),AG.YLD.CREL.KG,,,,,,,,,,,,,,,,,,,,,,,,,,,,,,,,,,,,,,,,,,,,,,,,,,,,,,,,3186.8,3212.6,3523.8,2600,3590.9,4858,3120.8,2966.7,2430.1,,
Israel,ISR,Cereal yield (kg per hectare),AG.YLD.CREL.KG,,1108,1160.1,1056.5,2044.4,1852.8,1052.7,2060.8,1481.3,1348.4,1186.3,1791.6,2642.5,2278,2353.8,2179.7,1790.8,1911.2,1530,1249.7,2316.6,1954.7,1669.5,3261.2,1638.9,2240.5,2460,3566.7,2846.6,2776.5,3486,2644.1,3266.9,3014.9,1885.6,3133.7,2797,1969.2,2470.1,1668.4,2443.3,2454.8,2689.5,3306.5,3066.7,2951.9,2398.5,2752.1,2438.8,3174.1,3037.6,3669.3,4299.5,4177.1,4910.1,4978.9,4834.9,3196.9,2461.7,3624.2,3834.1,2147.5,1844.4,2550.9,,
Italy,ITA,Cereal yield (kg per hectare),AG.YLD.CREL.KG,,2181.5,2225.3,2115.2,2243,2399.3,2399.8,2628.8,2527.1,2676.1,2754.7,2963.1,2926.8,2983,3157,3302,3206,3198.7,3437.5,3435,3521.1,3686.7,3585,3526.6,3927.2,3739.3,3855.4,3920.1,3807,3702.7,3944.9,4366.3,4707.4,4850.9,4675.3,4667.4,4948.3,4747.6,5078.2,5047.4,4993.9,4821.4,4959.2,4307.2,5444.4,5361.4,5316.1,5174,5353,5086.9,5322.5,5677.2,5315.1,5264.6,5717.5,5402.2,5599,5174.8,5350.8,5336.2,5626.5,5562.8,4750,5059.4,,
Jamaica,JAM,Cereal yield (kg per hectare),AG.YLD.CREL.KG,,868.3,1042.2,1105.7,1227.3,1244.8,1065.8,1221.2,932.9,1236.4,1368,1282.8,1106.2,1158,1552.6,1871.1,1844.4,2156.8,1699.7,1560.1,1785.2,1655.2,1569,1907.9,2041.5,1856.8,1359,1355.8,1603.1,1295.7,1115.7,1285.1,1493.5,1572.8,1405.8,1362.3,1374.5,1159.8,1149.6,1220.5,1146.8,1209.1,1179.8,1230.3,1185.4,1255.9,1228.9,1222.2,1294.2,1315.7,1266.9,1356.4,1282.8,1200.3,1138.7,1143.1,1090.1,1162.5,1148.5,1125.8,1114.3,1118,1162.4,1140.4,,
Jordan,JOR,Cereal yield (kg per hectare),AG.YLD.CREL.KG,,550.7,381.7,353.5,1010.7,1024.6,446.3,758.8,395.9,910.4,226.5,657.3,864.2,425.2,915.4,363.7,422.9,432.6,369.1,151.3,932.7,477.8,478.6,829.2,538.1,615.2,617.7,918.6,1010.6,914.5,1220,937.7,1197.5,1370.4,1246.9,1186.4,1325.3,899.7,1038.3,1841.8,1205.8,1097.8,1145.1,1237.2,966.3,1087.7,748.6,710.4,698.4,858.9,1355.9,1555,1323.1,1446.9,1315.9,1115.3,1274.9,1309.6,1221.7,1354.3,1858.1,1532,1434.7,1733.3,1611.4,
Japan,JPN,Cereal yield (kg per hectare),AG.YLD.CREL.KG,,4173.5,4339.6,4224,4318.4,4398.2,4509.3,5136.6,5227.3,5072.2,5125.4,4917,5507.2,5748.1,5630,5933.3,5276.2,5931.6,5897,5705.6,4843.2,5206.9,5308.4,5300.5,5957.7,5847.2,5898.9,5683.5,5469.2,5673.7,5846.3,5415.6,5876.7,4429.4,6448.7,6003.2,6154.5,6061.5,5809.5,5998.9,6256.6,6107,6085.5,5451,5942.3,6154,5852.4,6062.1,6262.4,5919.5,5853.7,6010.6,6248.5,6281.5,6325.1,6316.7,6253.4,6284.5,6132.3,6295.5,6230.1,6417,6319.9,6245.1,,
Kazakhstan,KAZ,Cereal yield (kg per hectare),AG.YLD.CREL.KG,,,,,,,,,,,,,,,,,,,,,,,,,,,,,,,,,1338.4,988.5,839.3,580.7,722.5,876.1,561.1,1303.8,942.5,1216.6,1145.7,1077.5,884.3,998.2,1170.9,1326.9,1011.3,1253.1,804.1,1688.6,865.1,1164.9,1172.7,1275.6,1347.8,1355,1359.6,1147.6,1282.5,1038.3,1371.8,1028.4,1529.5,
Kenya,KEN,Cereal yield (kg per hectare),AG.YLD.CREL.KG,,1244.7,1206.7,1249.7,1199.6,1143,1139.9,1235.3,1286.7,1303,1278.2,1270.2,1286.5,1306.3,1352.2,1396.8,1582.8,1550.8,1409.5,1282.7,1241.7,1561.6,1962.7,1675.9,1343.1,1633.8,1886.2,1568.5,1745.6,1723,1561.8,1712.4,1661.1,1461.2,1918.2,1753.1,1402.6,1397.2,1590,1427.7,1375,1639.6,1488.3,1594,1805.7,1646.1,1646.4,1773.1,1417.5,1242.8,1710.1,1514.6,1744.8,1661.5,1583.4,1772.7,1383.1,1426,1709.2,1604.7,1842.6,1522.4,1477.4,1757.5,,
Kyrgyz Republic,KGZ,Cereal yield (kg per hectare),AG.YLD.CREL.KG,,,,,,,,,,,,,,,,,,,,,,,,,,,,,,,,,2782.6,2471.6,1813.2,1630.8,2158.2,2373,2493.5,2483.6,2669.3,2866.9,2665.4,2774.2,2876.5,2677.9,2550.6,2512.9,2380.2,3034.2,2610.5,2603.1,2367.1,2904,2276.3,2999,3104.2,3093.4,3162.2,3234,3260.4,2334.9,3249.4,2798.6,,
Cambodia,KHM,Cereal yield (kg per hectare),AG.YLD.CREL.KG,,1126.5,917.8,1194.7,1183.7,1063.9,1106.1,1219.9,1397.2,1280.7,1589.8,1445.5,1378.9,1285.1,1146.3,1199,1113.7,1016.9,1014.1,716.1,1179.8,1123.4,1193.3,1253.5,1281.1,1239.3,1371.7,1314.2,1355.2,1427.2,1362.1,1390.6,1315.9,1301.2,1481.1,1778.9,1800.9,1761.4,1777,1933.5,2133.6,2092.6,1922,2160.6,2024.8,2508.7,2533.1,2677.3,2804.8,2938.6,3015.7,3021.5,3177.8,3213.4,3095.7,3088.8,3266.5,3438.6,3507.8,3415.2,3441.3,3565.6,3654,3722.1,,
Kiribati,KIR,Cereal yield (kg per hectare),AG.YLD.CREL.KG,,,,,,,,,,,,,,,,,,,,,,,,,,,,,,,,,,,,,,,,,,,,,,,,,,,,,,,,,,,,,,,,,,
St. Kitts and Nevis,KNA,Cereal yield (kg per hectare),AG.YLD.CREL.KG,,,,,,,,,,,,,,,,,,,,,,,,,,,,,,,,,,,,,,,,,,,,,,,,,,,,,,,,,,,,,,,,,,
"Korea, Rep.",KOR,Cereal yield (kg per hectare),AG.YLD.CREL.KG,,3197.2,2794.1,2928,3248.8,3036.7,3537,3265.4,3190.6,3764.8,3720,3871.7,3885,4056.9,4077.1,4407.1,4859.6,5239.7,5667.6,5727.9,4055.9,5173.4,5416.6,5529.1,5715.7,5798.5,5876.2,5585,6142,6086,5853,5639,5937.6,5322.1,5872.1,5765.3,6403.1,6602.9,6030.7,6314.1,6379.5,6465.6,6017.1,5786.9,6427,6302.3,6299.9,6035.3,6630,6745.3,6202.2,6292.7,6135.8,6479.2,6618,6814.9,6792.7,6678.5,6607.2,6538.1,6211.6,6826.1,6612.2,6615.2,,
Kuwait,KWT,Cereal yield (kg per hectare),AG.YLD.CREL.KG,,,,,,,,,1500,1666.7,2000,2000,2000,2666.7,2250,2000,2133.3,2076.9,2977.3,3125,3188.4,3059.3,3060.6,3046.9,3019.5,5260.6,5672.1,5552.8,5274.7,3577.4,3652.7,2930.3,5939.1,4602.3,9148.1,6738.8,6496.2,6118.4,4922.3,4470,5611.2,5844,7329.6,10253.4,6188.9,6423.2,8717.7,10498.9,9235.8,7977.4,10805.8,14171.5,13782.5,17975.1,21865.5,6542.5,5220.5,5656.2,10483.2,17625.4,15627.2,14702.4,14492.4,14956.8,,
Latin America & Caribbean (excluding high income),LAC,Cereal yield (kg per hectare),AG.YLD.CREL.KG,,1276.992198,1342.188476,1312.116018,1387.6714,1363.05905,1362.647521,1427.610971,1342.747105,1414.295017,1531.904978,1490.951012,1439.763419,1617.447694,1662.638035,1632.127384,1643.057243,1692.837482,1715.11632,1720.566036,1793.182488,1996.263782,1985.772445,1980.821932,2088.355468,2130.62722,2016.204007,2078.508247,2065.359958,2073.017532,2060.231774,2142.830081,2403.918083,2466.38789,2409.758706,2510.180028,2496.209685,2679.50953,2771.976429,2795.923487,2817.386437,2973.191948,2886.004557,3222.825221,3147.88137,3158.316372,3218.968754,3530.810614,3577.415135,3382.764151,3866.326168,3741.052327,3927.5146,4127.806196,4115.331993,4363.919704,4152.266685,4639.392662,4314.615397,4774.159936,4686.37435,4465.186171,4467.316003,4541.736327,4812.468961,
Lao PDR,LAO,Cereal yield (kg per hectare),AG.YLD.CREL.KG,,884.1,877.1,877,812.5,819.5,820.8,855.2,1188.1,1357.6,1365.7,1229.9,1240.6,1338.7,1327.9,1343.8,1248.6,1242.3,1241.7,1252.4,1422.3,1530.2,1466.8,1563.9,1982,2069.2,2221.2,2192.9,1873.7,2311.1,2268,2186.6,2611,2242.8,2555.2,2492.7,2523.3,2719.1,2687.6,2899.8,3017.7,3094.4,3244.5,3116.7,3261.4,3577.2,3634.4,3837.3,4015.5,4170.1,3831.5,4043.3,4081.7,4195.6,4507.8,4608.2,4626.7,4497.7,4504.2,4317.6,3993,3993.8,4040.8,4101.5,4196.4,
Lebanon,LBN,Cereal yield (kg per hectare),AG.YLD.CREL.KG,,1067.5,1163.1,1161.9,956,829.8,1067.2,1072.4,746.6,801,932.8,871.5,1222.1,1073.6,1416.5,1253,967,1123.1,1023.5,913.5,1168.9,1261.5,1252.9,1128.4,1192.5,1338.9,1501.5,1824.6,1838.9,1960.8,1878.3,2024.9,2099.9,2154.6,2067.9,2568.9,2449.7,1639.1,1943.3,1738.3,2414.9,2911.7,2467.5,2372,2727.6,2703.1,2684.8,2189.7,2687.7,2618.9,2624.9,2763.2,2889.3,2981.4,3386,3268.6,3155.5,2898.5,2970.1,2940.6,3100,2177.9,2414.5,2415.3,,
Liberia,LBR,Cereal yield (kg per hectare),AG.YLD.CREL.KG,,575,571.4,523,509.8,525.3,1060.2,1059.7,1085.7,1108.8,1233.8,1234.6,1235.3,1236.3,1233.8,1199,1225,1242.7,1257.7,1238.8,1233.5,1281,1352.4,1230.3,1286.7,1252.5,1235.5,1262.3,1276.6,1166.1,1028.6,909.1,916.7,1083.3,1111.1,1124,1249.3,1245.6,1293.4,1277.2,1278,1115.4,916.7,833.3,916.7,1290,1261.5,1448.8,1553.4,1183.5,1178.6,1173.1,1285.3,1250.1,1172,1129.1,1073.2,1059.5,1083.6,1128.2,1148.1,1051.9,1120.6,1067.5,,
Libya,LBY,Cereal yield (kg per hectare),AG.YLD.CREL.KG,,214.7,221,255.3,235,341.9,319.9,292.4,242.3,326,219.6,229.8,581.1,627.1,398,472.4,463,286.8,435.4,351.7,386.9,550.2,769.6,756.9,579.9,595,672.1,620.8,659.9,665.7,674.5,701,702.1,696.5,676.2,679.1,678,836.9,705.7,652.1,637.7,619.4,632.3,620,620,622.8,622.6,623,621.7,634.1,669.9,664.5,681.4,663.8,666.8,665.3,669.9,676,680.5,679.7,672.4,673.4,671.9,672.2,659.7,
St. Lucia,LCA,Cereal yield (kg per hectare),AG.YLD.CREL.KG,,1250,1250,1250,1500,1250,1500,1500,961.5,892.9,840,714.3,750,632.7,700,700,700,700,700,700,,,,,,,,,,,,,,,,,,,,,,,,,,,,,,,,,,,,,,,,,,,,,,
Latin America & Caribbean,LCN,Cereal yield (kg per hectare),AG.YLD.CREL.KG,,1271.929215,1334.179341,1308.559826,1387.825506,1361.999006,1366.019521,1429.096239,1347.176977,1412.763124,1533.127238,1494.774261,1445.289301,1611.352559,1662.05103,1627.230314,1632.070087,1695.087276,1713.53771,1729.044311,1800.225393,1997.183102,1988.824497,1984.850801,2097.183378,2140.780144,2036.93864,2098.616471,2094.074523,2111.223671,2091.414491,2176.859826,2433.997881,2491.508514,2443.144226,2546.410162,2532.486763,2713.738341,2813.596687,2826.654402,2848.681708,3003.301895,2926.044385,3255.562008,3194.774702,3209.028867,3268.666232,3560.87302,3610.887085,3418.169477,3897.786444,3785.18555,3952.643191,4148.80292,4140.676794,4384.994985,4188.434135,4660.848719,4336.693367,4797.963647,4699.275101,4492.284397,4492.047747,4556.887781,4828.082576,
Least developed countries: UN classification,LDC,Cereal yield (kg per hectare),AG.YLD.CREL.KG,,1072.018127,1036.087125,1086.789627,1105.62645,1074.360552,1023.952314,1103.466744,1120.751186,1140.176724,1117.099022,1087.112426,1057.49983,1146.677461,1133.646149,1207.615036,1197.921503,1197.550941,1230.495508,1236.354395,1325.133828,1329.928658,1318.312483,1366.374233,1322.03061,1327.264948,1318.220345,1344.194958,1329.510337,1388.887968,1380.061376,1366.510547,1324.807898,1394.038665,1292.725482,1360.959869,1431.358684,1357.747609,1397.068275,1557.460633,1585.684223,1600.853522,1608.928722,1574.272942,1640.466979,1619.426215,1742.60622,1779.9532,1825.882969,1892.09701,1903.842547,1855.695612,1982.181984,1906.611903,1955.460593,2033.898804,1935.460222,1994.857103,2011.318147,2058.138305,2090.438786,2092.506078,2127.058867,2120.470834,2147.237158,
Low income,LIC,Cereal yield (kg per hectare),AG.YLD.CREL.KG,,863.7006756,899.6257387,888.3253054,918.6714206,887.7250323,882.8595348,939.3558141,915.0233215,965.0769167,892.9566708,910.9948541,939.4282559,906.5755707,975.4513022,983.9873861,1031.559317,969.8756141,1014.143575,1015.332366,1088.84596,1087.1698,956.3415409,993.0343331,900.39083,946.5741397,989.7839508,966.5947949,1050.174253,897.5307275,921.7676884,1043.972055,974.8090449,1081.291957,924.2301498,908.4912747,962.7567738,883.0747521,991.3032288,957.1810343,892.4143316,986.9842702,1009.001034,1033.17087,1028.191089,1022.400149,1143.94202,1133.155592,1070.209182,1231.280123,1204.867881,1173.54791,1357.533905,1269.901659,1295.986181,1372.636069,1277.740685,1333.818487,1310.954388,1430.951402,1433.694731,1365.390283,1419.937216,1396.082509,1344.75051,
Liechtenstein,LIE,Cereal yield (kg per hectare),AG.YLD.CREL.KG,,,,,,,,,,,,,,,,,,,,,,,,,,,,,,,,,,,,,,,,,,,,,,,,,,,,,,,,,,,,,,,,,,
Sri Lanka,LKA,Cereal yield (kg per hectare),AG.YLD.CREL.KG,,1765.4,1869.1,1848.4,1917,1681.6,1732.9,2038.5,2283.1,2426.8,2154.7,1939.2,1966.8,1843.5,1885.8,1752.8,1812.1,2022.8,2144.1,2337.7,2501.1,2547.9,2755.3,3065.6,2632.8,2960.6,2990.5,2997.4,2917.1,2880.8,2965,2925.8,2957.7,3024.2,2902,3052.6,3008.5,3143.2,3400.1,3192,3338.2,3424.9,3405.1,3282.6,3563.7,3467.2,3579.8,3727.9,3616.7,3790.6,3974.3,3520.8,3582.9,3833.5,3799.6,3943.3,3845.2,3046,3761.5,4723.6,4733.4,4541.1,3033.2,3804.3,,
Lower middle income,LMC,Cereal yield (kg per hectare),AG.YLD.CREL.KG,,1000.105528,1007.11792,1042.727098,1053.640517,963.3982779,939.0513845,1054.203431,1116.632648,1107.013361,1170.506948,1176.190335,1164.065373,1187.129278,1180.487806,1319.429918,1267.917927,1357.123076,1399.389163,1311.243225,1430.460746,1489.617443,1483.730154,1604.640054,1586.887244,1632.964442,1637.032717,1602.038234,1761.257505,1858.363044,1839.733792,1853.122452,1910.656936,1935.422548,1983.306348,1985.418206,2001.288326,2066.604151,2070.14109,2209.214739,2202.696941,2317.457828,2214.424878,2306.279298,2303.585801,2356.668535,2423.399448,2483.167877,2573.431877,2578.133308,2615.059195,2730.052354,2780.788765,2787.135461,2822.402662,2766.274492,2828.301157,2890.055347,3001.1973,3060.341111,3070.871032,3185.652229,3182.842707,3248.451684,3366.112318,
Low & middle income,LMY,Cereal yield (kg per hectare),AG.YLD.CREL.KG,,1097.020789,1155.243604,1217.107119,1250.931083,1236.367734,1270.728822,1349.713599,1353.491246,1361.744868,1460.491503,1497.992131,1470.989658,1519.62105,1575.959389,1661.204623,1664.005271,1686.83464,1795.972269,1822.244829,1865.377267,1957.037307,2030.64303,2123.024203,2193.365295,2171.54589,2190.286138,2208.177285,2260.72868,2311.584902,2397.94027,2410.933713,2417.700711,2489.70776,2438.2761,2486.914384,2560.273034,2609.168271,2648.64618,2725.691905,2668.329052,2748.715735,2738.070073,2753.675945,2859.629309,2854.844099,2954.257364,2997.611149,3126.431251,3119.369593,3159.270921,3287.590305,3362.614894,3418.450328,3447.29171,3541.393939,3511.594668,3620.330961,3631.923046,3742.914377,3723.46223,3782.312933,3777.26919,3828.125628,3175.86898,
Lesotho,LSO,Cereal yield (kg per hectare),AG.YLD.CREL.KG,,836.2,814.7,813.3,809.6,756.2,799.3,747,680.2,680.4,605.5,622.8,375.1,588,909.5,703.1,640.1,1507.7,1402.2,1139.5,959.8,830.9,664.4,679.8,648.9,720.6,679.4,601.8,831,919.4,1036.9,460.3,612.1,972.6,818.2,776.4,1183.6,1015.8,1353.3,943.3,718.8,995.5,736.3,609.1,595.4,686.8,490.8,414.4,374.5,402.2,909.1,664.3,655.6,769,683.2,661.5,471.4,990.2,715.9,705,436.7,972.5,728.9,804.1,,
Late-demographic dividend,LTE,Cereal yield (kg per hectare),AG.YLD.CREL.KG,,1300.703651,1405.366688,1519.641046,1589.996484,1700.298739,1771.042956,1824.392431,1839.640717,1813.036383,1967.923633,2036.450966,2000.964126,2116.5809,2206.664432,2227.77705,2292.956595,2215.366052,2418.082197,2545.38001,2541.515801,2624.61086,2877.514058,3054.277786,3230.551829,3150.092157,3186.900132,3215.021078,3240.666244,3324.694073,3496.860285,3503.985243,2861.044225,2905.570373,2884.846822,2998.689985,3164.674237,3258.894183,3343.936561,3414.751606,3179.674887,3391.47032,3400.325468,3407.058721,3581.788551,3551.800731,3659.393366,3688.880808,3901.785457,3858.364379,3970.305555,4131.061172,4103.890099,4287.668001,4361.53483,4438.729878,4438.174732,4634.258864,4577.560633,4683.967965,4668.57711,4641.988779,4791.78604,4836.70362,3662.269661,
Lithuania,LTU,Cereal yield (kg per hectare),AG.YLD.CREL.KG,,,,,,,,,,,,,,,,,,,,,,,,,,,,,,,,,1933.2,2102,1753.4,1852.8,2417.2,2529.4,2448.4,2020.8,2707.5,2505,2765.9,3037,3254.9,2940.2,1929.4,3007.1,3348.2,3449.6,2763.5,3029.9,4015.3,3687.8,3975.2,4564.6,3859.8,4230.2,3094.1,3801.6,4734.2,3937.2,4210.2,4187.3,,
Luxembourg,LUX,Cereal yield (kg per hectare),AG.YLD.CREL.KG,,,,,,,,,,,,,,,,,,,,,,,,,,,,,,,,,,,,,,,,,5328.8,5142.3,5748,5678,6396.6,5634.8,5596.8,5202.9,6106.4,6202.1,5593.3,5193.2,5522.7,5967.4,5935.5,6027.1,4999.6,5339.5,5993.5,5972.6,5736.8,5593.3,6154.3,5539.5,,
Latvia,LVA,Cereal yield (kg per hectare),AG.YLD.CREL.KG,,,,,,,,,,,,,,,,,,,,,,,,,,,,,,,,,1641.2,1774.4,1842.7,1687,2153.3,2144.2,2057.7,1885,2199,2091.5,2478.3,2176,2426.2,2802.9,2264,2941.6,3104.4,3075.3,2775.5,2738,3767.5,3373.8,3486.5,4513.1,3828.4,4250.2,3026.3,4310.1,4662.8,3900.2,4186,3557.5,,
"Macao SAR, China",MAC,Cereal yield (kg per hectare),AG.YLD.CREL.KG,,,,,,,,,,,,,,,,,,,,,,,,,,,,,,,,,,,,,,,,,,,,,,,,,,,,,,,,,,,,,,,,,,
St. Martin (French part),MAF,Cereal yield (kg per hectare),AG.YLD.CREL.KG,,,,,,,,,,,,,,,,,,,,,,,,,,,,,,,,,,,,,,,,,,,,,,,,,,,,,,,,,,,,,,,,,,
Morocco,MAR,Cereal yield (kg per hectare),AG.YLD.CREL.KG,,407.6,1068.9,891.3,864.1,881.3,468.5,728.1,1348.1,880.9,942,1142.6,1120.8,686.4,1051.9,887.8,1187.3,581.9,999.3,928,1019.5,485.2,1146.8,760,837.5,1108.5,1509.7,853.7,1495.4,1342.9,1120,1575.9,587.7,560.4,1584.9,446.5,1687.2,833.9,1122.7,743.5,366.8,894.6,1068.7,1432.9,1512.1,783.9,1652.1,516.4,1002.9,1919.4,1547.5,1614.4,1016.6,1828.3,1454.3,2140.7,936,1757.4,2263.2,1453.6,747.4,2328.7,943.3,1482.1,1240.1,
Monaco,MCO,Cereal yield (kg per hectare),AG.YLD.CREL.KG,,,,,,,,,,,,,,,,,,,,,,,,,,,,,,,,,,,,,,,,,,,,,,,,,,,,,,,,,,,,,,,,,,
Moldova,MDA,Cereal yield (kg per hectare),AG.YLD.CREL.KG,,,,,,,,,,,,,,,,,,,,,,,,,,,,,,,,,2928.2,3832.4,2181.6,2989.5,2288.5,3432.6,2748.9,2443.9,2032.8,2487.1,2502.8,2353.5,2832,2793.4,2550.2,2110.9,3221.6,2372.7,2734,2865.9,1357.1,2851.8,3162.3,2370.9,3197.3,3651.9,3683.2,3859,1893.6,5157.7,2127.9,3434,,
Madagascar,MDG,Cereal yield (kg per hectare),AG.YLD.CREL.KG,,1784.8,1761.6,1758.2,1806.4,1744.9,1585.5,1652.7,1686.2,1770.3,1857.8,1792.4,1797.6,1741.8,1809.5,1759,1847.4,1695.8,1621.2,1687.5,1681.8,1621.7,1593.7,1729.7,1742.6,1749.3,1782.2,1884.6,1823.3,1955.7,1945.3,1927.5,1934.2,1924.4,1926.3,1968,2007.9,2000.8,1875.4,1962.3,1890.9,2020.7,1967.4,2201.7,2353.2,2514.5,2565.3,2620.1,2811.3,3183.4,3271.6,3238,3289.2,3203.2,3010.1,3057.8,2852.1,2750.2,2645.1,2389,2467.7,2776.5,2975.8,2425.6,,
Maldives,MDV,Cereal yield (kg per hectare),AG.YLD.CREL.KG,,888.3,875,897.3,912.5,923.9,916.1,905.8,852.9,783,892.2,760.9,781.3,952.8,986.8,889.9,829.5,798.1,823.5,800,850,766.9,740.3,714.3,1000,1000,1000,1250,1000,1375,1000,1000,1000,1000,999.9,1000,1000,1217,1226.8,1350.5,1476.6,1622.4,1671.4,1502.4,1970.1,1764.7,1928.6,1958.8,2078.8,2141.7,2247.1,2372.2,2494.2,2527.8,2309,2280.1,2467.8,2391.6,2469,2431.4,2407.5,2442.8,2430,2432.4,2441.6,
"Middle East, North Africa, Afghanistan & Pakistan",MEA,Cereal yield (kg per hectare),AG.YLD.CREL.KG,,854.5826345,1042.403459,993.313245,974.6142211,1001.573523,910.1604937,1001.802708,1164.756529,1127.230429,1080.242602,1114.786711,1219.000134,1099.776379,1177.754907,1221.630712,1304.510694,1173.938475,1260.367023,1266.962086,1347.561202,1299.108354,1380.938544,1315.735828,1319.087751,1414.097228,1579.323924,1449.884275,1640.176517,1489.831241,1600.438161,1741.880314,1684.877182,1742.277783,1879.37639,1858.13207,1974.86575,1907.285583,1999.880019,1980.542706,1943.151224,2033.132177,2269.853381,2306.63997,2310.927477,2282.082366,2442.39709,2367.985775,2284.739567,2543.119779,2356.791729,2456.231754,2423.980059,2585.622059,2550.021537,2732.103281,2682.881101,2731.674653,2796.598426,2834.626764,2778.157064,2926.023663,2800.037799,3019.240418,1678.216373,
Mexico,MEX,Cereal yield (kg per hectare),AG.YLD.CREL.KG,,1104.9,1124.5,1130.1,1302,1335.6,1290,1371.4,1430.4,1492.7,1540.8,1530,1513.6,1501.6,1613.8,1745,1729.8,1779.4,1918.5,2009,2191.1,2292.5,2415.5,2183.7,2340.5,2431.1,2332.4,2321.8,2180.5,2198.2,2424.4,2426.9,2708.2,2639.4,2518.3,2519.6,2552.9,2678.7,2639.3,2708.1,2760.9,2855.2,2913.1,2964,3078.6,3130.8,3213.3,3353,3452.3,3433.7,3501.2,3240.5,3453.4,3386.9,3581.9,3470.1,3748.8,3799.7,3826.3,3992.4,3806.5,3878.9,3950.2,4262.2,,
Marshall Islands,MHL,Cereal yield (kg per hectare),AG.YLD.CREL.KG,,,,,,,,,,,,,,,,,,,,,,,,,,,,,,,,,,,,,,,,,,,,,,,,,,,,,,,,,,,,,,,,,,
Middle income,MIC,Cereal yield (kg per hectare),AG.YLD.CREL.KG,,1117.27166,1177.941972,1246.234475,1279.164999,1266.183391,1303.024551,1385.317825,1388.957566,1395.411071,1509.629757,1548.384177,1517.860399,1571.020298,1628.353857,1719.739218,1719.892057,1750.909348,1864.604655,1891.704603,1933.24443,2035.372116,2130.175989,2228.017987,2308.07958,2290.966178,2306.281697,2322.92643,2389.526858,2456.774635,2547.847237,2555.958547,2564.629064,2626.997074,2608.721532,2659.810835,2734.901858,2804.904439,2839.578641,2922.429732,2859.11705,2958.810338,2942.25124,2978.069625,3068.633368,3110.137808,3188.579013,3240.777696,3404.798321,3372.810782,3441.668094,3590.702721,3638.766691,3732.779386,3768.359134,3832.183954,3851.516831,3950.980351,3997.638675,4097.771641,4071.102651,4141.806213,4139.862754,4199.016291,3612.751174,
North Macedonia,MKD,Cereal yield (kg per hectare),AG.YLD.CREL.KG,,,,,,,,,,,,,,,,,,,,,,,,,,,,,,,,,2651.5,2011.5,2695.7,3006.8,2454.7,2748.1,3079.5,2940.6,2565,2287.8,2901.3,2422.3,3596.7,3205,3243.5,2625.2,3536.9,3385.9,3329.6,3502.1,2839.3,3381.3,3900,3051.1,3859.2,2807.5,3714.6,3554,3664.2,3537.8,3472.1,3408,3565.4,
Mali,MLI,Cereal yield (kg per hectare),AG.YLD.CREL.KG,,707.5,729.4,644.8,748.6,811.9,787.3,748.2,766.8,872.9,829.6,831.4,687.9,673.4,796.2,880.6,679.1,615.7,1077.5,847.8,726.1,837.9,785,840.4,696.6,1084,1089.8,1033.4,962,939.7,726.4,1055.3,738,762.8,817.8,810.1,1100.6,1063.9,1204.2,1174.1,1006.5,986.3,788.6,981.4,1206.5,1089.5,1124.8,1101.2,1397.7,1800.4,1452.8,1046.8,1506.8,1512.4,1550.7,1575.5,1607.5,1601.9,1728.9,1767.7,1686,1441.2,1671,1587.6,,
Malta,MLT,Cereal yield (kg per hectare),AG.YLD.CREL.KG,,1360.4,1373.3,1566.5,1462.1,1694.2,1438.5,1490.5,1230.2,1345.5,1374.8,1755.9,1983.8,2018.4,1758.7,2009.2,2470.9,3139.7,2795.3,2809.5,3196.2,3751.8,4125.3,3940.7,3563.6,3625.9,3656.8,3574.1,3303.6,3629.6,3743.1,3136.4,3026,2703.7,2607.1,2508.5,3500,3904.8,3790.7,3869.7,4007.5,4000,4781.3,4013.6,4083.2,4129,4032.3,4238.8,4714.3,4789.2,4691.1,4670.9,4639.7,4668.6,4740.4,4824.3,4820.4,4879.9,,,,,,,,
Myanmar,MMR,Cereal yield (kg per hectare),AG.YLD.CREL.KG,,1535,1560.2,1521.2,1623.1,1575.6,1380.2,1545.7,1588.4,1616.1,1611.2,1635.1,1543.3,1680.1,1671,1742.2,1799.4,1845.3,1992.8,2197.4,2600.2,2766.5,2989.1,2874.7,2890.3,2896.7,2863.7,2885.9,2754.6,2747.6,2762.5,2699.5,2748.4,2882.8,2990.3,2820.2,2898.1,2813,2842.2,2963.2,3100.4,3157.6,3160.6,3286,3383.5,3493.7,3610,3723.5,3824.8,3839,3855.2,3643.4,3610.5,3646.1,3690.2,3710.9,3659.7,3671.5,3761.3,3714.1,3712.4,3740.7,3795.4,3795.9,3779.1,
"Middle East, North Africa, Afghanistan & Pakistan (excluding high income)",MNA,Cereal yield (kg per hectare),AG.YLD.CREL.KG,,849.2935108,1039.597202,989.7707697,966.2199844,994.5620881,905.5150887,994.2355744,1163.725367,1124.551197,1078.06811,1116.689637,1215.560497,1098.416744,1177.914864,1221.458018,1309.69127,1175.538523,1264.866059,1272.307947,1353.005119,1298.314823,1376.546008,1297.597197,1295.446488,1380.252212,1540.646796,1397.187577,1580.373027,1426.782881,1536.801305,1678.394313,1617.552889,1670.01271,1812.318272,1821.829712,1954.532963,1879.562618,1976.809131,1952.892066,1916.404198,1999.617486,2236.643406,2273.116117,2272.347742,2245.955971,2407.033742,2331.012908,2249.091796,2523.326896,2333.80866,2434.443394,2405.797464,2571.073768,2526.47772,2707.238604,2660.070369,2710.98246,2777.525595,2817.342238,2759.855818,2916.259924,2784.970619,3002.372196,1678.216373,
Montenegro,MNE,Cereal yield (kg per hectare),AG.YLD.CREL.KG,,,,,,,,,,,,,,,,,,,,,,,,,,,,,,,,,,,,,,,,,,,,,,,2971.2,1992.4,3239.7,3347.9,3321.4,3305.7,2638.8,3770.5,3451.5,3146.5,3261.7,3288,3311.8,3166.8,3260,3193.4,3216.6,3314.8,,
Mongolia,MNG,Cereal yield (kg per hectare),AG.YLD.CREL.KG,,400,861.6,817.8,898.3,772.8,662.5,816.2,525.7,317.9,681.2,899,497.2,1085.3,752.8,1113.8,841.8,855.3,626.9,566.2,517,635.1,1042.6,1387.5,966.3,1395.6,1380.6,1106.6,1269.1,1248.3,1098.2,970.3,833.4,858.4,732,735,660.5,756.7,634.1,606.2,770.1,708.4,585.4,785.3,787.5,474.3,1098,942.5,1382.8,1551.8,1370.3,1487.2,1565.3,1319.8,1668,574.7,1279.6,843.7,1379.6,1271.9,1218.6,1420,1113.2,1295.5,,
Northern Mariana Islands,MNP,Cereal yield (kg per hectare),AG.YLD.CREL.KG,,,,,,,,,,,,,,,,,,,,,,,,,,,,,,,,,,,,,,,,,,,,,,,,,,,,,,,,,,,,,,,,,,
Mozambique,MOZ,Cereal yield (kg per hectare),AG.YLD.CREL.KG,,877.4,858.2,911.1,926.5,935.7,923.5,960.7,948.7,887.2,1000,941.1,979.3,873.8,777.7,571.7,795.8,772.8,710.4,622.8,595.7,591.7,498.4,489,510,531.3,544,398.2,393.3,395.7,476.7,344.2,177.6,564.7,520.3,652.4,821.8,821.4,839,985.4,868.1,880.1,615.7,775.2,725.9,444.7,718.6,609.3,555,837.6,979.4,990.9,1167.4,606,745.3,734,662.6,678.7,798.9,799.4,685.2,997.3,1162.8,737.7,776.4,
Mauritania,MRT,Cereal yield (kg per hectare),AG.YLD.CREL.KG,,369.8,378.8,374.5,376.1,340.5,369.3,374.9,387.3,399.1,343,206.8,209.9,217,330.2,435.7,558.8,414.3,328.2,308.1,422.3,420.4,451.1,464.3,501.3,638.7,699.1,1010.8,863.2,949.8,869.8,673.7,862.1,849,667.8,772.3,849.6,782.1,894.5,864.2,864.4,639.1,1011.8,797.7,637.5,841.2,661.3,705.8,765.8,713.3,955.2,1374.5,1034.4,1197,1678.8,1263.4,1232.4,1910.5,1506.4,1391.4,1322,2035.6,1499.4,1817,1537.4,
Mauritius,MUS,Cereal yield (kg per hectare),AG.YLD.CREL.KG,,1512.6,1780.7,1289.5,1000,1644.4,2524.9,1723.9,2409.8,2858.7,2775.6,3592.8,3155.9,3200.5,2757.3,2212,2784,2773.4,2501.9,2545.3,2454.5,2609.1,2541.3,3038.5,4441.7,4740.6,4407.5,3543.6,3845.5,3738.4,4190.8,3723.8,4434.6,4243,3728.8,3853.3,4866.7,5043.5,5180,4902.4,8900,7203.7,7763.2,6555.6,6473.7,7539.7,7793.1,9453.7,7541,8000,6833.3,3901.8,3389.6,3219.1,3765.1,2695.9,3455,5234.8,5272.7,6880,8942.5,8640.6,9247.2,11643.4,,
Malawi,MWI,Cereal yield (kg per hectare),AG.YLD.CREL.KG,,984.5,1027,876.7,1076.8,856.5,905.2,1381.3,995.3,967.3,888.4,1133.4,1149.8,1104,1133.1,1014.9,1110.2,1298.8,1246.8,1175,1187.4,1121.9,1169.1,1146.2,1180.6,1169,1076.1,1001.8,1156.4,1179.4,991.5,1141,481.6,1488.8,896.4,1309.2,1390.6,1054.4,1322.1,1745.4,1675.5,1175.5,1045.7,1209,1020.6,777.8,1444.7,2467,1598.7,2124.3,1906.9,2094.3,2087.1,2068.8,2218.1,1590.6,1347.4,1903.1,1531.2,1874,2004.4,2319.1,1944.2,1856.9,,
Malaysia,MYS,Cereal yield (kg per hectare),AG.YLD.CREL.KG,,2097,2058.1,2143.8,1986.5,2144.2,2129,2015.5,2164.2,2318.1,2383,2468.6,2396.1,2632.2,2826.6,2641.2,2697,2611.7,2542.8,2822.8,2835.9,2824.4,2742.9,2579.9,2497.9,2642.4,2619.4,2450.9,2505.6,2601.9,2740.3,2817.8,2991.8,3034.8,3061.4,3161.9,3251,3067.6,2882.9,2941.5,3064,3110.1,3238.5,3359.6,3326,3422.1,3390.7,3527.7,3583.6,3720.5,3636.1,3746.8,3797.2,3876.3,4629.2,4022.3,3977.5,3749.6,3770.4,3500.9,3653.8,3768.1,3576.5,3523.7,,
North America,NAC,Cereal yield (kg per hectare),AG.YLD.CREL.KG,,2203.302955,2430.221366,2580.221138,2378.669192,2731.875819,2763.273927,2781.513383,2858.920498,3108.653908,2960.731187,3376.036962,3458.566693,3293.162356,2733.791305,3178.522,3266.639662,3392.435198,3712.938343,3934.251216,3425.21179,3840.148685,3955.521815,3178.869071,3842.107737,4180.032368,4170.484552,4111.606534,3186.762877,3888.920792,4231.813491,4023.06678,4678.511101,3895.818088,4910.069813,4189.306649,4614.236288,4653.065519,5012.691413,5125.631322,5130.861611,5053.243431,4846.748952,5254.024262,6029.282188,5745.134414,5623.094403,5932.766051,5914.836142,6416.074095,6329.827682,6174.01874,5422.422578,6635.496914,6854.176947,6676.54214,7773.803116,7419.097435,7260.438691,7103.770271,7209.367069,7127.662834,7111.759092,7291.567169,8413.5,
Namibia,NAM,Cereal yield (kg per hectare),AG.YLD.CREL.KG,,415.8,419.3,420.7,398.2,383.6,366.8,353.4,358.4,352.7,354.1,343.5,346.7,347.4,350.9,355.1,354.3,361.6,366.1,371,376.8,383.3,385.1,399,414.3,321.7,401.6,355.4,395.1,441.6,457.1,547,159,356.1,334.5,220.1,274,446.6,379,214.4,391.2,440.9,270.8,301.5,418.3,465.6,620.5,481.3,495.5,364.8,405,427.5,431.1,458.7,226.1,370.7,261.5,426.3,502.5,943,549.3,471.2,487.8,451.2,,
New Caledonia,NCL,Cereal yield (kg per hectare),AG.YLD.CREL.KG,,1314.3,1452.6,1533.3,1976.5,1725,1973.3,1521.1,1660.4,1842.4,2348.6,2315.8,2354.2,2493.5,2611.9,2752.6,2197,2548.8,2354.8,1949.9,1930,2523.1,2438,2021.5,1117.8,2548.5,2069.1,1333.3,2038.8,1237.5,1865.1,2331.1,3003.7,2869.2,2259.1,3181.3,3754.5,3704.1,3718.9,3877.5,3995.8,3941.2,3870.1,4029.1,4012.8,3885.1,3956,4129.3,3820.9,3805.7,3923.5,3462.7,4610.9,4018.8,4800.1,4540,5713.9,6853.6,7574.8,7796,8444.4,8255.7,9968,9789.8,,
Niger,NER,Cereal yield (kg per hectare),AG.YLD.CREL.KG,,505.2,547.8,560.1,599.3,467.5,496.2,571.3,394,493.7,390.2,424.8,417.6,323.9,406,346.4,423.4,431.3,431.5,447,457.4,415.6,400.3,401.9,257.1,425,418.9,326.5,475.2,352.7,310.3,333.2,309.2,326.2,267.9,312.3,291,287.7,389.5,380.1,289.2,394.4,422.9,429.5,341.5,436.6,449.6,424.8,496.5,386,494.8,362.8,520.3,407.7,446.8,551.3,536.5,541.9,554.8,501.5,551.8,360.5,559.8,488.8,577.4,
Nigeria,NGA,Cereal yield (kg per hectare),AG.YLD.CREL.KG,,743,782.8,763.7,717.8,687.1,607.8,693.5,671.1,611,722.9,709.6,654.9,659.2,996.1,967.1,725.2,932.6,916.1,1053.3,1087,1655.5,1632.9,1526,1266.3,1247.9,1156.7,1203,1305.5,1252.9,1147.9,1094.1,1164,1153.1,1132.3,1210.5,1220.4,1182.8,1201.8,1239.3,1171.5,1233.6,1255.2,1308.8,1372.8,1421.7,1507.5,1399.8,1598.4,1531.1,1528,1334.4,1399,1297.3,1555.4,1527.1,1596.9,1506.1,1549.3,1629.7,1619.9,1621.9,1659.5,1548.6,1558,
Nicaragua,NIC,Cereal yield (kg per hectare),AG.YLD.CREL.KG,,939.7,937.7,1031.7,1035.7,1003.7,1050.3,1054.7,1091.7,1063.5,1109.8,1082.7,891.3,1152.9,965.5,1153.7,1030.2,1072,1314.8,1380.4,1572.3,1471.3,1566.2,1712.6,1622.7,1658,1905.7,1665.4,1763.8,1549.1,1524.5,1417.1,1688.1,1787.1,1725.2,1681.3,1689.3,1686.4,1706.5,1634,1687.7,1692.9,1731.9,1860.2,1798.1,1778.7,1902.3,1822.5,1811,2076.7,2086.1,1994.8,1944.2,1763.2,1914.3,1940.4,1933.7,2104.1,2281.8,2248.8,2223.7,2403.1,2358.9,2515.3,,
Netherlands,NLD,Cereal yield (kg per hectare),AG.YLD.CREL.KG,,3691.4,4277.4,3986.9,4395.8,3673.4,3513.6,4206.5,3939,3981.2,3768.4,4320.5,3982.5,4640.1,5042.4,4472.6,4779.9,4768.5,5797.9,5402.7,5689.2,5975.9,6740.9,6351.6,7188.9,6174.1,7419.9,6268,6194,6750.6,6990.1,7063.4,7459.2,7998.4,7164.5,7769.2,8292.9,7176.1,7307,7469.8,7905.5,7280.5,7313.9,7956.8,8066.3,7879.7,7854.2,7289.7,8332.3,9032.9,8569.3,7800.8,8545,8630.1,9073.7,8752.8,7776.9,8794.5,7927.3,8676.6,7944.3,7850.7,8860,8079.5,6805.7,
Norway,NOR,Cereal yield (kg per hectare),AG.YLD.CREL.KG,,2791.8,2071.3,2578.1,2595.4,2553.6,2169.2,2729.1,3524.9,2625,3206.9,3226.3,2981.7,3260.2,3777.8,2556.6,2840.7,3566.5,3677.3,3557.6,3644.8,3698.7,3746.8,3335.5,4284.6,3885.9,3251.6,3814,3104.8,3408.9,4399.3,4015.5,2810.5,3923.4,3129.6,3629.3,4026.3,3885.9,4044.9,3709.5,3930.9,3709.5,3495.2,3940.7,4400.6,3992.9,3674.5,3855,4488.1,3446.3,4004.2,3436.9,3686.8,3374.3,4363.4,4803,4651.6,4561.4,2656.2,4709.8,4683.8,4183.7,4728,2767.9,4219.6,
Nepal,NPL,Cereal yield (kg per hectare),AG.YLD.CREL.KG,,1846.6,1842.3,1843.9,1883.2,1867.3,1742,1738.2,1724,1750.9,1782.5,1716.9,1630.1,1772.8,1767.6,1789.6,1709.5,1604.3,1634,1456.9,1687.1,1700.9,1381.5,1745.3,1666.2,1659.1,1524.7,1684.1,1780.4,1886.9,1920.1,1721,1919.3,1714.3,1913.9,1923.7,1939.4,1959.9,1979.2,2113.5,2148.6,2149,2165.6,2287.4,2273.7,2282.4,2188.1,2323,2417,2272.8,2407.8,2626,2635.2,2678.9,2721.8,2647.9,2730.5,2840.7,3045.9,3106,3203.3,3063.2,3218.5,3344.3,,
Naoero,NRU,Cereal yield (kg per hectare),AG.YLD.CREL.KG,,,,,,,,,,,,,,,,,,,,,,,,,,,,,,,,,,,,,,,,,,,,,,,,,,,,,,,,,,,,,,,,,,
New Zealand,NZL,Cereal yield (kg per hectare),AG.YLD.CREL.KG,,3125.3,2763.6,2732.6,3325.4,3275.7,3521.3,3708.4,3560.4,3681.8,2974.8,3487.3,3786.8,3935.3,3259.8,3307.7,4003.3,4163,4033.7,3900,3941.4,4426.6,4537.7,4532.1,4804.1,4611.8,4451.8,4453.3,4611.1,4275.8,5034,5144.1,5300.1,5277.9,5593.4,5625.4,5774.3,5892.2,6294.4,6168.7,6316.5,6534.7,6276.3,7059.9,6462.1,7566.2,7028.7,7916.4,7379.8,6909.9,7387.1,6953.2,8012,8105.6,8033.9,8026.6,8383.8,8464.4,8064.3,8192.2,9039.3,8809.4,8381.7,8488.8,9101.9,
OECD members,OED,Cereal yield (kg per hectare),AG.YLD.CREL.KG,,2021.416247,2195.363088,2278.561847,2206.133245,2375.216514,2409.998758,2499.656924,2558.15506,2669.24624,2568.52947,2925.885825,2936.532202,2918.253841,2736.592358,2912.666582,2920.177595,3020.72842,3317.095391,3367.141041,3153.821988,3358.16574,3478.079619,3072.89247,3640.460683,3723.520657,3721.374268,3694.499526,3345.433324,3663.295768,3877.110988,3850.33348,4022.83789,3701.136578,4121.309331,3829.737147,4163.478475,4170.612152,4369.005831,4377.231505,4402.916644,4365.078367,4206.891701,4319.815163,4906.40396,4728.121158,4509.651312,4706.868878,4920.322767,5090.848573,5055.188543,5042.753016,4709.393548,5382.510997,5543.184151,5478.521058,5888.138514,5740.518552,5540.076293,5627.509052,5710.286346,5701.478176,5730.449053,5853.687313,6224.894002,
Oman,OMN,Cereal yield (kg per hectare),AG.YLD.CREL.KG,,1115.4,1115.4,1111.1,1107.1,1107.1,1133.3,1145.2,1193.5,1193.5,1218.8,1218.8,1197,1282.1,1282.1,1282.1,1250,1000,913.5,977.4,904.7,1065.2,1754.2,1754.2,1754.2,1037.7,1923.4,1912.8,1952.4,2070.5,2159.7,5251.5,5277.7,5254.9,5212.3,5156.4,5148.1,5128.2,5231,5181.5,5154.3,5100.9,5096,5066.8,4832.4,5019.1,4852.8,4868.3,4774.8,12179.6,9832.4,9423.9,9480.7,9047.3,7750.2,13982.3,12928.2,11339.2,12344.6,12375.7,15341,25977.8,35157.2,29147,,
Other small states,OSS,Cereal yield (kg per hectare),AG.YLD.CREL.KG,,820.3131084,1009.661762,1034.707885,896.7726685,1175.484143,838.5726705,1081.816007,914.849332,1118.125269,893.1772682,1398.31722,1326.356736,806.148654,1396.449422,1426.687826,1414.564494,1375.361968,1538.243195,1284.008329,1413.494872,1495.062746,1339.228677,1276.4058,1558.355991,1649.448536,1346.832704,1382.35632,1432.789488,1330.038752,1382.414836,1207.847474,1478.197674,1927.460843,1588.893693,1715.91443,1914.694096,1734.339542,1553.781646,1449.484365,1802.506294,1742.146458,1727.288099,1691.316258,1997.263697,2112.382343,1843.79952,2140.956832,2063.197075,2300.351534,2165.423453,2317.973185,2686.416599,2585.896345,2868.790285,3406.267276,2410.632865,3104.259453,2248.236865,3451.012084,3496.96083,2693.082993,3253.840632,2759.952196,2503.320139,
Pakistan,PAK,Cereal yield (kg per hectare),AG.YLD.CREL.KG,,856.4,858,877.7,886.5,886.6,840,904.2,1131.6,1192,1229.7,1196.6,1284.1,1325.8,1313.9,1391.4,1460.7,1470.3,1429.2,1540.3,1613.1,1670.2,1637.3,1675.3,1544.9,1601.9,1833.3,1628.2,1702.4,1779.7,1766.4,1805.8,1884.7,1959.5,1840.9,2050.4,2046.3,2044.2,2200.3,2217.8,2404.5,2230.5,2260.2,2320.6,2430.7,2615.8,2554,2743.9,2653.7,2789.7,2611,2953.4,2862.6,3001.3,3001.2,2942.4,3020.7,3180.4,3149,3160.6,3353.4,3489.4,3463,3634,,
Panama,PAN,Cereal yield (kg per hectare),AG.YLD.CREL.KG,,951.5,993.9,947.3,954.7,988.9,935.7,989.7,1078.1,1107.6,1186.8,1198.8,992.2,1254.2,1266.4,1318,1014.1,1379.4,1352.8,1408.9,1538.9,1625.6,1448.8,1539.6,1515.1,1623.1,1634.8,1775.7,1738.7,1903.4,1866.7,1817.3,1772,1898.9,1943.3,1956.9,2029.9,1837.6,2247.5,2355.5,2237,2542.5,2591,2694.6,2159,2483.9,2395.5,2599.5,2694.3,2596.4,2246,2560.1,2539.8,2826.8,2983.2,2437.5,2992.5,2955.7,3227.5,3301.2,3378.5,3515.9,4377.8,4476.8,4226.4,
Peru,PER,Cereal yield (kg per hectare),AG.YLD.CREL.KG,,1487.8,1516,1399.4,1539.2,1551.1,1574.9,1669.1,1522.3,1629.1,1750.7,1750.2,1698.3,1711.9,1743.1,1842.5,1924.7,1952.6,1796.2,1883.4,1818.2,2135,2170,2087.3,2522.8,2328.1,2300,2552.8,2480.8,2523.8,2603.1,2296,2500.2,2696.2,2907.9,2641.4,2858.3,2765.5,2750.4,3109.9,3084.1,3241.3,3372.9,3442.5,3278,3557.9,3520.5,3485.6,3833.2,3919,3897.9,3898,4149.6,4101.3,4017,4242.2,4370.1,4216.5,4530.8,4369.7,4556.9,4703.6,4586.6,4797,4850.9,
Philippines,PHL,Cereal yield (kg per hectare),AG.YLD.CREL.KG,,996.3,1025.3,1030.2,1035.7,1045.5,1062.8,1113.1,1105.4,1330.7,1350.3,1272.2,1163.9,1186,1224.7,1286.3,1353.8,1488.1,1509.9,1581.3,1606.4,1646.6,1822.6,1659.9,1747.3,1841,1914.7,1847.3,1877.2,1945.4,2099.5,2042.3,2105.2,2212.5,2261,2273.4,2307.5,2374.7,2240.9,2464.8,2580.8,2667.8,2730.6,2823.4,2992.3,3049,3180.8,3319.8,3334.3,3228.9,3231.9,3340.6,3492.6,3531.8,3637.4,3556.1,3529,3692.3,3670.5,3737.9,3769.4,3832.9,3821.5,3869.2,,
Palau,PLW,Cereal yield (kg per hectare),AG.YLD.CREL.KG,,,,,,,,,,,,,,,,,,,,,,,,,,,,,,,,,,,,,,,,,,,,,,,,,,,,,,,,,,,,,,,,,,
Papua New Guinea,PNG,Cereal yield (kg per hectare),AG.YLD.CREL.KG,,2807.3,2597.5,2538.7,2074.2,2475.1,2103.6,2058.8,2003,1668.6,2008.8,2433.3,2150.6,2562,2258,1887.5,1606.1,1268.8,1535.2,2100.3,2364.4,1797.4,1302.2,2023.4,1926,2088,2010.1,1502.1,1823.9,2160.5,2602.7,2389.3,2656,2680,2863.9,2983.8,3429.3,4085.1,3887.9,3981.5,4024.2,4200,4004.9,3599.2,3620.4,3741,3716.7,3886.8,3967.6,4187.7,4343.9,4789.3,4191,4640.6,4726.4,4748.4,4642.9,4853,4805.4,4886.5,4769.1,4817.3,4825.9,4787.4,,
Poland,POL,Cereal yield (kg per hectare),AG.YLD.CREL.KG,,1782.4,1600.1,1717.3,1607.3,1900.1,1884.7,1934.3,2121.9,2142.5,1948.4,2351,2404.6,2650.6,2840.9,2487,2685.6,2424.3,2742.6,2202.9,2336.8,2494.3,2615,2726.4,2989.6,2893.5,3039.1,3108.8,2903.7,3218.2,3283.8,3190.8,2399,2753,2566.1,3022.4,2901.1,2854.1,3071,2959.4,2534.8,3056.4,3240.8,2865.4,3537.6,3233.1,2598.2,3249.5,3217.2,3475.1,3584,3430.4,3704.9,3804.4,4268,3727.8,4033.5,4199.6,3366.7,3605.3,4691.7,4562.5,4861.5,4894.7,,
Pre-demographic dividend,PRE,Cereal yield (kg per hectare),AG.YLD.CREL.KG,,804.9699825,818.0490365,802.5683383,802.3869026,775.4024509,753.2089083,824.9490056,825.6262633,814.4177934,811.8972344,815.18747,832.562797,804.5714563,910.965022,926.7161482,893.6637997,902.6710131,913.1490174,908.768672,910.4866368,997.0925226,981.3827261,954.9413677,906.8113053,987.1697367,968.7362527,963.2558725,1012.730477,989.9041846,946.1534909,945.6066533,894.210296,936.3457277,889.7178058,964.9942232,999.6742409,924.4986915,994.4904386,1023.645224,958.2597324,1017.753838,1044.045272,1048.180153,1103.209416,1053.655419,1162.311386,1163.896608,1180.902518,1196.838923,1241.589632,1146.281849,1285.882548,1210.139777,1296.308638,1307.019715,1261.67726,1263.066623,1284.341146,1325.919639,1376.153485,1337.1306,1372.903451,1344.349844,1141.785462,
Puerto Rico (US),PRI,Cereal yield (kg per hectare),AG.YLD.CREL.KG,,1132.9,1269.8,1297.3,1341.7,1597.5,1476.1,1596.4,2227.9,2128,2637.6,3066.3,3042.2,4098.8,4283.1,4529.3,5464.1,6116.3,6170.3,6823.9,7391.3,9695.4,9671.6,9789.2,7956.5,2872.8,3125.1,2051.5,2358,1238.1,1080,1149.4,1069.8,1732.8,1607,1661.3,1720.5,1779.2,1870.6,1925.5,1988.8,2052.9,2116.3,2184.3,2250.9,2318,2385.4,2442.3,2504.8,2566.3,2628.1,2690.2,2750,2886.9,2110,3010.5,2929,3015.6,3099.5,3188.5,3309.1,3410.5,3308,3612.4,,
"Korea, Dem. People's Rep.",PRK,Cereal yield (kg per hectare),AG.YLD.CREL.KG,,2502.1,2594.1,2746.3,2847.9,2539,2744.8,2542.1,2469.3,2903.4,2890.4,2971.7,2829.6,3091.5,3183.4,3246.7,3393.4,3546.7,3539.8,3673.5,3570.7,3837.4,3355.8,3442.8,3686.7,3713.3,3992.3,3821.2,3871.2,3964.4,3923.4,5607.9,5593.8,6126.8,4733.8,2511.2,1858.7,1994.5,3115.7,2856.6,2375.4,3015.7,3190.8,3250.3,3429.6,3367.8,3543.7,2921.5,3554.9,3364.4,3424,3586.3,3922.4,3979.6,4151.8,3654,4079.7,4015.9,3504.3,4381.9,3491.7,3537.9,3558.2,3538.8,3609.8,
Portugal,PRT,Cereal yield (kg per hectare),AG.YLD.CREL.KG,,784.8,880.6,828.6,814.3,855.7,804.4,1097.1,1136.4,953.4,1038.3,1321.1,1148.5,1158.8,1130.4,1137.5,1082.4,942.9,890.8,982.5,1274.8,1050,1205.6,1078,1491.8,1437.3,1771.5,1804.6,1642,2018,1877.7,2162.1,1805.4,2049,2406.9,2063.6,2462.4,2187.2,2760.6,2795,2793.5,2645.3,2918.6,2643.2,2965.6,2114,3209,3415.7,3589.7,3289.9,3351.3,4088.4,4091.6,4336.4,4416,4606.9,4422.4,4759.7,4809,5176.5,4881.3,5379.7,5137.4,5520.7,5308.8,
Paraguay,PRY,Cereal yield (kg per hectare),AG.YLD.CREL.KG,,1251.8,1309,1273,1309.1,1347.8,1130.9,1329.8,1061.7,1235.6,1266.2,1257.4,1117.2,1363,1414.5,1373.3,1410.9,1418.9,1341.3,1495.7,1582.2,1527.8,1480.3,1501.8,1442,1748.3,1678.9,1998,1926.6,1765.9,1979.3,1649.7,1753.3,2009.7,2174.8,2092.3,2227.5,2416.1,2037.8,1951.2,1980.3,2160.3,2090.4,2323.5,2461.8,2167.9,2343.8,2698.8,2681.3,2357.4,3456.9,3481.8,3035.7,3683.2,3276.7,4148.9,4425.5,4446.5,4225.7,4601.1,4706.5,3823.1,3505.3,4482.5,,
West Bank and Gaza,PSE,Cereal yield (kg per hectare),AG.YLD.CREL.KG,,,,,,,,,,,,,,,,,,,,,,,,,,,,,,,,,,,1112.5,1799.4,1622.6,1353,1555.7,649.2,2184.6,1277,2296.7,2053.6,1930.3,2094.1,1712.4,1749.5,1240.8,1214.2,1860.8,1580.6,1955.8,2182.7,2183.1,2110.5,2449.1,2187.1,2279.4,2170.6,2222.9,2922.9,2528.7,2464.7,,
Pacific island small states,PSS,Cereal yield (kg per hectare),AG.YLD.CREL.KG,,1697.294595,1701.043533,1742.579241,1707.197291,1688.853815,1640.03519,1657.583369,1961.76481,1719.969107,1825.155074,1879.006832,1864.250282,1942.699066,1843.23461,2073.764751,2191.643554,1993.693612,1938.028173,2185.149453,2263.73005,2322.416819,2241.111085,2072.758599,2132.219438,2301.173855,2130.517104,1790.974131,2219.948655,2209.802576,2124.108648,2229.22454,2077.274211,2171.486006,2168.093376,2421.911384,2015.714579,2048.553694,827.9701824,2482.679422,2349.137406,2140.332675,2162.898652,2106.023242,2103.369918,2122.447439,2101.390009,2298.111252,1971.203194,2231.383694,2094.297782,2091.723268,1791.777291,2092.928689,2448.596691,2038.798234,2157.412468,2162.168984,2087.246002,2179.943994,2419.434823,2558.08239,2762.714827,2443.50037,742.3906286,
Post-demographic dividend,PST,Cereal yield (kg per hectare),AG.YLD.CREL.KG,,2177.905836,2386.40248,2465.392169,2402.395493,2594.044292,2638.205859,2720.070427,2777.778226,2915.619459,2824.001732,3185.68328,3223.31987,3185.977813,2933.181235,3133.42795,3122.984799,3248.70779,3582.342911,3644.883465,3373.863647,3605.571258,3721.491265,3273.713346,3908.389849,4004.453705,3995.694634,3977.090139,3566.061012,3974.170484,4176.999976,4153.223322,4238.129754,3895.942509,4371.162771,3980.471238,4318.800757,4333.50521,4512.404549,4544.295568,4552.716277,4539.22917,4357.245446,4457.967041,5098.052816,4865.465858,4645.508013,4799.570853,5111.141875,5217.971377,5161.96131,5229.435886,4789.114032,5569.751299,5799.800487,5699.435457,6179.186198,5976.303989,5859.229309,5923.544681,5878.281232,6023.955346,5951.913898,6135.940951,6371.019307,
French Polynesia,PYF,Cereal yield (kg per hectare),AG.YLD.CREL.KG,,,,,,,,,,,,,,,,,,,,,,,,,,,,,,,,,,,,,,,,,,,,,,,,,,,,,,,,,,,,,,,,,,
Qatar,QAT,Cereal yield (kg per hectare),AG.YLD.CREL.KG,,,,,,,,,,,,3220,4360,3450,3630.8,3728.6,3430.8,2163.7,2569.1,2409.1,2623,2837.8,3758.2,3190.5,3238.5,3219.7,3262.4,3254.3,3227.2,3050,2897.4,2781.2,3145.4,3048.3,3169.8,3188,3377.8,3377,3362.6,3797.9,4099.4,4046.7,4069.6,3706.4,4121.6,3649.2,3547.4,4155.2,4921.9,6323.6,7592.6,6049.8,6076.4,5719,6494.7,5845.8,4692.7,4996.4,8709.4,6594.9,7124.6,8431.1,11242,18274.6,,
Romania,ROU,Cereal yield (kg per hectare),AG.YLD.CREL.KG,,1509.8,1452.3,1555.6,1659.5,1862.3,2037.9,2046,1918.3,1953.8,1801.7,2355.9,2711,2384.2,2295.4,2446.5,3116.4,2950.8,2898.8,2941,2993.9,2627.2,3313.1,2918.5,3195.4,3102.6,3181.1,2821,3265.9,3049.3,3010.8,3191.7,2128.3,2422.7,2772.9,3085.1,2430.3,3541.4,2642.7,3188.1,1927.8,3029.4,2512.5,2534.9,3997.4,3334.2,3102.3,1645.2,3247.3,2824.8,3329.7,3993,2364.1,3863.2,4069.2,3543.9,3971.3,5227.7,5997.2,5457.5,3398.6,5187.8,3634.1,4020.8,,
Russian Federation,RUS,Cereal yield (kg per hectare),AG.YLD.CREL.KG,,,,,,,,,,,,,,,,,,,,,,,,,,,,,,,,,1743.2,1635.8,1457.8,1255.4,1427.3,1788.2,1298.7,1450.8,1561.4,1934.7,1969.1,1777.4,1876.5,1852.7,1886.9,1989.8,2387.3,2280.6,1842.7,2260.3,1858.9,2241,2444,2391.7,2650.8,2967.1,2615.6,2713.2,2904.8,2705.4,3428.8,3166.6,,
Rwanda,RWA,Cereal yield (kg per hectare),AG.YLD.CREL.KG,,854,1359.1,1437.5,1361.9,1454.2,1070,1067.1,958.6,995.1,1122.1,1074.4,1066.9,1049.1,936,1074.8,1097.4,1110.1,1114.5,1086.3,1211.9,1105.3,1199.1,1157.7,1065.5,1226.3,1243.8,1282.9,1216.2,1154.6,1042.6,1237.2,951.1,1446.1,1028.7,1139.5,1263,1129.1,972.6,824.8,848.3,913,1028.4,941.9,959.3,1183.6,1137.9,1015,1266.5,1734.1,1965.8,2089.4,2113.5,2129,1408,1428.8,1446.7,1387.1,1441.4,1443.2,1473.6,1519,1510.7,1605.1,1784,
South Asia,SAS,Cereal yield (kg per hectare),AG.YLD.CREL.KG,,1028.274339,999.3463364,1053.787035,1075.164281,949.4180537,946.9072793,1075.709468,1117.132958,1134.974722,1200.853793,1190.040937,1162.485005,1223.130813,1150.631988,1326.245589,1262.884024,1393.342961,1430.121893,1293.042264,1425.008215,1463.236089,1419.980461,1633.741744,1626.201778,1656.502476,1647.586994,1655.10078,1826.141593,1975.566039,1956.132226,1975.99073,2097.622718,2112.997475,2165.467891,2146.829217,2110.190192,2266.561658,2238.063483,2412.049686,2388.947602,2516.218454,2350.915957,2500.306458,2451.088634,2529.115461,2572.221806,2694.241016,2799.983745,2728.281489,2837.490167,3035.072287,3140.898619,3130.189939,3152.649991,3040.601493,3181.027803,3281.217646,3457.841157,3556.797387,3557.342874,3676.856152,3710.862952,3774.316683,3814.062137,
Saudi Arabia,SAU,Cereal yield (kg per hectare),AG.YLD.CREL.KG,,1319.2,1317,1370.6,1350,1373.4,1362.6,1361.2,1139.5,1327.5,1277.3,734.7,714.2,563.5,730.2,837.8,659.1,751.8,744.6,799,587.6,1071.8,1864.9,2764,3235.1,3471.1,3840.3,4106,4127.2,4086.7,4244.8,4200.7,4191.6,4462.4,4546.5,3784.4,3429.5,3562.8,3540.5,3575.5,3516.4,3932,4047.6,4228.9,4675.2,4753.2,5047.1,5121.8,5221.3,4874.4,5507.8,5483.3,5164.2,5359.8,5192.8,5582.8,5440.9,5630.9,5605.5,5295.4,4819.4,4727.5,5002.1,5121.7,,
Sudan,SDN,Cereal yield (kg per hectare),AG.YLD.CREL.KG,,913.1,811.2,877.6,783.6,698.8,605.3,908,668.5,802.6,721.2,756.6,604.7,604.2,672.1,692.6,776.8,648.9,722.4,544,629.5,760.1,480.3,494.1,290.4,559.8,565.4,364.8,628.3,369.4,463,681.2,651.6,503.2,508.3,424.9,607,430.5,594,429.5,505.2,626.2,487.2,643.7,657.2,505.8,644.8,729.5,567.1,587.3,451.7,563.8,539.4,594.1,683.4,572.1,686,600.9,731.8,554.4,595.2,515,675.6,454.9,580.3,
Senegal,SEN,Cereal yield (kg per hectare),AG.YLD.CREL.KG,,549.4,544.3,573.3,588.3,588.7,530.8,636.3,461.2,699,475.6,655.7,370.9,508,740.5,708.2,706.8,508.1,833.2,616.8,547.4,904.7,684.3,573.3,612.1,819.9,761.7,841.4,712.1,847.3,795,822.6,798.6,836.5,757.7,872,758.5,716.7,667.8,870.4,879.4,887.1,651.6,1090.7,974.5,1201.1,879,722.5,1174.2,1134.6,1196.5,966.9,1221.3,1124.1,1111.5,1376.1,1350.6,1476.2,1644.3,1601.3,1821.6,1854.7,1931.9,2192.1,,
Singapore,SGP,Cereal yield (kg per hectare),AG.YLD.CREL.KG,,,,,,,,,,,,,,,,,,,,,,,,,,,,,,,,,,,,,,,,,,,,,,,,,,,,,,,,,,,,,,,,,,
Solomon Islands,SLB,Cereal yield (kg per hectare),AG.YLD.CREL.KG,,1739.1,1833.3,1920,2000,2074.1,2210.1,1085.7,2341,1388.7,2726,2626.6,3344.3,3093.9,3096.4,2065.1,2952.2,3231.4,2875.7,3411.4,3684.7,3441.5,3302.4,3693.4,2917.8,2743.8,2760.1,,,,4918.9,4823.7,4728.4,4633.1,4537.9,4442.6,4533.7,3854.4,3939.4,4500,4649.5,4649.6,4598.4,3207.6,3125,3000,3350.5,3001.1,2545.5,2272.7,2091.5,2248.5,2151.7,2039,1914,1879.7,1936.2,1873.3,1905,1912.3,1897.6,1896.1,1899.1,1900.5,,
Sierra Leone,SLE,Cereal yield (kg per hectare),AG.YLD.CREL.KG,,940.6,1211.3,1220.9,1360.2,1304,1319.9,1327.8,1318.8,1600.4,1357.5,1288.7,1356.7,1346.5,1381.1,1476.2,1427.1,1441.6,1438.1,1238.4,1251.1,1256.3,1309.5,1243.9,1536,1253.7,1477.5,1283.8,1222.9,1238.1,1201.7,1233.7,1234,1187.8,1161.1,1195,1253.3,1205.6,1111.6,1118.9,1078.2,998.2,995.9,1011.8,1000.3,1117.8,1347.6,1290.4,1350.9,1645.9,1747.2,1751.1,1539,1777.5,1519.7,1339.7,1092.3,1141.7,813,1523,1636,1967.5,1963.1,1469.7,,
El Salvador,SLV,Cereal yield (kg per hectare),AG.YLD.CREL.KG,,937.8,1083.9,1148,1167.2,1082.2,1286.8,1219.4,1353.8,1389.5,1621.2,1677.2,1207.3,1817.8,1474.1,1706.1,1433.4,1447.2,1733.9,1708.7,1706,1691.3,1555,1671.3,1949.9,1809.4,1620.1,1555.1,1931,1948.7,1939.3,1633.5,2039.3,1986.9,1609.6,2051.3,2119.3,1736.3,1886.7,2250,2155.3,1909.7,2476.9,2472.5,2486.1,2632.7,2802.9,2615.2,2905.3,2726.9,2726,2492,2782.2,2713,2485.7,2288.1,2745.5,2909.7,2379.7,2777,2732,2950.3,2757.1,2776.8,2819.2,
San Marino,SMR,Cereal yield (kg per hectare),AG.YLD.CREL.KG,,,,,,,,,,,,,,,,,,,,,,,,,,,,,,,,,,,,,,,,,,,,,,,,,,,,,,,,,,,,,,,,,,
"Somalia, Fed. Rep.",SOM,Cereal yield (kg per hectare),AG.YLD.CREL.KG,,489.4,485.4,467.3,463.8,463.5,468.1,467.3,471.8,475.9,491,498.8,494.2,478.7,468.5,473.1,408.8,428.7,447,422.6,462.6,530.6,532.6,643.6,643.8,746.9,920.2,693.7,699.1,792.1,627.6,560.9,504.7,452.5,410.4,494.6,504.5,481.1,419.6,581.7,733,812.7,769.8,688,581.1,650.9,493.7,605.8,557.5,416.4,575.2,457.2,1190,964,582.9,593.8,507.3,506.6,710.2,523.3,503.5,314,396,503.5,,
Serbia,SRB,Cereal yield (kg per hectare),AG.YLD.CREL.KG,,,,,,,,,,,,,,,,,,,,,,,,,,,,,,,,,,,,,,,,,,,,,,,4455.2,3232.6,4570.6,4601.1,4958.8,4751.4,3701.7,5157.8,5960.6,4787.3,6165.9,3967.9,6132.1,6128.1,6569.7,5770,4637.8,6105.8,,
Sub-Saharan Africa (excluding high income),SSA,Cereal yield (kg per hectare),AG.YLD.CREL.KG,,805.8388463,821.9907622,821.698496,789.5807689,767.4113576,771.9936136,919.2741767,794.0324876,802.2672908,829.323509,900.7656921,917.2657863,799.7136558,1022.466991,1008.000817,953.14285,1016.452282,1031.641667,1007.48754,1064.498378,1239.794336,1075.86284,960.0978695,923.4463385,1055.723056,1050.078741,1035.156128,1098.345801,1130.630366,1052.494759,1060.731871,905.9707602,1081.67145,1028.821268,992.2559391,1128.557185,1049.204908,1069.663374,1109.465423,1126.022661,1129.243147,1133.417019,1110.710244,1188.804799,1159.342014,1237.133409,1213.74765,1289.735032,1311.962578,1362.804176,1271.072757,1408.135081,1332.836106,1443.432458,1443.021279,1382.844873,1496.044448,1488.409161,1510.889279,1588.718596,1580.746349,1594.621625,1568.632035,1453.441357,
South Sudan,SSD,Cereal yield (kg per hectare),AG.YLD.CREL.KG,,,,,,,,,,,,,,,,,,,,,,,,,,,,,,,,,,,,,,,,,,,,,,,,,,,,,705.2,765.6,1253.7,907.3,879.1,885.2,843.7,880.5,885.5,844.6,1055.7,983.6,,
Sub-Saharan Africa,SSF,Cereal yield (kg per hectare),AG.YLD.CREL.KG,,805.8388463,821.9907622,821.698496,789.5807689,767.4113576,771.9936136,919.2741767,794.0324876,802.2672908,829.323509,900.7656921,917.2657863,799.7136558,1022.466991,1008.000817,953.14285,1016.452282,1031.641667,1007.48754,1064.498378,1239.794336,1075.86284,960.0978695,923.4463385,1055.723056,1050.078741,1035.156128,1098.345801,1130.630366,1052.494759,1060.731871,905.9707602,1081.67145,1028.821268,992.2559391,1128.557185,1049.204908,1069.663374,1109.465423,1126.022661,1129.243147,1133.417019,1110.710244,1188.804799,1159.342014,1237.133409,1213.74765,1289.735032,1311.962578,1362.804176,1271.072757,1408.135081,1332.836106,1443.432458,1443.021279,1382.844873,1496.044448,1488.409161,1510.889279,1588.718596,1580.746349,1594.621625,1568.632035,1453.441357,
Small states,SST,Cereal yield (kg per hectare),AG.YLD.CREL.KG,,1187.634243,1364.213286,1321.565706,1328.582125,1489.362021,1264.139952,1406.7833,1223.962643,1399.526297,1328.566037,1659.447218,1607.478404,1283.099722,1798.762627,1864.029651,1746.241761,2010.890637,2117.544403,1906.079684,2055.184398,2178.373706,2097.352629,1981.179492,2173.915285,2223.536219,2039.015957,1969.141886,1983.530016,1950.451605,1851.017111,1916.562998,1854.092457,2206.277981,2003.76001,2191.972134,2383.662001,2246.324452,2056.777791,2006.842633,2217.231029,2247.436626,2205.607427,2252.227595,2465.513085,2460.033976,2339.44319,2558.76517,2487.665507,2741.567165,2666.944214,2838.098897,3126.496344,3197.690261,3478.825889,3877.209088,3141.890881,3747.624298,3143.583902,3987.490992,3995.759935,3372.369884,3807.975312,3519.590299,2443.924909,
Sao Tome and Principe,STP,Cereal yield (kg per hectare),AG.YLD.CREL.KG,,1481.5,1481.5,1481.5,1481.5,1481.5,1448.3,1433.3,1466.7,1508.2,1516.1,1548.4,1538.5,1529.4,1514.3,1527.8,1515.2,1515.2,1515.2,1500,1500,1515.2,1515.2,1500,1555.6,1516.7,1500,1600,1764.7,2000,1928.6,2117.6,2222.2,2193.5,2263.2,2222.2,2250,2222.2,1931.4,2100,2230,2173.9,2107.4,2131.1,2145.7,2223.9,2454.5,2307.7,2153.8,1538.5,1615.2,2099.5,2099,2096,2065,2033.2,2012.5,2002.3,2002.4,2005.7,2003.5,2003.8,2004.3,2003.9,,
Suriname,SUR,Cereal yield (kg per hectare),AG.YLD.CREL.KG,,2763.4,2897,2705.3,2890.2,2994.4,3330.9,3527.9,3267.7,3479.6,3708.3,3391.6,3284.2,3640.6,3656.4,3675.3,3559.9,4077.4,4051.7,3999.7,3959.5,3958.1,4144.6,3649.7,4031.7,3990.2,3985.5,3812.7,3811.1,3731.5,3765.1,3813.4,3795.1,3694,3626.9,3515.7,3700.7,3980.8,3756.5,3718.6,3896,3765.8,3921.2,3693.8,3559.2,3597.7,4128.7,4252.7,4188.7,4208.9,4232.4,4132.7,4361.9,4495.8,4433,4529.6,4433,4879,4868.4,4555.3,4319.1,4638.3,3763.2,4078.9,,
Slovak Republic,SVK,Cereal yield (kg per hectare),AG.YLD.CREL.KG,,,,,,,,,,,,,,,,,,,,,,,,,,,,,,,,,,3775.8,4304.7,4116.4,4014.1,4388.2,4054.9,3857.4,2709.9,3889.7,3899.7,3136,4641.8,4511.8,3996.3,3561.2,5175.3,4331.5,3737.3,5009,3829.1,4490.4,6038.7,5079.6,6430.4,4856,5409.7,5336,6129.8,5976.8,4754.5,6201.1,5560.2,
Slovenia,SVN,Cereal yield (kg per hectare),AG.YLD.CREL.KG,,,,,,,,,,,,,,,,,,,,,,,,,,,,,,,,,3230.1,3765.1,5024,4998.3,4857.9,5632.3,5793.1,5186.4,4803.1,4734.5,6117.9,4011.5,5826.2,6006.9,5116,5341.3,5474.7,5268.3,5981,6373.8,5761.9,4615.5,6472.5,6283.9,6464.6,5540,6071.9,6503.1,7385.5,6864.8,5564.5,6287.3,6586,
Sweden,SWE,Cereal yield (kg per hectare),AG.YLD.CREL.KG,,2812.7,2644.7,2550,3237.6,3156.2,2543.8,3258.5,3394.9,2678.2,3240.7,3535.8,3368,3084,4191.4,3378.1,3427.3,3375.7,3699.6,3436.1,3520.8,3827,3923.9,3653.5,4492.1,3779.1,3907.7,3820.8,3681.5,4325.1,4963.7,4492.6,3359.4,4758.9,3891.4,4358.6,4893.6,4718.3,4379.7,4276.3,4560.3,4583.3,4780.4,4584.5,4892.9,4932.3,4292.2,5150.8,4820.5,5078.9,4510.4,4712.9,5101.8,5123.5,5646.9,6053.6,5438.2,5992.3,3535.5,6292.1,5994.4,5064.7,6107.4,4456.5,,
Eswatini,SWZ,Cereal yield (kg per hectare),AG.YLD.CREL.KG,,469.3,486.1,541.1,477.8,482.9,453.4,685.1,552.1,619.5,648.2,1619,1753.5,1160.6,1554.3,1418.7,1469.2,1322.5,1803.3,967.1,1381.4,1685.4,901.5,720.2,1802.8,2045.5,1487,1288.9,1313.9,1053.2,1284,1050.4,1554.3,1381.2,1271.9,2169.6,1756.6,1906,1897.7,1633.7,1632.7,1417.6,996.5,1023.9,1246.5,1317.1,1423.1,567.6,1001.4,1289.5,1205.3,1343.6,1337.2,1367.3,1362.3,1259.7,1224.9,1240.4,1271.9,1280.2,1287,1438.5,1597.3,1227.8,,
Sint Maarten (Dutch part),SXM,Cereal yield (kg per hectare),AG.YLD.CREL.KG,,,,,,,,,,,,,,,,,,,,,,,,,,,,,,,,,,,,,,,,,,,,,,,,,,,,,,,,,,,,,,,,,,
Seychelles,SYC,Cereal yield (kg per hectare),AG.YLD.CREL.KG,,,,,,,,,,,,,,,,,,,,,,,,,,,,,,,,,,,,,,,,,,,,,,,,,,,,,,,,,,,,,,,,,,
Syrian Arab Republic,SYR,Cereal yield (kg per hectare),AG.YLD.CREL.KG,,528.6,987.1,820.3,762.4,893.9,618.4,869.9,718.2,861.9,346.5,588.7,1256.6,293.8,1001.9,788.2,1027.7,622.7,921.5,673.2,1420.4,1330,792,936,584.5,935.1,1167,814.7,1660.6,334.7,750,922.4,1174.8,1489.3,1536.5,1661.1,1853.2,1273.2,1585,1072.4,1148.6,1692.6,1993.5,1999,1657.5,1711.4,2002.3,1622.4,896.7,1707.7,1231.9,1679,1643.5,1576,1063.1,1905.9,1108.9,1233.4,750,2203.9,1832.3,820.4,949.9,1814.6,1606.8,
Turks and Caicos Islands,TCA,Cereal yield (kg per hectare),AG.YLD.CREL.KG,,,,,,,,,,,,,,,,,,,,,,,,,,,,,,,,,,,,,,,,,,,,,,,,,,,,,,,,,,,,,,,,,,
Chad,TCD,Cereal yield (kg per hectare),AG.YLD.CREL.KG,,592.2,544.1,758.6,635.4,546.6,658.7,668.8,669.3,727.3,705.7,634.9,482.6,512.7,645.6,578.8,510.8,523.3,515.4,491.7,546.6,721.9,675.8,522.6,503.8,624.2,584,554.3,734.4,549.2,559.2,618.6,729.9,501,746.5,581.8,601.3,582,685.2,672.8,531.3,634.7,670.9,827.3,671.2,749.9,766.8,799.3,775.2,598.3,762.8,632,934.8,822.8,855.7,801.9,844.7,825.2,893,886.3,867.1,814.3,845.5,819.3,826.9,
East Asia & Pacific (IDA & IBRD countries),TEA,Cereal yield (kg per hectare),AG.YLD.CREL.KG,,1274.170747,1380.175784,1510.86328,1598.04202,1683.296441,1765.812144,1820.282158,1842.753458,1847.12834,2042.201001,2078.461322,2016.915423,2152.406949,2239.122404,2303.197923,2355.272284,2296.374402,2537.308694,2728.057722,2695.304125,2822.679985,3127.181732,3304.181307,3489.627448,3394.675097,3451.912296,3513.045397,3479.604366,3570.981785,3784.82906,3757.654606,3850.560942,3984.567413,3975.541856,4083.605593,4265.428514,4216.495072,4305.48157,4301.789597,4215.107245,4261.154188,4341.530802,4342.075249,4564.24829,4620.045957,4699.534779,4734.229131,4911.609023,4866.147508,4930.004649,5070.943579,5185.678854,5237.959217,5270.185966,5375.098441,5366.464934,5428.364488,5456.331022,5560.097132,5573.415571,5623.880941,5680.476154,5716.810095,3825.704101,
Europe & Central Asia (IDA & IBRD countries),TEC,Cereal yield (kg per hectare),AG.YLD.CREL.KG,,1388.350257,1386.026137,1531.007964,1450.755174,1592.760684,1734.020389,1758.380805,1707.057094,1779.586664,1678.86595,2067.24298,2137.683186,2034.393827,2056.550262,2159.727928,2458.623228,2323.371441,2419.596132,2330.205576,2361.676542,2348.711253,2617.848125,2444.692987,2684.434118,2503.743681,2730.821508,2650.450395,2734.961807,2611.215756,2790.367871,2816.895279,1947.800613,1942.425008,1756.152112,1728.535219,1706.946226,2057.92198,1834.290383,1929.214969,1821.636977,2205.807674,2228.287736,2040.087295,2350.788621,2269.174975,2243.737403,2165.404711,2614.368282,2548.279688,2342.700009,2781.681463,2361.034003,2820.821813,2975.444271,2893.959663,3104.573466,3238.886304,3190.85273,3244.788852,3198.535896,3315.472595,3428.348738,3428.75269,3146.786781,
Togo,TGO,Cereal yield (kg per hectare),AG.YLD.CREL.KG,,465,477.4,513.3,502.1,452.5,467.7,463.2,571.7,726.7,812.5,902.7,974.3,859,919.6,970.5,830.9,844,757.2,822.6,635.7,728,868.6,748.5,892.4,840.4,787.9,721.3,843.8,917.9,746.8,762.7,863.3,877.6,721.7,849.3,811.4,981.1,835.4,1060.8,1058.3,1150.3,1131.1,1154.7,1094.8,1132.6,1130.7,1121.6,1144.4,1242.9,1187.4,1226.3,1112.4,1012.6,1153.1,1236.2,1130.8,1137.2,1145.2,1143,1150.3,1149.5,1167.8,1173.1,,
Thailand,THA,Cereal yield (kg per hectare),AG.YLD.CREL.KG,,1675.5,1737.2,1891.8,1830.1,1786.3,1842.8,1775.8,1821.9,1905.2,2075.8,1993.2,1781.4,1957.8,1878.8,1889.4,1899.5,1592,1968.7,1837.9,1911.1,1983.4,1918.9,2050.5,2102.6,2125.4,2089,2006.3,2203.5,2143.1,2009.2,2295.4,2254.1,2119.9,2409.4,2507.4,2525.7,2456.4,2522.6,2537.4,2719,2952.6,2998.3,2998.8,2961,3046.8,3009.5,3089.4,3063.5,2995.9,3071.3,3257.2,3256.6,3214,3141.1,2958.7,3064.5,3172.3,3151.7,3021.6,3014.1,3062,3105.6,3071.7,,
Tajikistan,TJK,Cereal yield (kg per hectare),AG.YLD.CREL.KG,,,,,,,,,,,,,,,,,,,,,,,,,,,,,,,,,993.7,963.8,880.8,915.9,1038.8,1314.2,1235.3,1235.5,1310.7,1397.9,1889.3,2100.6,2150.4,2164.4,2158.7,2440,2141,3119.4,3117.2,2519.3,2891.1,3159.4,3189.4,3261,3348.7,3459.5,3404.4,3636.7,3525.6,3885.1,3926,3732.8,4123.9,
Turkmenistan,TKM,Cereal yield (kg per hectare),AG.YLD.CREL.KG,,,,,,,,,,,,,,,,,,,,,,,,,,,,,,,,,2210.6,2333.6,2610.7,1700.7,824.2,1186.4,2148.6,2270.7,2122.4,2319,2921.1,2769.5,2931.6,2926.7,3288.4,1300,1100,1600,1700,1366,1490.8,1643.1,1738.3,1909.5,1880.2,1843.8,1496.8,2214.1,2191.4,2121.4,1892.4,1834.2,,
Latin America & the Caribbean (IDA & IBRD countries),TLA,Cereal yield (kg per hectare),AG.YLD.CREL.KG,,1272.490649,1335.210327,1308.24941,1388.31827,1362.906667,1366.607667,1429.979936,1347.638252,1412.77262,1533.128841,1494.021507,1445.684976,1613.686996,1661.095877,1624.817473,1629.092355,1691.786454,1710.222235,1726.207649,1796.701402,1994.907229,1985.681301,1981.494855,2094.138398,2138.561093,2033.798285,2097.177543,2092.043243,2109.248646,2090.193856,2176.878836,2437.594039,2496.37902,2446.790924,2549.485119,2536.292933,2717.790665,2820.337194,2827.131103,2850.860805,3004.076982,2924.706364,3256.020043,3196.427219,3212.912563,3271.387795,3564.456712,3616.05602,3430.022512,3913.763294,3793.281692,3960.714321,4157.535607,4149.280375,4392.121263,4195.653825,4669.440427,4343.88901,4806.339619,4706.447177,4498.73737,4497.62184,4562.318675,4828.078206,
Timor-Leste,TLS,Cereal yield (kg per hectare),AG.YLD.CREL.KG,,1404,1217.2,1194.5,1154.7,1197.1,1240.7,1280.1,1477.5,1355.9,1276.8,1233.3,1421.4,1476,1583.3,1500,1400,1414.6,1320,1280.7,1269.8,1305.1,1296,1292.3,1374.6,1334.8,1335,1420.4,1523.7,1601.4,1608.1,1737.5,1735.4,2031.7,2025.2,2017.4,2046.6,1779.4,2094.9,1555.8,1936.8,1338.7,1667.2,1443.4,1562.7,1541.9,1503.4,1276.1,1442.7,2315.5,2451.4,2586.1,2089.9,2656.4,2923.1,2595.7,2567.9,2383.3,2503.6,2354.2,2658.5,1201.9,1943.8,2129.4,,
"Middle East, North Africa, Afghanistan & Pakistan (IDA & IBRD)",TMN,Cereal yield (kg per hectare),AG.YLD.CREL.KG,,849.2935108,1039.597202,989.7707697,966.2199844,994.5620881,905.5150887,994.2355744,1163.725367,1124.551197,1078.06811,1116.689637,1215.560497,1098.416744,1177.914864,1221.458018,1309.69127,1175.538523,1264.866059,1272.307947,1353.005119,1298.314823,1376.546008,1297.597197,1295.446488,1380.252212,1540.646796,1397.187577,1580.373027,1426.782881,1536.801305,1678.394313,1617.552889,1670.01271,1812.792126,1821.849386,1954.763934,1879.973073,1977.124668,1953.592417,1916.191152,2000.190273,2236.592995,2273.281299,2272.596596,2246.063474,2407.530534,2331.419049,2249.952217,2524.307865,2333.964551,2434.747226,2405.984565,2571.306418,2526.683947,2707.574735,2660.190457,2711.296565,2778.019879,2817.690516,2760.128773,2916.257978,2785.092059,3002.642587,1678.216373,
Tonga,TON,Cereal yield (kg per hectare),AG.YLD.CREL.KG,,,,,,,,,,,,,,,,,,,,,,,,,,,,,,,,,,,,,,,,,,,,,,,,,,,,,,,,,,,,,,,,,,
South Asia (IDA & IBRD),TSA,Cereal yield (kg per hectare),AG.YLD.CREL.KG,,1028.274339,999.3463364,1053.787035,1075.164281,949.4180537,946.9072793,1075.709468,1117.132958,1134.974722,1200.853793,1190.040937,1162.485005,1223.130813,1150.631988,1326.245589,1262.884024,1393.342961,1430.121893,1293.042264,1425.008215,1463.236089,1419.980461,1633.741744,1626.201778,1656.502476,1647.586994,1655.10078,1826.141593,1975.566039,1956.132226,1975.99073,2097.622718,2112.997475,2165.467891,2146.829217,2110.190192,2266.561658,2238.063483,2412.049686,2388.947602,2516.218454,2350.915957,2500.306458,2451.088634,2529.115461,2572.221806,2694.241016,2799.983745,2728.281489,2837.490167,3035.072287,3140.898619,3130.189939,3152.649991,3040.601493,3181.027803,3281.217646,3457.841157,3556.797387,3557.342874,3676.856152,3710.862952,3774.316683,3814.062137,
Sub-Saharan Africa (IDA & IBRD countries),TSS,Cereal yield (kg per hectare),AG.YLD.CREL.KG,,805.8388463,821.9907622,821.698496,789.5807689,767.4113576,771.9936136,919.2741767,794.0324876,802.2672908,829.323509,900.7656921,917.2657863,799.7136558,1022.466991,1008.000817,953.14285,1016.452282,1031.641667,1007.48754,1064.498378,1239.794336,1075.86284,960.0978695,923.4463385,1055.723056,1050.078741,1035.156128,1098.345801,1130.630366,1052.494759,1060.731871,905.9707602,1081.67145,1028.821268,992.2559391,1128.557185,1049.204908,1069.663374,1109.465423,1126.022661,1129.243147,1133.417019,1110.710244,1188.804799,1159.342014,1237.133409,1213.74765,1289.735032,1311.962578,1362.804176,1271.072757,1408.135081,1332.836106,1443.432458,1443.021279,1382.844873,1496.044448,1488.409161,1510.889279,1588.718596,1580.746349,1594.621625,1568.632035,1453.441357,
Trinidad and Tobago,TTO,Cereal yield (kg per hectare),AG.YLD.CREL.KG,,2352.1,2381.4,2411,2439.5,2411.1,2424.2,2642.7,2659.2,2707.4,2901.6,3022.4,3002.1,2981,2960,2686.3,2957.9,2948.7,2986.2,3259.6,3201.6,3038.6,3073.9,3075.7,2470.1,2358.5,2408.6,2562.4,2721.8,2565.5,3326.1,3094.4,3594.6,3262.2,3582.1,3604,3424.4,2468,2463.2,1712.4,2277.3,1449.4,1669.3,1532.7,1573.3,1555.2,1478.4,1673.8,1724.5,1657.5,1667.4,1639.5,1471.7,1610.5,1329.4,1110.4,1444.3,1627.5,1688.1,1554,1515.4,1594.1,1639.3,1600.3,,
Tunisia,TUN,Cereal yield (kg per hectare),AG.YLD.CREL.KG,,499.2,729.5,749.6,641.6,738.8,693.1,618.8,701.1,662.6,553.5,713.9,905.4,825.3,813.8,931.6,734,712.7,667.5,597,915.5,971.7,1086.1,582.9,716.9,1084.8,758.5,1154.9,935.7,642.8,1144.6,1546.3,1516.8,1210.3,893.9,1109.8,1447.1,1061.2,1296,1229,984.5,1715.3,1233.7,1515.5,1309.6,1442.8,1256.1,1622.5,1467.3,1877.6,1694.1,1710.8,1674.3,1136.2,1805.8,1102.7,1541.2,1304,1223.4,1946.8,1324.4,1451.5,1640.1,1300.5,1891.1,
Turkiye,TUR,Cereal yield (kg per hectare),AG.YLD.CREL.KG,,989.4,1136,1343.4,1117.9,1138.6,1272.7,1303.4,1215.7,1291.7,1215,1573.5,1435.1,1238.1,1294.2,1632.4,1805.5,1791.7,1824.6,1880.1,1855.1,1871.7,1978.7,1838.4,1971.1,1931,2135.5,2137.4,2250.2,1742.1,2214.2,2240.5,2124.4,2255.9,1922.3,2057.3,2112.3,2151.3,2387.5,2099.8,2370.6,2178.3,2242,2308.6,2477.9,2634.5,2661.9,2410.2,2601.3,2807.8,2725.6,2970,2958.4,3256.9,2832.1,3307.8,3105.4,3257.4,3163.9,3200.8,3341.5,2918.5,3464.7,3659.1,3428.7,
Tuvalu,TUV,Cereal yield (kg per hectare),AG.YLD.CREL.KG,,,,,,,,,,,,,,,,,,,,,,,,,,,,,,,,,,,,,,,,,,,,,,,,,,,,,,,,,,,,,,,,,,
Tanzania,TZA,Cereal yield (kg per hectare),AG.YLD.CREL.KG,,805.7,831.3,958.6,804.4,801.4,760.2,702.5,581.1,638.5,573.8,708.1,668,903,764.6,1052.2,1007.6,1005.9,999.6,1166.3,1020.2,1003.1,1429.5,1300.9,1270.7,1366.8,1126.6,1274.3,1220.1,1489.2,1506.5,1234.1,1087.6,1227.4,1151.7,1702.8,1588.1,1101.2,1198.8,1766.4,1440.7,2043.5,1899.5,858.1,1370.6,1101.6,1326.7,1427.3,1333.9,1110.4,1647.9,1390.4,1314.8,1418,1669.1,1617.2,1711.1,1692,1938.5,1883.5,1869.5,1782.3,1815.4,1961.1,,
Uganda,UGA,Cereal yield (kg per hectare),AG.YLD.CREL.KG,,902.3,903.7,926.6,884.4,910.5,908.9,913.1,1074.5,1185.5,1362.6,1087.9,1227.6,1173.5,1079.8,1350.8,1217.2,1205.4,1210.1,1613.7,1491,1561.7,1309,1617.3,1041.9,1469.5,1181.3,1427.5,1438.3,1515.8,1497.6,1434.1,1530.1,1541,1495,1571.2,1204.9,1218.1,1526.4,1633.9,1539.4,1641.1,1638.8,1677.6,1468,1573.8,1522.9,1526,1827.7,2038.6,1978.5,2056.9,2029.1,1997.5,2080.6,2086.8,1880.5,1704,1338,1401.1,1616.9,1908.1,1964.8,1958.2,1919.8,
Ukraine,UKR,Cereal yield (kg per hectare),AG.YLD.CREL.KG,,,,,,,,,,,,,,,,,,,,,,,,,,,,,,,,,2834.1,3289.3,2724.6,2512.3,2010.2,2490.3,2109.4,2002.9,1950.8,2729.5,2752.2,2278.4,2845.2,2623,2427.7,2206.7,3486.9,3003.8,2726.6,3753.7,3156.8,4030.8,4400.2,4140.9,4651.6,4314.6,4850.3,4978.3,4295.6,5454.6,4614.2,5578.1,5147.7,
Upper middle income,UMC,Cereal yield (kg per hectare),AG.YLD.CREL.KG,,1212.97254,1319.840043,1414.206064,1461.849905,1513.294295,1586.72956,1654.171559,1612.84293,1640.988842,1790.831252,1844.480831,1789.884894,1884.473534,1975.953872,2026.596759,2063.875741,2058.648834,2227.327279,2344.346598,2329.981415,2460.355619,2625.339424,2723.821175,2885.639664,2825.857696,2858.319145,2902.298818,2908.208288,2962.519014,3141.510861,3147.420227,3024.107419,3133.931609,3078.609967,3162.590346,3283.68698,3362.335459,3438.463648,3486.266381,3392.39609,3454.545976,3505.070764,3528.516142,3676.074172,3719.669246,3812.766358,3847.850933,4080.045615,3993.624495,4091.645677,4267.855923,4296.909975,4452.33295,4503.679315,4650.688571,4631.134795,4766.950806,4762.824016,4880.02343,4842.539921,4883.341651,4873.389871,4948.447279,4022.683901,
Uruguay,URY,Cereal yield (kg per hectare),AG.YLD.CREL.KG,,859.7,936.9,794.6,1084.2,951.4,872.5,753.1,890.5,1038.8,1157,1035,1117.8,1265.2,1385.2,1157.8,1296.2,1079.5,1343.9,1509.2,1618.3,1804.1,2056,1876.3,1955.2,1840.9,1870.6,2100.1,2539,2633.7,2182.3,2419.4,2733.4,2478.6,2969.4,3187.8,3290.1,3078,3434.9,3896.2,3892,3338.6,3467.4,3504,4409.7,4339.9,4493.5,4347.2,4324.6,3884.9,4176.4,4410.9,4070.5,3766.2,4351.8,4142.9,4766.7,5056.6,3941.1,5329.4,4963.6,5496.8,5298.3,4593.6,5057.7,
United States,USA,Cereal yield (kg per hectare),AG.YLD.CREL.KG,,2522.3,2683.1,2800.6,2639.3,3040.8,3016.7,3161.2,3212.8,3464.3,3154.9,3725.6,3908.2,3683.2,2997.5,3461.3,3533,3683.2,4109.8,4426.2,3771.9,4256.7,4370.6,3535.9,4374.1,4763.3,4698.9,4735.4,3706.9,4473.9,4755.1,4507.6,5357.8,4298.8,5560,4644.8,5175.3,5275.3,5676.5,5736.5,5854.3,5891.1,5546.8,6023.7,6851.1,6450.7,6400.4,6704.4,6598.3,7226.2,6978.1,6803.5,5911.9,7300.9,7638.1,7430.1,8614.2,8281.3,8196,8005.5,8144.8,8246.5,8065.8,8330,8413.5,
Uzbekistan,UZB,Cereal yield (kg per hectare),AG.YLD.CREL.KG,,,,,,,,,,,,,,,,,,,,,,,,,,,,,,,,,2004.8,1785.3,1720.5,2052.5,2009.1,2167.1,2587.8,2630.8,2684.3,3042.9,3765.9,3522.4,3596.1,4042.1,4103.2,4396.9,4285.3,4553.1,4434.2,4414.5,4597.9,4746.4,4806.6,4835.2,4827,4298.2,4103.9,4554,4510.8,4774.4,5007.8,5343.6,,
St. Vincent and the Grenadines,VCT,Cereal yield (kg per hectare),AG.YLD.CREL.KG,,4000,4000,4000,4000,4000,3500,3360,3440,3185.2,3185.2,3259.3,3169,3142.9,3142.9,3214.3,3214.3,3214.3,3357.1,3333.3,3312.5,3235.3,3333.3,3351.4,3315.8,3300,3000,3333.3,2998,3325.6,3566.8,3333.3,3374.3,3465.7,3580.8,3758.1,3333.3,4292.2,3333.3,3000,15000,14285.7,14857.1,14825,14444.4,14418.6,13571.4,12181.8,12727.3,16750,18774.2,27640,25878.8,23958.3,24485.7,24218.8,24742.9,28225,27837.8,28125,29241.4,14472.7,14222.2,14066.7,13343.8,
"Venezuela, RB",VEN,Cereal yield (kg per hectare),AG.YLD.CREL.KG,,1115.6,1164,1119.1,1199.7,1271.5,1308.3,1180.4,1233.2,1200.8,1305.1,1234.8,1264.3,1368.4,1451.6,1634.6,1549.3,1892.6,1868.7,1913.3,1914.1,1885.4,1973.5,1936.4,2030.1,2029.1,1947,1994.1,2123.7,2343.4,2486.1,2558.7,2592.8,2939.6,2962.8,2974.1,3034.3,3084,3092.5,3322.1,3247.9,3308.6,3184.8,3210.6,3385.8,3353.8,3415.7,3594.4,3428.4,3171.6,3576,3461.1,3760.2,4007.3,4040.7,3505.7,3458.2,3122.7,2883.3,3132.6,4034.8,3942,3526.9,4079.9,,
British Virgin Islands,VGB,Cereal yield (kg per hectare),AG.YLD.CREL.KG,,,,,,,,,,,,,,,,,,,,,,,,,,,,,,,,,,,,,,,,,,,,,,,,,,,,,,,,,,,,,,,,,,
Virgin Islands (U.S.),VIR,Cereal yield (kg per hectare),AG.YLD.CREL.KG,,,,,,,,,,,,,,,,,,,,,,,,,,,,,,,,,,,,,,,,,,,,,,,,,,,,,,,,,,,,,,,,,,
Viet Nam,VNM,Cereal yield (kg per hectare),AG.YLD.CREL.KG,,1856.4,1953.3,2070.9,1909.8,1898.4,1762,1878.6,1681,1756.8,2103.7,2167.9,2143.9,2168,2114.6,2064.1,2167.9,1873.6,1746.1,2002.6,2016.1,2127.9,2433.6,2539.4,2645.8,2691.8,2715.1,2606.8,2849.8,3089.2,3072.9,3006.4,3212.6,3361.6,3458.7,3570,3666.3,3758.3,3876,3971.2,4112.4,4167.3,4440.9,4506.7,4690.9,4726.2,4749.8,4846.2,4897.6,5080.3,5177.5,5381.2,5462,5425.5,5577.8,5601.2,5441,5434.4,5685.4,5715.8,5797.3,5947.1,5903.9,5995.3,,
Vanuatu,VUT,Cereal yield (kg per hectare),AG.YLD.CREL.KG,,500,500,500,500,500,471.4,466.7,475,500,529.4,500,526.3,500,500,500,500,500,500,500,520,520,520,520,520,519.7,515.4,507.7,500,507.7,510.9,463.8,469.4,475.1,480.8,486.4,492.1,497.8,503.5,509.1,514.8,520.5,526.2,531.8,532.4,531,535.7,551.7,546.7,558.1,563.6,570.8,571.4,633.3,615.8,600.8,601.8,606.8,613.1,619.8,624.5,627.1,628.7,632.4,636.2,
World,WLD,Cereal yield (kg per hectare),AG.YLD.CREL.KG,,1421.619314,1510.863194,1576.094104,1576.946325,1625.014969,1665.76421,1748.665301,1765.707736,1789.410039,1816.388623,1965.604341,1953.469567,1985.437886,1966.867747,2080.389637,2088.677693,2135.934672,2296.366945,2331.57551,2297.40845,2438.721357,2534.288004,2443.624766,2691.791183,2695.359471,2690.086521,2677.487523,2600.408102,2754.995666,2870.949132,2860.834569,2781.724056,2732.426116,2810.919825,2762.64905,2922.356487,2986.921176,3046.483368,3107.404335,3060.944936,3132.644502,3075.822043,3119.30501,3358.683319,3275.635032,3281.103522,3370.912801,3544.824709,3557.600501,3562.691906,3656.144391,3611.681705,3829.657752,3894.464977,3932.228451,4016.963276,4066.360099,4022.61783,4123.571132,4118.781815,4173.650304,4185.128386,4231.014968,3954.949916,
Samoa,WSM,Cereal yield (kg per hectare),AG.YLD.CREL.KG,,,,,,,,,,,,,,,,,,,,,,,,,,,,,,,,,,,,,,,,,,,,,,,,,,,,,,,,,,,,,,,,,,
Kosovo,XKX,Cereal yield (kg per hectare),AG.YLD.CREL.KG,,,,,,,,,,,,,,,,,,,,,,,,,,,,,,,,,,,,,,,,,,,,,,,,,,,,,,,,,,,,,,,,,,
"Yemen, Rep.",YEM,Cereal yield (kg per hectare),AG.YLD.CREL.KG,,782.5,780.7,771.8,776.1,773.6,777,794.2,793.6,810.2,780.8,853.7,787.1,843.7,799.8,951,823.2,883.3,956.5,997.3,1016.5,1099,961.4,526.4,533.1,518.3,804,840.2,970.5,1005,907.7,699.7,1110.3,1109.3,1091.6,1105,937.1,895.4,1081.5,1111.2,1085,1064.3,943.8,785.2,715.2,713.1,930.2,1019.5,939.1,995.2,1092.4,1022.5,1064.4,1008.2,962.7,784.2,687,699,682.8,864.9,1423.4,1524.8,819.5,801.1,,
South Africa,ZAF,Cereal yield (kg per hectare),AG.YLD.CREL.KG,,1099.1,1142.1,1128,913.9,911.4,1010.4,1725.6,1006,1041.1,1187,1498.2,1593.9,1007.5,1875.8,1624.4,1391.5,1752,1876.2,1609.6,2017.3,2680.3,1659.8,960.2,1083.9,1575.9,1589.4,1628.7,1671.5,2281.9,1877.3,1986.1,944.7,2160.1,2585,1419.2,2490.2,2271.8,2181.7,2191.4,2765.9,2424.1,2772.6,2536.8,2777.9,3309.6,3141,2790.3,4063.2,4405.5,4150.4,4017,4243.5,4043,4899.6,3348.4,3623.1,5331.8,4651.9,4101.6,5121,5493.8,5310.4,5703,4562,
Zambia,ZMB,Cereal yield (kg per hectare),AG.YLD.CREL.KG,,822.2,801.4,706.9,788.9,823.5,878,869.6,785.2,774,624.4,876.3,1007.1,838.7,967.7,1311.1,1375.7,1504.7,1515.4,1529.1,1567.5,1930.6,1572.1,1651.2,1646.1,1842.8,1930.6,1610.3,2457.4,1717.3,1351.9,1640.6,763.1,2302.9,1417.5,1331.4,1911.7,1413.4,1211.2,1323.6,1682.3,1403.7,1629.6,1721.2,1825.3,1905.4,2145.9,2258.6,2188,2072.2,2540.9,2745.1,2708.8,2596.1,2774.9,3026.4,2432.2,2489.9,2168.1,2400.4,2481.6,2525,2457.4,2343.8,,
Zimbabwe,ZWE,Cereal yield (kg per hectare),AG.YLD.CREL.KG,,919.7,905.9,822.5,820.5,930.8,937.8,1294.5,1020.2,1145.3,942.3,1391.9,1637,961.3,1485.5,1360.2,1394.1,1475.9,1378.9,1144.2,1184.8,1747.9,1138.6,633,789.6,1867,1692.6,853,1589.9,1508,1624,1336,412.1,1502,1134.5,548.2,1258.7,1054.2,1016.6,1069,1159.5,1193.9,539.1,795.3,1205.9,653.8,934.2,806.7,309.7,452.4,733.4,587.4,695.7,668.5,831.4,557.5,435.1,1203.3,1254.2,749.6,1149.4,1545.5,956.9,743.9,,
