Domain Code,Domain,Area Code (M49),Area,Element Code,Element,Item Code (CPC),Item,Year Code,Year,Unit,Value,Flag,Flag Description,Note
"TCL","Crops and livestock products","356","India","5610","Import quantity","01371","Almonds, in shell","2022","2022","t","233745.98","A","Official value",""
"TCL","Crops and livestock products","356","India","5622","Import value","01371","Almonds, in shell","2022","2022","1000 USD","967648","A","Official value",""
"TCL","Crops and livestock products","356","India","5910","Export quantity","01371","Almonds, in shell","2022","2022","t","316.64","A","Official value",""
"TCL","Crops and livestock products","356","India","5922","Export value","01371","Almonds, in shell","2022","2022","1000 USD","1610","A","Official value",""
"TCL","Crops and livestock products","356","India","5610","Import quantity","01371","Almonds, in shell","2023","2023","t","259744.07","A","Official value",""
"TCL","Crops and livestock products","356","India","5622","Import value","01371","Almonds, in shell","2023","2023","1000 USD","937912","A","Official value",""
"TCL","Crops and livestock products","356","India","5910","Export quantity","01371","Almonds, in shell","2023","2023","t","117.11","A","Official value",""
"TCL","Crops and livestock products","356","India","5922","Export value","01371","Almonds, in shell","2023","2023","1000 USD","835","A","Official value",""
"TCL","Crops and livestock products","356","India","5610","Import quantity","01371","Almonds, in shell","2024","2024","t","269521.82","A","Official value",""
"TCL","Crops and livestock products","356","India","5622","Import value","01371","Almonds, in shell","2024","2024","1000 USD","1002045","A","Official value",""
"TCL","Crops and livestock products","356","India","5910","Export quantity","01371","Almonds, in shell","2024","2024","t","89.03","A","Official value",""
"TCL","Crops and livestock products","356","India","5922","Export value","01371","Almonds, in shell","2024","2024","1000 USD","860","A","Official value",""
"TCL","Crops and livestock products","356","India","5610","Import quantity","21422","Almonds, shelled","2022","2022","t","6810.45","A","Official value",""
"TCL","Crops and livestock products","356","India","5622","Import value","21422","Almonds, shelled","2022","2022","1000 USD","52096","A","Official value",""
"TCL","Crops and livestock products","356","India","5910","Export quantity","21422","Almonds, shelled","2022","2022","t","473.12","A","Official value",""
"TCL","Crops and livestock products","356","India","5922","Export value","21422","Almonds, shelled","2022","2022","1000 USD","3023","A","Official value",""
"TCL","Crops and livestock products","356","India","5610","Import quantity","21422","Almonds, shelled","2023","2023","t","12159.62","A","Official value",""
"TCL","Crops and livestock products","356","India","5622","Import value","21422","Almonds, shelled","2023","2023","1000 USD","81603","A","Official value",""
"TCL","Crops and livestock products","356","India","5910","Export quantity","21422","Almonds, shelled","2023","2023","t","112.51","A","Official value",""
"TCL","Crops and livestock products","356","India","5922","Export value","21422","Almonds, shelled","2023","2023","1000 USD","917","A","Official value",""
"TCL","Crops and livestock products","356","India","5610","Import quantity","21422","Almonds, shelled","2024","2024","t","13206.98","A","Official value",""
"TCL","Crops and livestock products","356","India","5622","Import value","21422","Almonds, shelled","2024","2024","1000 USD","83942","A","Official value",""
"TCL","Crops and livestock products","356","India","5910","Export quantity","21422","Almonds, shelled","2024","2024","t","239.83","A","Official value",""
"TCL","Crops and livestock products","356","India","5922","Export value","21422","Almonds, shelled","2024","2024","1000 USD","1815","A","Official value",""
"TCL","Crops and livestock products","356","India","5910","Export quantity","21529.03","Animal oils and fats n.e.c.","2022","2022","t","0.03","A","Official value",""
"TCL","Crops and livestock products","356","India","5922","Export value","21529.03","Animal oils and fats n.e.c.","2022","2022","1000 USD","3","A","Official value",""
"TCL","Crops and livestock products","356","India","5610","Import quantity","21529.03","Animal oils and fats n.e.c.","2023","2023","t","0","A","Official value",""
"TCL","Crops and livestock products","356","India","5622","Import value","21529.03","Animal oils and fats n.e.c.","2023","2023","1000 USD","0","A","Official value",""
"TCL","Crops and livestock products","356","India","5910","Export quantity","21529.03","Animal oils and fats n.e.c.","2023","2023","t","1.31","A","Official value",""
"TCL","Crops and livestock products","356","India","5922","Export value","21529.03","Animal oils and fats n.e.c.","2023","2023","1000 USD","5","A","Official value",""
"TCL","Crops and livestock products","356","India","5610","Import quantity","21529.03","Animal oils and fats n.e.c.","2024","2024","t","0.03","A","Official value",""
"TCL","Crops and livestock products","356","India","5622","Import value","21529.03","Animal oils and fats n.e.c.","2024","2024","1000 USD","0","A","Official value",""
"TCL","Crops and livestock products","356","India","5910","Export quantity","21529.03","Animal oils and fats n.e.c.","2024","2024","t","3.23","A","Official value",""
"TCL","Crops and livestock products","356","India","5922","Export value","21529.03","Animal oils and fats n.e.c.","2024","2024","1000 USD","21","A","Official value",""
"TCL","Crops and livestock products","356","India","5610","Import quantity","34550","Animal or vegetable fats and oils and their fractions, chemically modified, except those hydrogenated, inter-esterified, re-esterified or elaidinized; inedible mixtures or preparations of animal or vegetable fats or oils","2022","2022","t","749.11","A","Official value",""
"TCL","Crops and livestock products","356","India","5622","Import value","34550","Animal or vegetable fats and oils and their fractions, chemically modified, except those hydrogenated, inter-esterified, re-esterified or elaidinized; inedible mixtures or preparations of animal or vegetable fats or oils","2022","2022","1000 USD","3038","A","Official value",""
"TCL","Crops and livestock products","356","India","5910","Export quantity","34550","Animal or vegetable fats and oils and their fractions, chemically modified, except those hydrogenated, inter-esterified, re-esterified or elaidinized; inedible mixtures or preparations of animal or vegetable fats or oils","2022","2022","t","11411.37","A","Official value",""
"TCL","Crops and livestock products","356","India","5922","Export value","34550","Animal or vegetable fats and oils and their fractions, chemically modified, except those hydrogenated, inter-esterified, re-esterified or elaidinized; inedible mixtures or preparations of animal or vegetable fats or oils","2022","2022","1000 USD","23992","A","Official value",""
"TCL","Crops and livestock products","356","India","5610","Import quantity","34550","Animal or vegetable fats and oils and their fractions, chemically modified, except those hydrogenated, inter-esterified, re-esterified or elaidinized; inedible mixtures or preparations of animal or vegetable fats or oils","2023","2023","t","283.36","A","Official value",""
"TCL","Crops and livestock products","356","India","5622","Import value","34550","Animal or vegetable fats and oils and their fractions, chemically modified, except those hydrogenated, inter-esterified, re-esterified or elaidinized; inedible mixtures or preparations of animal or vegetable fats or oils","2023","2023","1000 USD","1411","A","Official value",""
"TCL","Crops and livestock products","356","India","5910","Export quantity","34550","Animal or vegetable fats and oils and their fractions, chemically modified, except those hydrogenated, inter-esterified, re-esterified or elaidinized; inedible mixtures or preparations of animal or vegetable fats or oils","2023","2023","t","30825.33","A","Official value",""
"TCL","Crops and livestock products","356","India","5922","Export value","34550","Animal or vegetable fats and oils and their fractions, chemically modified, except those hydrogenated, inter-esterified, re-esterified or elaidinized; inedible mixtures or preparations of animal or vegetable fats or oils","2023","2023","1000 USD","47677","A","Official value",""
"TCL","Crops and livestock products","356","India","5610","Import quantity","34550","Animal or vegetable fats and oils and their fractions, chemically modified, except those hydrogenated, inter-esterified, re-esterified or elaidinized; inedible mixtures or preparations of animal or vegetable fats or oils","2024","2024","t","1069.65","A","Official value",""
"TCL","Crops and livestock products","356","India","5622","Import value","34550","Animal or vegetable fats and oils and their fractions, chemically modified, except those hydrogenated, inter-esterified, re-esterified or elaidinized; inedible mixtures or preparations of animal or vegetable fats or oils","2024","2024","1000 USD","2088","A","Official value",""
"TCL","Crops and livestock products","356","India","5910","Export quantity","34550","Animal or vegetable fats and oils and their fractions, chemically modified, except those hydrogenated, inter-esterified, re-esterified or elaidinized; inedible mixtures or preparations of animal or vegetable fats or oils","2024","2024","t","24722.91","A","Official value",""
"TCL","Crops and livestock products","356","India","5922","Export value","34550","Animal or vegetable fats and oils and their fractions, chemically modified, except those hydrogenated, inter-esterified, re-esterified or elaidinized; inedible mixtures or preparations of animal or vegetable fats or oils","2024","2024","1000 USD","41288","A","Official value",""
"TCL","Crops and livestock products","356","India","5610","Import quantity","01654","Anise, badian, coriander, cumin, caraway, fennel and juniper berries, raw","2022","2022","t","55436.82","A","Official value",""
"TCL","Crops and livestock products","356","India","5622","Import value","01654","Anise, badian, coriander, cumin, caraway, fennel and juniper berries, raw","2022","2022","1000 USD","118306","A","Official value",""
"TCL","Crops and livestock products","356","India","5910","Export quantity","01654","Anise, badian, coriander, cumin, caraway, fennel and juniper berries, raw","2022","2022","t","256113.61","A","Official value",""
"TCL","Crops and livestock products","356","India","5922","Export value","01654","Anise, badian, coriander, cumin, caraway, fennel and juniper berries, raw","2022","2022","1000 USD","609550","A","Official value",""
"TCL","Crops and livestock products","356","India","5610","Import quantity","01654","Anise, badian, coriander, cumin, caraway, fennel and juniper berries, raw","2023","2023","t","70922.16","A","Official value",""
"TCL","Crops and livestock products","356","India","5622","Import value","01654","Anise, badian, coriander, cumin, caraway, fennel and juniper berries, raw","2023","2023","1000 USD","208775","A","Official value",""
"TCL","Crops and livestock products","356","India","5910","Export quantity","01654","Anise, badian, coriander, cumin, caraway, fennel and juniper berries, raw","2023","2023","t","293735.03","A","Official value",""
"TCL","Crops and livestock products","356","India","5922","Export value","01654","Anise, badian, coriander, cumin, caraway, fennel and juniper berries, raw","2023","2023","1000 USD","812132","A","Official value",""
"TCL","Crops and livestock products","356","India","5610","Import quantity","01654","Anise, badian, coriander, cumin, caraway, fennel and juniper berries, raw","2024","2024","t","36154.6","A","Official value",""
"TCL","Crops and livestock products","356","India","5622","Import value","01654","Anise, badian, coriander, cumin, caraway, fennel and juniper berries, raw","2024","2024","1000 USD","96933","A","Official value",""
"TCL","Crops and livestock products","356","India","5910","Export quantity","01654","Anise, badian, coriander, cumin, caraway, fennel and juniper berries, raw","2024","2024","t","377393.4","A","Official value",""
"TCL","Crops and livestock products","356","India","5922","Export value","01654","Anise, badian, coriander, cumin, caraway, fennel and juniper berries, raw","2024","2024","1000 USD","955219","A","Official value",""
"TCL","Crops and livestock products","356","India","5610","Import quantity","21435.01","Apple juice","2022","2022","t","38.46","A","Official value",""
"TCL","Crops and livestock products","356","India","5622","Import value","21435.01","Apple juice","2022","2022","1000 USD","35","A","Official value",""
"TCL","Crops and livestock products","356","India","5910","Export quantity","21435.01","Apple juice","2022","2022","t","2.51","A","Official value",""
"TCL","Crops and livestock products","356","India","5922","Export value","21435.01","Apple juice","2022","2022","1000 USD","1","A","Official value",""
"TCL","Crops and livestock products","356","India","5610","Import quantity","21435.01","Apple juice","2023","2023","t","81.02","A","Official value",""
"TCL","Crops and livestock products","356","India","5622","Import value","21435.01","Apple juice","2023","2023","1000 USD","101","A","Official value",""
"TCL","Crops and livestock products","356","India","5910","Export quantity","21435.01","Apple juice","2023","2023","t","15.33","A","Official value",""
"TCL","Crops and livestock products","356","India","5922","Export value","21435.01","Apple juice","2023","2023","1000 USD","12","A","Official value",""
"TCL","Crops and livestock products","356","India","5610","Import quantity","21435.01","Apple juice","2024","2024","t","113.11","A","Official value",""
"TCL","Crops and livestock products","356","India","5622","Import value","21435.01","Apple juice","2024","2024","1000 USD","125","A","Official value",""
"TCL","Crops and livestock products","356","India","5910","Export quantity","21435.01","Apple juice","2024","2024","t","32.85","A","Official value",""
"TCL","Crops and livestock products","356","India","5922","Export value","21435.01","Apple juice","2024","2024","1000 USD","37","A","Official value",""
"TCL","Crops and livestock products","356","India","5610","Import quantity","21435.02","Apple juice, concentrated","2022","2022","t","10006.46","A","Official value",""
"TCL","Crops and livestock products","356","India","5622","Import value","21435.02","Apple juice, concentrated","2022","2022","1000 USD","11180","A","Official value",""
"TCL","Crops and livestock products","356","India","5910","Export quantity","21435.02","Apple juice, concentrated","2022","2022","t","106.45","A","Official value",""
"TCL","Crops and livestock products","356","India","5922","Export value","21435.02","Apple juice, concentrated","2022","2022","1000 USD","215","A","Official value",""
"TCL","Crops and livestock products","356","India","5610","Import quantity","21435.02","Apple juice, concentrated","2023","2023","t","1701.75","A","Official value",""
"TCL","Crops and livestock products","356","India","5622","Import value","21435.02","Apple juice, concentrated","2023","2023","1000 USD","2508","A","Official value",""
"TCL","Crops and livestock products","356","India","5910","Export quantity","21435.02","Apple juice, concentrated","2023","2023","t","116.63","A","Official value",""
"TCL","Crops and livestock products","356","India","5922","Export value","21435.02","Apple juice, concentrated","2023","2023","1000 USD","251","A","Official value",""
"TCL","Crops and livestock products","356","India","5610","Import quantity","21435.02","Apple juice, concentrated","2024","2024","t","1900.03","A","Official value",""
"TCL","Crops and livestock products","356","India","5622","Import value","21435.02","Apple juice, concentrated","2024","2024","1000 USD","2838","A","Official value",""
"TCL","Crops and livestock products","356","India","5910","Export quantity","21435.02","Apple juice, concentrated","2024","2024","t","313.83","A","Official value",""
"TCL","Crops and livestock products","356","India","5922","Export value","21435.02","Apple juice, concentrated","2024","2024","1000 USD","557","A","Official value",""
"TCL","Crops and livestock products","356","India","5610","Import quantity","01341","Apples","2022","2022","t","392482.87","A","Official value",""
"TCL","Crops and livestock products","356","India","5622","Import value","01341","Apples","2022","2022","1000 USD","314345","A","Official value",""
"TCL","Crops and livestock products","356","India","5910","Export quantity","01341","Apples","2022","2022","t","52892.12","A","Official value",""
"TCL","Crops and livestock products","356","India","5922","Export value","01341","Apples","2022","2022","1000 USD","21346","A","Official value",""
"TCL","Crops and livestock products","356","India","5610","Import quantity","01341","Apples","2023","2023","t","469550.49","A","Official value",""
"TCL","Crops and livestock products","356","India","5622","Import value","01341","Apples","2023","2023","1000 USD","363053","A","Official value",""
"TCL","Crops and livestock products","356","India","5910","Export quantity","01341","Apples","2023","2023","t","22337.96","A","Official value",""
"TCL","Crops and livestock products","356","India","5922","Export value","01341","Apples","2023","2023","1000 USD","9503","A","Official value",""
"TCL","Crops and livestock products","356","India","5610","Import quantity","01341","Apples","2024","2024","t","519651.99","A","Official value",""
"TCL","Crops and livestock products","356","India","5622","Import value","01341","Apples","2024","2024","1000 USD","417558","A","Official value",""
"TCL","Crops and livestock products","356","India","5910","Export quantity","01341","Apples","2024","2024","t","32874.3","A","Official value",""
"TCL","Crops and livestock products","356","India","5922","Export value","01341","Apples","2024","2024","1000 USD","13045","A","Official value",""
"TCL","Crops and livestock products","356","India","5610","Import quantity","01343","Apricots","2022","2022","t","759.41","A","Official value",""
"TCL","Crops and livestock products","356","India","5622","Import value","01343","Apricots","2022","2022","1000 USD","1560","A","Official value",""
"TCL","Crops and livestock products","356","India","5910","Export quantity","01343","Apricots","2022","2022","t","1.86","A","Official value",""
"TCL","Crops and livestock products","356","India","5922","Export value","01343","Apricots","2022","2022","1000 USD","3","A","Official value",""
"TCL","Crops and livestock products","356","India","5610","Import quantity","01343","Apricots","2023","2023","t","1639.85","A","Official value",""
"TCL","Crops and livestock products","356","India","5622","Import value","01343","Apricots","2023","2023","1000 USD","3293","A","Official value",""
"TCL","Crops and livestock products","356","India","5910","Export quantity","01343","Apricots","2023","2023","t","1.47","A","Official value",""
"TCL","Crops and livestock products","356","India","5922","Export value","01343","Apricots","2023","2023","1000 USD","9","A","Official value",""
"TCL","Crops and livestock products","356","India","5610","Import quantity","01343","Apricots","2024","2024","t","1105.16","A","Official value",""
"TCL","Crops and livestock products","356","India","5622","Import value","01343","Apricots","2024","2024","1000 USD","2197","A","Official value",""
"TCL","Crops and livestock products","356","India","5910","Export quantity","01343","Apricots","2024","2024","t","0.78","A","Official value",""
"TCL","Crops and livestock products","356","India","5922","Export value","01343","Apricots","2024","2024","1000 USD","4","A","Official value",""
"TCL","Crops and livestock products","356","India","5610","Import quantity","21419.01","Apricots, dried","2022","2022","t","5649.19","A","Official value",""
"TCL","Crops and livestock products","356","India","5622","Import value","21419.01","Apricots, dried","2022","2022","1000 USD","17066","A","Official value",""
"TCL","Crops and livestock products","356","India","5910","Export quantity","21419.01","Apricots, dried","2022","2022","t","71.42","A","Official value",""
"TCL","Crops and livestock products","356","India","5922","Export value","21419.01","Apricots, dried","2022","2022","1000 USD","331","A","Official value",""
"TCL","Crops and livestock products","356","India","5610","Import quantity","21419.01","Apricots, dried","2023","2023","t","6085.3","A","Official value",""
"TCL","Crops and livestock products","356","India","5622","Import value","21419.01","Apricots, dried","2023","2023","1000 USD","17608","A","Official value",""
"TCL","Crops and livestock products","356","India","5910","Export quantity","21419.01","Apricots, dried","2023","2023","t","94.72","A","Official value",""
"TCL","Crops and livestock products","356","India","5922","Export value","21419.01","Apricots, dried","2023","2023","1000 USD","367","A","Official value",""
"TCL","Crops and livestock products","356","India","5610","Import quantity","21419.01","Apricots, dried","2024","2024","t","5629.02","A","Official value",""
"TCL","Crops and livestock products","356","India","5622","Import value","21419.01","Apricots, dried","2024","2024","1000 USD","15665","A","Official value",""
"TCL","Crops and livestock products","356","India","5910","Export quantity","21419.01","Apricots, dried","2024","2024","t","86.54","A","Official value",""
"TCL","Crops and livestock products","356","India","5922","Export value","21419.01","Apricots, dried","2024","2024","1000 USD","427","A","Official value",""
"TCL","Crops and livestock products","356","India","5610","Import quantity","01379.01","Areca nuts","2022","2022","t","78842.22","A","Official value",""
"TCL","Crops and livestock products","356","India","5622","Import value","01379.01","Areca nuts","2022","2022","1000 USD","276415","A","Official value",""
"TCL","Crops and livestock products","356","India","5910","Export quantity","01379.01","Areca nuts","2022","2022","t","11805.59","A","Official value",""
"TCL","Crops and livestock products","356","India","5922","Export value","01379.01","Areca nuts","2022","2022","1000 USD","52436","A","Official value",""
"TCL","Crops and livestock products","356","India","5610","Import quantity","01379.01","Areca nuts","2023","2023","t","39297.68","A","Official value",""
"TCL","Crops and livestock products","356","India","5622","Import value","01379.01","Areca nuts","2023","2023","1000 USD","152278","A","Official value",""
"TCL","Crops and livestock products","356","India","5910","Export quantity","01379.01","Areca nuts","2023","2023","t","13652.49","A","Official value",""
"TCL","Crops and livestock products","356","India","5922","Export value","01379.01","Areca nuts","2023","2023","1000 USD","59194","A","Official value",""
"TCL","Crops and livestock products","356","India","5610","Import quantity","01379.01","Areca nuts","2024","2024","t","40918.56","A","Official value",""
"TCL","Crops and livestock products","356","India","5622","Import value","01379.01","Areca nuts","2024","2024","1000 USD","143270","A","Official value",""
"TCL","Crops and livestock products","356","India","5910","Export quantity","01379.01","Areca nuts","2024","2024","t","3307.4","A","Official value",""
"TCL","Crops and livestock products","356","India","5922","Export value","01379.01","Areca nuts","2024","2024","1000 USD","17478","A","Official value",""
"TCL","Crops and livestock products","356","India","5910","Export quantity","01216","Artichokes","2023","2023","t","0.07","A","Official value",""
"TCL","Crops and livestock products","356","India","5922","Export value","01216","Artichokes","2023","2023","1000 USD","0","A","Official value",""
"TCL","Crops and livestock products","356","India","5910","Export quantity","01216","Artichokes","2024","2024","t","0.05","A","Official value",""
"TCL","Crops and livestock products","356","India","5922","Export value","01216","Artichokes","2024","2024","1000 USD","0","A","Official value",""
"TCL","Crops and livestock products","356","India","5610","Import quantity","01211","Asparagus","2022","2022","t","220.52","A","Official value",""
"TCL","Crops and livestock products","356","India","5622","Import value","01211","Asparagus","2022","2022","1000 USD","1414","A","Official value",""
"TCL","Crops and livestock products","356","India","5910","Export quantity","01211","Asparagus","2022","2022","t","8.55","A","Official value",""
"TCL","Crops and livestock products","356","India","5922","Export value","01211","Asparagus","2022","2022","1000 USD","23","A","Official value",""
"TCL","Crops and livestock products","356","India","5610","Import quantity","01211","Asparagus","2023","2023","t","168.83","A","Official value",""
"TCL","Crops and livestock products","356","India","5622","Import value","01211","Asparagus","2023","2023","1000 USD","1144","A","Official value",""
"TCL","Crops and livestock products","356","India","5910","Export quantity","01211","Asparagus","2023","2023","t","0.41","A","Official value",""
"TCL","Crops and livestock products","356","India","5922","Export value","01211","Asparagus","2023","2023","1000 USD","1","A","Official value",""
"TCL","Crops and livestock products","356","India","5610","Import quantity","01211","Asparagus","2024","2024","t","98.71","A","Official value",""
"TCL","Crops and livestock products","356","India","5622","Import value","01211","Asparagus","2024","2024","1000 USD","536","A","Official value",""
"TCL","Crops and livestock products","356","India","5910","Export quantity","01211","Asparagus","2024","2024","t","0.84","A","Official value",""
"TCL","Crops and livestock products","356","India","5922","Export value","01211","Asparagus","2024","2024","1000 USD","4","A","Official value",""
"TCL","Crops and livestock products","356","India","5608","Import quantity","02132","Asses","2023","2023","An","1","A","Official value",""
"TCL","Crops and livestock products","356","India","5622","Import value","02132","Asses","2023","2023","1000 USD","0","A","Official value",""
"TCL","Crops and livestock products","356","India","5610","Import quantity","01311","Avocados","2022","2022","t","2200.29","A","Official value",""
"TCL","Crops and livestock products","356","India","5622","Import value","01311","Avocados","2022","2022","1000 USD","6364","A","Official value",""
"TCL","Crops and livestock products","356","India","5910","Export quantity","01311","Avocados","2022","2022","t","24.09","A","Official value",""
"TCL","Crops and livestock products","356","India","5922","Export value","01311","Avocados","2022","2022","1000 USD","52","A","Official value",""
"TCL","Crops and livestock products","356","India","5610","Import quantity","01311","Avocados","2023","2023","t","3931.18","A","Official value",""
"TCL","Crops and livestock products","356","India","5622","Import value","01311","Avocados","2023","2023","1000 USD","10438","A","Official value",""
"TCL","Crops and livestock products","356","India","5910","Export quantity","01311","Avocados","2023","2023","t","14.78","A","Official value",""
"TCL","Crops and livestock products","356","India","5922","Export value","01311","Avocados","2023","2023","1000 USD","48","A","Official value",""
"TCL","Crops and livestock products","356","India","5610","Import quantity","01311","Avocados","2024","2024","t","9221.85","A","Official value",""
"TCL","Crops and livestock products","356","India","5622","Import value","01311","Avocados","2024","2024","1000 USD","22389","A","Official value",""
"TCL","Crops and livestock products","356","India","5910","Export quantity","01311","Avocados","2024","2024","t","19.86","A","Official value",""
"TCL","Crops and livestock products","356","India","5922","Export value","01311","Avocados","2024","2024","1000 USD","67","A","Official value",""
"TCL","Crops and livestock products","356","India","5610","Import quantity","39141","Bagasse","2022","2022","t","4.05","A","Official value",""
"TCL","Crops and livestock products","356","India","5622","Import value","39141","Bagasse","2022","2022","1000 USD","15","A","Official value",""
"TCL","Crops and livestock products","356","India","5910","Export quantity","39141","Bagasse","2022","2022","t","16864.35","A","Official value",""
"TCL","Crops and livestock products","356","India","5922","Export value","39141","Bagasse","2022","2022","1000 USD","896","A","Official value",""
"TCL","Crops and livestock products","356","India","5610","Import quantity","39141","Bagasse","2023","2023","t","2170.21","A","Official value",""
"TCL","Crops and livestock products","356","India","5622","Import value","39141","Bagasse","2023","2023","1000 USD","99","A","Official value",""
"TCL","Crops and livestock products","356","India","5910","Export quantity","39141","Bagasse","2023","2023","t","30519.62","A","Official value",""
"TCL","Crops and livestock products","356","India","5922","Export value","39141","Bagasse","2023","2023","1000 USD","1492","A","Official value",""
"TCL","Crops and livestock products","356","India","5610","Import quantity","39141","Bagasse","2024","2024","t","12894.4","A","Official value",""
"TCL","Crops and livestock products","356","India","5622","Import value","39141","Bagasse","2024","2024","1000 USD","161","A","Official value",""
"TCL","Crops and livestock products","356","India","5910","Export quantity","39141","Bagasse","2024","2024","t","10468.36","A","Official value",""
"TCL","Crops and livestock products","356","India","5922","Export value","39141","Bagasse","2024","2024","1000 USD","542","A","Official value",""
"TCL","Crops and livestock products","356","India","5610","Import quantity","03211","Balata, gutta-percha, guayule, chicle and similar natural gums in primary forms or in plates, sheets or strip","2022","2022","t","2447.68","A","Official value",""
"TCL","Crops and livestock products","356","India","5622","Import value","03211","Balata, gutta-percha, guayule, chicle and similar natural gums in primary forms or in plates, sheets or strip","2022","2022","1000 USD","208","A","Official value",""
"TCL","Crops and livestock products","356","India","5910","Export quantity","03211","Balata, gutta-percha, guayule, chicle and similar natural gums in primary forms or in plates, sheets or strip","2022","2022","t","0.23","A","Official value",""
"TCL","Crops and livestock products","356","India","5922","Export value","03211","Balata, gutta-percha, guayule, chicle and similar natural gums in primary forms or in plates, sheets or strip","2022","2022","1000 USD","1","A","Official value",""
"TCL","Crops and livestock products","356","India","5610","Import quantity","03211","Balata, gutta-percha, guayule, chicle and similar natural gums in primary forms or in plates, sheets or strip","2023","2023","t","1.44","A","Official value",""
"TCL","Crops and livestock products","356","India","5622","Import value","03211","Balata, gutta-percha, guayule, chicle and similar natural gums in primary forms or in plates, sheets or strip","2023","2023","1000 USD","137","A","Official value",""
"TCL","Crops and livestock products","356","India","5910","Export quantity","03211","Balata, gutta-percha, guayule, chicle and similar natural gums in primary forms or in plates, sheets or strip","2023","2023","t","56.22","A","Official value",""
"TCL","Crops and livestock products","356","India","5922","Export value","03211","Balata, gutta-percha, guayule, chicle and similar natural gums in primary forms or in plates, sheets or strip","2023","2023","1000 USD","122","A","Official value",""
"TCL","Crops and livestock products","356","India","5610","Import quantity","03211","Balata, gutta-percha, guayule, chicle and similar natural gums in primary forms or in plates, sheets or strip","2024","2024","t","2.08","A","Official value",""
"TCL","Crops and livestock products","356","India","5622","Import value","03211","Balata, gutta-percha, guayule, chicle and similar natural gums in primary forms or in plates, sheets or strip","2024","2024","1000 USD","87","A","Official value",""
"TCL","Crops and livestock products","356","India","5910","Export quantity","03211","Balata, gutta-percha, guayule, chicle and similar natural gums in primary forms or in plates, sheets or strip","2024","2024","t","53.1","A","Official value",""
"TCL","Crops and livestock products","356","India","5922","Export value","03211","Balata, gutta-percha, guayule, chicle and similar natural gums in primary forms or in plates, sheets or strip","2024","2024","1000 USD","87","A","Official value",""
"TCL","Crops and livestock products","356","India","5610","Import quantity","01708","Bambara beans, dry","2022","2022","t","120.16","A","Official value",""
"TCL","Crops and livestock products","356","India","5622","Import value","01708","Bambara beans, dry","2022","2022","1000 USD","213","A","Official value",""
"TCL","Crops and livestock products","356","India","5910","Export quantity","01708","Bambara beans, dry","2022","2022","t","25.15","A","Official value",""
"TCL","Crops and livestock products","356","India","5922","Export value","01708","Bambara beans, dry","2022","2022","1000 USD","17","A","Official value",""
"TCL","Crops and livestock products","356","India","5610","Import quantity","01708","Bambara beans, dry","2023","2023","t","51","A","Official value",""
"TCL","Crops and livestock products","356","India","5622","Import value","01708","Bambara beans, dry","2023","2023","1000 USD","71","A","Official value",""
"TCL","Crops and livestock products","356","India","5910","Export quantity","01708","Bambara beans, dry","2023","2023","t","23.66","A","Official value",""
"TCL","Crops and livestock products","356","India","5922","Export value","01708","Bambara beans, dry","2023","2023","1000 USD","31","A","Official value",""
"TCL","Crops and livestock products","356","India","5610","Import quantity","01708","Bambara beans, dry","2024","2024","t","162.74","A","Official value",""
"TCL","Crops and livestock products","356","India","5622","Import value","01708","Bambara beans, dry","2024","2024","1000 USD","180","A","Official value",""
"TCL","Crops and livestock products","356","India","5910","Export quantity","01708","Bambara beans, dry","2024","2024","t","5","A","Official value",""
"TCL","Crops and livestock products","356","India","5922","Export value","01708","Bambara beans, dry","2024","2024","1000 USD","8","A","Official value",""
"TCL","Crops and livestock products","356","India","5910","Export quantity","01312","Bananas","2022","2022","t","362364.1","A","Official value",""
"TCL","Crops and livestock products","356","India","5922","Export value","01312","Bananas","2022","2022","1000 USD","161808","A","Official value",""
"TCL","Crops and livestock products","356","India","5610","Import quantity","01312","Bananas","2023","2023","t","0.07","A","Official value",""
"TCL","Crops and livestock products","356","India","5622","Import value","01312","Bananas","2023","2023","1000 USD","0","A","Official value",""
"TCL","Crops and livestock products","356","India","5910","Export quantity","01312","Bananas","2023","2023","t","499131.23","A","Official value",""
"TCL","Crops and livestock products","356","India","5922","Export value","01312","Bananas","2023","2023","1000 USD","250674","A","Official value",""
"TCL","Crops and livestock products","356","India","5910","Export quantity","01312","Bananas","2024","2024","t","763863.64","A","Official value",""
"TCL","Crops and livestock products","356","India","5922","Export value","01312","Bananas","2024","2024","1000 USD","352921","A","Official value",""
"TCL","Crops and livestock products","356","India","5610","Import quantity","0115","Barley","2022","2022","t","167023.81","A","Official value",""
"TCL","Crops and livestock products","356","India","5622","Import value","0115","Barley","2022","2022","1000 USD","79536","A","Official value",""
"TCL","Crops and livestock products","356","India","5910","Export quantity","0115","Barley","2022","2022","t","2087.69","A","Official value",""
"TCL","Crops and livestock products","356","India","5922","Export value","0115","Barley","2022","2022","1000 USD","1148","A","Official value",""
"TCL","Crops and livestock products","356","India","5610","Import quantity","0115","Barley","2023","2023","t","185456.17","A","Official value",""
"TCL","Crops and livestock products","356","India","5622","Import value","0115","Barley","2023","2023","1000 USD","77687","A","Official value",""
"TCL","Crops and livestock products","356","India","5910","Export quantity","0115","Barley","2023","2023","t","7072.13","A","Official value",""
"TCL","Crops and livestock products","356","India","5922","Export value","0115","Barley","2023","2023","1000 USD","2767","A","Official value",""
"TCL","Crops and livestock products","356","India","5610","Import quantity","0115","Barley","2024","2024","t","121134.53","A","Official value",""
"TCL","Crops and livestock products","356","India","5622","Import value","0115","Barley","2024","2024","1000 USD","38669","A","Official value",""
"TCL","Crops and livestock products","356","India","5910","Export quantity","0115","Barley","2024","2024","t","4530.45","A","Official value",""
"TCL","Crops and livestock products","356","India","5922","Export value","0115","Barley","2024","2024","1000 USD","2217","A","Official value",""
"TCL","Crops and livestock products","356","India","5610","Import quantity","23120.02","Barley flour and grits","2022","2022","t","0.01","A","Official value",""
"TCL","Crops and livestock products","356","India","5622","Import value","23120.02","Barley flour and grits","2022","2022","1000 USD","0","A","Official value",""
"TCL","Crops and livestock products","356","India","5910","Export quantity","23120.02","Barley flour and grits","2022","2022","t","0.22","A","Official value",""
"TCL","Crops and livestock products","356","India","5922","Export value","23120.02","Barley flour and grits","2022","2022","1000 USD","0","A","Official value",""
"TCL","Crops and livestock products","356","India","5610","Import quantity","23120.02","Barley flour and grits","2023","2023","t","1.84","A","Official value",""
"TCL","Crops and livestock products","356","India","5622","Import value","23120.02","Barley flour and grits","2023","2023","1000 USD","1","A","Official value",""
"TCL","Crops and livestock products","356","India","5910","Export quantity","23120.02","Barley flour and grits","2023","2023","t","48.44","A","Official value",""
"TCL","Crops and livestock products","356","India","5922","Export value","23120.02","Barley flour and grits","2023","2023","1000 USD","68","A","Official value",""
"TCL","Crops and livestock products","356","India","5610","Import quantity","23120.02","Barley flour and grits","2024","2024","t","10.5","A","Official value",""
"TCL","Crops and livestock products","356","India","5622","Import value","23120.02","Barley flour and grits","2024","2024","1000 USD","6","A","Official value",""
"TCL","Crops and livestock products","356","India","5910","Export quantity","23120.02","Barley flour and grits","2024","2024","t","35.55","A","Official value",""
"TCL","Crops and livestock products","356","India","5922","Export value","23120.02","Barley flour and grits","2024","2024","1000 USD","33","A","Official value",""
"TCL","Crops and livestock products","356","India","5610","Import quantity","01701","Beans, dry","2022","2022","t","744665.11","A","Official value",""
"TCL","Crops and livestock products","356","India","5622","Import value","01701","Beans, dry","2022","2022","1000 USD","692531","A","Official value",""
"TCL","Crops and livestock products","356","India","5910","Export quantity","01701","Beans, dry","2022","2022","t","55016.61","A","Official value",""
"TCL","Crops and livestock products","356","India","5922","Export value","01701","Beans, dry","2022","2022","1000 USD","63133","A","Official value",""
"TCL","Crops and livestock products","356","India","5610","Import quantity","01701","Beans, dry","2023","2023","t","772747.32","A","Official value",""
"TCL","Crops and livestock products","356","India","5622","Import value","01701","Beans, dry","2023","2023","1000 USD","784462","A","Official value",""
"TCL","Crops and livestock products","356","India","5910","Export quantity","01701","Beans, dry","2023","2023","t","114000.53","A","Official value",""
"TCL","Crops and livestock products","356","India","5922","Export value","01701","Beans, dry","2023","2023","1000 USD","133099","A","Official value",""
"TCL","Crops and livestock products","356","India","5610","Import quantity","01701","Beans, dry","2024","2024","t","976595.84","A","Official value",""
"TCL","Crops and livestock products","356","India","5622","Import value","01701","Beans, dry","2024","2024","1000 USD","1060655","A","Official value",""
"TCL","Crops and livestock products","356","India","5910","Export quantity","01701","Beans, dry","2024","2024","t","158404.38","A","Official value",""
"TCL","Crops and livestock products","356","India","5922","Export value","01701","Beans, dry","2024","2024","1000 USD","197580","A","Official value",""
"TCL","Crops and livestock products","356","India","5910","Export quantity","F0875","Beef and veal preparations nes","2023","2023","t","563.4","A","Official value",""
"TCL","Crops and livestock products","356","India","5922","Export value","F0875","Beef and veal preparations nes","2023","2023","1000 USD","1326","A","Official value",""
"TCL","Crops and livestock products","356","India","5910","Export quantity","F0875","Beef and veal preparations nes","2024","2024","t","40","A","Official value",""
"TCL","Crops and livestock products","356","India","5922","Export value","F0875","Beef and veal preparations nes","2024","2024","1000 USD","97","A","Official value",""
"TCL","Crops and livestock products","356","India","5610","Import quantity","24310.01","Beer of barley, malted","2022","2022","t","8176.2","A","Official value",""
"TCL","Crops and livestock products","356","India","5622","Import value","24310.01","Beer of barley, malted","2022","2022","1000 USD","6362","A","Official value",""
"TCL","Crops and livestock products","356","India","5910","Export quantity","24310.01","Beer of barley, malted","2022","2022","t","39966.55","A","Official value",""
"TCL","Crops and livestock products","356","India","5922","Export value","24310.01","Beer of barley, malted","2022","2022","1000 USD","44744","A","Official value",""
"TCL","Crops and livestock products","356","India","5610","Import quantity","24310.01","Beer of barley, malted","2023","2023","t","14772.2","A","Official value",""
"TCL","Crops and livestock products","356","India","5622","Import value","24310.01","Beer of barley, malted","2023","2023","1000 USD","11465","A","Official value",""
"TCL","Crops and livestock products","356","India","5910","Export quantity","24310.01","Beer of barley, malted","2023","2023","t","41075.1","A","Official value",""
"TCL","Crops and livestock products","356","India","5922","Export value","24310.01","Beer of barley, malted","2023","2023","1000 USD","35953","A","Official value",""
"TCL","Crops and livestock products","356","India","5610","Import quantity","24310.01","Beer of barley, malted","2024","2024","t","20602.87","A","Official value",""
"TCL","Crops and livestock products","356","India","5622","Import value","24310.01","Beer of barley, malted","2024","2024","1000 USD","15836","A","Official value",""
"TCL","Crops and livestock products","356","India","5910","Export quantity","24310.01","Beer of barley, malted","2024","2024","t","44818.61","A","Official value",""
"TCL","Crops and livestock products","356","India","5922","Export value","24310.01","Beer of barley, malted","2024","2024","1000 USD","38681","A","Official value",""
"TCL","Crops and livestock products","356","India","5607","Import quantity","02196","Bees","2022","2022","No","3","A","Official value",""
"TCL","Crops and livestock products","356","India","5622","Import value","02196","Bees","2022","2022","1000 USD","0","A","Official value",""
"TCL","Crops and livestock products","356","India","5607","Import quantity","02196","Bees","2024","2024","No","151","A","Official value",""
"TCL","Crops and livestock products","356","India","5622","Import value","02196","Bees","2024","2024","1000 USD","2","A","Official value",""
"TCL","Crops and livestock products","356","India","5610","Import quantity","02960.01","Beeswax","2022","2022","t","2454.82","A","Official value",""
"TCL","Crops and livestock products","356","India","5622","Import value","02960.01","Beeswax","2022","2022","1000 USD","4145","A","Official value",""
"TCL","Crops and livestock products","356","India","5910","Export quantity","02960.01","Beeswax","2022","2022","t","79.28","A","Official value",""
"TCL","Crops and livestock products","356","India","5922","Export value","02960.01","Beeswax","2022","2022","1000 USD","404","A","Official value",""
"TCL","Crops and livestock products","356","India","5610","Import quantity","02960.01","Beeswax","2023","2023","t","2251.67","A","Official value",""
"TCL","Crops and livestock products","356","India","5622","Import value","02960.01","Beeswax","2023","2023","1000 USD","2665","A","Official value",""
"TCL","Crops and livestock products","356","India","5910","Export quantity","02960.01","Beeswax","2023","2023","t","64.8","A","Official value",""
"TCL","Crops and livestock products","356","India","5922","Export value","02960.01","Beeswax","2023","2023","1000 USD","418","A","Official value",""
"TCL","Crops and livestock products","356","India","5610","Import quantity","02960.01","Beeswax","2024","2024","t","1695.79","A","Official value",""
"TCL","Crops and livestock products","356","India","5622","Import value","02960.01","Beeswax","2024","2024","1000 USD","2488","A","Official value",""
"TCL","Crops and livestock products","356","India","5910","Export quantity","02960.01","Beeswax","2024","2024","t","48.29","A","Official value",""
"TCL","Crops and livestock products","356","India","5922","Export value","02960.01","Beeswax","2024","2024","1000 USD","69","A","Official value",""
"TCL","Crops and livestock products","356","India","5910","Export quantity","21182","Bovine meat, salted, dried or smoked","2023","2023","t","2.16","A","Official value",""
"TCL","Crops and livestock products","356","India","5922","Export value","21182","Bovine meat, salted, dried or smoked","2023","2023","1000 USD","8","A","Official value",""
"TCL","Crops and livestock products","356","India","5610","Import quantity","39120.13","Bran of cereals n.e.c.","2022","2022","t","28748.62","A","Official value",""
"TCL","Crops and livestock products","356","India","5622","Import value","39120.13","Bran of cereals n.e.c.","2022","2022","1000 USD","8294","A","Official value",""
"TCL","Crops and livestock products","356","India","5910","Export quantity","39120.13","Bran of cereals n.e.c.","2022","2022","t","7783.98","A","Official value",""
"TCL","Crops and livestock products","356","India","5922","Export value","39120.13","Bran of cereals n.e.c.","2022","2022","1000 USD","1089","A","Official value",""
"TCL","Crops and livestock products","356","India","5610","Import quantity","39120.13","Bran of cereals n.e.c.","2023","2023","t","31025.88","A","Official value",""
"TCL","Crops and livestock products","356","India","5622","Import value","39120.13","Bran of cereals n.e.c.","2023","2023","1000 USD","9306","A","Official value",""
"TCL","Crops and livestock products","356","India","5910","Export quantity","39120.13","Bran of cereals n.e.c.","2023","2023","t","3570.21","A","Official value",""
"TCL","Crops and livestock products","356","India","5922","Export value","39120.13","Bran of cereals n.e.c.","2023","2023","1000 USD","586","A","Official value",""
"TCL","Crops and livestock products","356","India","5610","Import quantity","39120.13","Bran of cereals n.e.c.","2024","2024","t","40470.14","A","Official value",""
"TCL","Crops and livestock products","356","India","5622","Import value","39120.13","Bran of cereals n.e.c.","2024","2024","1000 USD","7906","A","Official value",""
"TCL","Crops and livestock products","356","India","5910","Export quantity","39120.13","Bran of cereals n.e.c.","2024","2024","t","2263.98","A","Official value",""
"TCL","Crops and livestock products","356","India","5922","Export value","39120.13","Bran of cereals n.e.c.","2024","2024","1000 USD","417","A","Official value",""
"TCL","Crops and livestock products","356","India","5610","Import quantity","39120.04","Bran of maize","2022","2022","t","7667.77","A","Official value",""
"TCL","Crops and livestock products","356","India","5622","Import value","39120.04","Bran of maize","2022","2022","1000 USD","2656","A","Official value",""
"TCL","Crops and livestock products","356","India","5910","Export quantity","39120.04","Bran of maize","2022","2022","t","49857.64","A","Official value",""
"TCL","Crops and livestock products","356","India","5922","Export value","39120.04","Bran of maize","2022","2022","1000 USD","9757","A","Official value",""
"TCL","Crops and livestock products","356","India","5610","Import quantity","39120.04","Bran of maize","2023","2023","t","9174.83","A","Official value",""
"TCL","Crops and livestock products","356","India","5622","Import value","39120.04","Bran of maize","2023","2023","1000 USD","3083","A","Official value",""
"TCL","Crops and livestock products","356","India","5910","Export quantity","39120.04","Bran of maize","2023","2023","t","13395.23","A","Official value",""
"TCL","Crops and livestock products","356","India","5922","Export value","39120.04","Bran of maize","2023","2023","1000 USD","2788","A","Official value",""
"TCL","Crops and livestock products","356","India","5610","Import quantity","39120.04","Bran of maize","2024","2024","t","2512.17","A","Official value",""
"TCL","Crops and livestock products","356","India","5622","Import value","39120.04","Bran of maize","2024","2024","1000 USD","613","A","Official value",""
"TCL","Crops and livestock products","356","India","5910","Export quantity","39120.04","Bran of maize","2024","2024","t","3117.37","A","Official value",""
"TCL","Crops and livestock products","356","India","5922","Export value","39120.04","Bran of maize","2024","2024","1000 USD","722","A","Official value",""
"TCL","Crops and livestock products","356","India","5610","Import quantity","39120.14","Bran of pulses","2022","2022","t","652.75","A","Official value",""
"TCL","Crops and livestock products","356","India","5622","Import value","39120.14","Bran of pulses","2022","2022","1000 USD","153","A","Official value",""
"TCL","Crops and livestock products","356","India","5910","Export quantity","39120.14","Bran of pulses","2022","2022","t","14096.39","A","Official value",""
"TCL","Crops and livestock products","356","India","5922","Export value","39120.14","Bran of pulses","2022","2022","1000 USD","5083","A","Official value",""
"TCL","Crops and livestock products","356","India","5610","Import quantity","39120.14","Bran of pulses","2023","2023","t","2422.97","A","Official value",""
"TCL","Crops and livestock products","356","India","5622","Import value","39120.14","Bran of pulses","2023","2023","1000 USD","713","A","Official value",""
"TCL","Crops and livestock products","356","India","5910","Export quantity","39120.14","Bran of pulses","2023","2023","t","36628.81","A","Official value",""
"TCL","Crops and livestock products","356","India","5922","Export value","39120.14","Bran of pulses","2023","2023","1000 USD","11875","A","Official value",""
"TCL","Crops and livestock products","356","India","5610","Import quantity","39120.14","Bran of pulses","2024","2024","t","1268.6","A","Official value",""
"TCL","Crops and livestock products","356","India","5622","Import value","39120.14","Bran of pulses","2024","2024","1000 USD","380","A","Official value",""
"TCL","Crops and livestock products","356","India","5910","Export quantity","39120.14","Bran of pulses","2024","2024","t","34763.59","A","Official value",""
"TCL","Crops and livestock products","356","India","5922","Export value","39120.14","Bran of pulses","2024","2024","1000 USD","11715","A","Official value",""
"TCL","Crops and livestock products","356","India","5610","Import quantity","39120.01","Bran of wheat","2022","2022","t","672.58","A","Official value",""
"TCL","Crops and livestock products","356","India","5622","Import value","39120.01","Bran of wheat","2022","2022","1000 USD","1124","A","Official value",""
"TCL","Crops and livestock products","356","India","5910","Export quantity","39120.01","Bran of wheat","2022","2022","t","470270.42","A","Official value",""
"TCL","Crops and livestock products","356","India","5922","Export value","39120.01","Bran of wheat","2022","2022","1000 USD","146941","A","Official value",""
"TCL","Crops and livestock products","356","India","5610","Import quantity","39120.01","Bran of wheat","2023","2023","t","14557.36","A","Official value",""
"TCL","Crops and livestock products","356","India","5622","Import value","39120.01","Bran of wheat","2023","2023","1000 USD","3374","A","Official value",""
"TCL","Crops and livestock products","356","India","5910","Export quantity","39120.01","Bran of wheat","2023","2023","t","629795.91","A","Official value",""
"TCL","Crops and livestock products","356","India","5922","Export value","39120.01","Bran of wheat","2023","2023","1000 USD","203224","A","Official value",""
"TCL","Crops and livestock products","356","India","5610","Import quantity","39120.01","Bran of wheat","2024","2024","t","35890.92","A","Official value",""
"TCL","Crops and livestock products","356","India","5622","Import value","39120.01","Bran of wheat","2024","2024","1000 USD","7431","A","Official value",""
"TCL","Crops and livestock products","356","India","5910","Export quantity","39120.01","Bran of wheat","2024","2024","t","324828.72","A","Official value",""
"TCL","Crops and livestock products","356","India","5922","Export value","39120.01","Bran of wheat","2024","2024","1000 USD","87947","A","Official value",""
"TCL","Crops and livestock products","356","India","5610","Import quantity","01377","Brazil nuts, in shell","2022","2022","t","35.71","A","Official value",""
"TCL","Crops and livestock products","356","India","5622","Import value","01377","Brazil nuts, in shell","2022","2022","1000 USD","46","A","Official value",""
"TCL","Crops and livestock products","356","India","5910","Export quantity","01377","Brazil nuts, in shell","2022","2022","t","1.49","A","Official value",""
"TCL","Crops and livestock products","356","India","5922","Export value","01377","Brazil nuts, in shell","2022","2022","1000 USD","5","A","Official value",""
"TCL","Crops and livestock products","356","India","5910","Export quantity","01377","Brazil nuts, in shell","2023","2023","t","12.97","A","Official value",""
"TCL","Crops and livestock products","356","India","5922","Export value","01377","Brazil nuts, in shell","2023","2023","1000 USD","9","A","Official value",""
"TCL","Crops and livestock products","356","India","5610","Import quantity","01377","Brazil nuts, in shell","2024","2024","t","22","A","Official value",""
"TCL","Crops and livestock products","356","India","5622","Import value","01377","Brazil nuts, in shell","2024","2024","1000 USD","105","A","Official value",""
"TCL","Crops and livestock products","356","India","5910","Export quantity","01377","Brazil nuts, in shell","2024","2024","t","5.08","A","Official value",""
"TCL","Crops and livestock products","356","India","5922","Export value","01377","Brazil nuts, in shell","2024","2024","1000 USD","34","A","Official value",""
"TCL","Crops and livestock products","356","India","5910","Export quantity","21429.01","Brazil nuts, shelled","2022","2022","t","0.78","A","Official value",""
"TCL","Crops and livestock products","356","India","5922","Export value","21429.01","Brazil nuts, shelled","2022","2022","1000 USD","9","A","Official value",""
"TCL","Crops and livestock products","356","India","5610","Import quantity","21429.01","Brazil nuts, shelled","2023","2023","t","0.5","A","Official value",""
"TCL","Crops and livestock products","356","India","5622","Import value","21429.01","Brazil nuts, shelled","2023","2023","1000 USD","4","A","Official value",""
"TCL","Crops and livestock products","356","India","5910","Export quantity","21429.01","Brazil nuts, shelled","2023","2023","t","8.03","A","Official value",""
"TCL","Crops and livestock products","356","India","5922","Export value","21429.01","Brazil nuts, shelled","2023","2023","1000 USD","6","A","Official value",""
"TCL","Crops and livestock products","356","India","5610","Import quantity","21429.01","Brazil nuts, shelled","2024","2024","t","1","A","Official value",""
"TCL","Crops and livestock products","356","India","5622","Import value","21429.01","Brazil nuts, shelled","2024","2024","1000 USD","7","A","Official value",""
"TCL","Crops and livestock products","356","India","5910","Export quantity","21429.01","Brazil nuts, shelled","2024","2024","t","10.04","A","Official value",""
"TCL","Crops and livestock products","356","India","5922","Export value","21429.01","Brazil nuts, shelled","2024","2024","1000 USD","14","A","Official value",""
"TCL","Crops and livestock products","356","India","5610","Import quantity","F0020","Bread","2022","2022","t","8500.47","A","Official value",""
"TCL","Crops and livestock products","356","India","5622","Import value","F0020","Bread","2022","2022","1000 USD","15532","A","Official value",""
"TCL","Crops and livestock products","356","India","5910","Export quantity","F0020","Bread","2022","2022","t","9962.48","I","Value imputed by a receiving agency",""
"TCL","Crops and livestock products","356","India","5922","Export value","F0020","Bread","2022","2022","1000 USD","23090","A","Official value",""
"TCL","Crops and livestock products","356","India","5610","Import quantity","F0020","Bread","2023","2023","t","4328.11","A","Official value",""
"TCL","Crops and livestock products","356","India","5622","Import value","F0020","Bread","2023","2023","1000 USD","7522","A","Official value",""
"TCL","Crops and livestock products","356","India","5910","Export quantity","F0020","Bread","2023","2023","t","15448.59","A","Official value",""
"TCL","Crops and livestock products","356","India","5922","Export value","F0020","Bread","2023","2023","1000 USD","34048","A","Official value",""
"TCL","Crops and livestock products","356","India","5610","Import quantity","F0020","Bread","2024","2024","t","8233.39","A","Official value",""
"TCL","Crops and livestock products","356","India","5622","Import value","F0020","Bread","2024","2024","1000 USD","12880","A","Official value",""
"TCL","Crops and livestock products","356","India","5910","Export quantity","F0020","Bread","2024","2024","t","23027.73","A","Official value",""
"TCL","Crops and livestock products","356","India","5922","Export value","F0020","Bread","2024","2024","1000 USD","44807","A","Official value",""
"TCL","Crops and livestock products","356","India","5610","Import quantity","23140.03","Breakfast cereals","2022","2022","t","787.15","A","Official value",""
"TCL","Crops and livestock products","356","India","5622","Import value","23140.03","Breakfast cereals","2022","2022","1000 USD","3531","A","Official value",""
"TCL","Crops and livestock products","356","India","5910","Export quantity","23140.03","Breakfast cereals","2022","2022","t","31963.48","A","Official value",""
"TCL","Crops and livestock products","356","India","5922","Export value","23140.03","Breakfast cereals","2022","2022","1000 USD","50981","A","Official value",""
"TCL","Crops and livestock products","356","India","5610","Import quantity","23140.03","Breakfast cereals","2023","2023","t","702.74","A","Official value",""
"TCL","Crops and livestock products","356","India","5622","Import value","23140.03","Breakfast cereals","2023","2023","1000 USD","2861","A","Official value",""
"TCL","Crops and livestock products","356","India","5910","Export quantity","23140.03","Breakfast cereals","2023","2023","t","39859.71","A","Official value",""
"TCL","Crops and livestock products","356","India","5922","Export value","23140.03","Breakfast cereals","2023","2023","1000 USD","63457","A","Official value",""
"TCL","Crops and livestock products","356","India","5610","Import quantity","23140.03","Breakfast cereals","2024","2024","t","533.73","A","Official value",""
"TCL","Crops and livestock products","356","India","5622","Import value","23140.03","Breakfast cereals","2024","2024","1000 USD","2371","A","Official value",""
"TCL","Crops and livestock products","356","India","5910","Export quantity","23140.03","Breakfast cereals","2024","2024","t","45966.53","A","Official value",""
"TCL","Crops and livestock products","356","India","5922","Export value","23140.03","Breakfast cereals","2024","2024","1000 USD","79335","A","Official value",""
"TCL","Crops and livestock products","356","India","5610","Import quantity","39160","Brewing or distilling dregs and waste","2022","2022","t","10270.83","A","Official value",""
"TCL","Crops and livestock products","356","India","5622","Import value","39160","Brewing or distilling dregs and waste","2022","2022","1000 USD","496","A","Official value",""
"TCL","Crops and livestock products","356","India","5910","Export quantity","39160","Brewing or distilling dregs and waste","2022","2022","t","15229.75","A","Official value",""
"TCL","Crops and livestock products","356","India","5922","Export value","39160","Brewing or distilling dregs and waste","2022","2022","1000 USD","4856","A","Official value",""
"TCL","Crops and livestock products","356","India","5610","Import quantity","39160","Brewing or distilling dregs and waste","2023","2023","t","4450.68","A","Official value",""
"TCL","Crops and livestock products","356","India","5622","Import value","39160","Brewing or distilling dregs and waste","2023","2023","1000 USD","509","A","Official value",""
"TCL","Crops and livestock products","356","India","5910","Export quantity","39160","Brewing or distilling dregs and waste","2023","2023","t","104707.68","A","Official value",""
"TCL","Crops and livestock products","356","India","5922","Export value","39160","Brewing or distilling dregs and waste","2023","2023","1000 USD","37987","A","Official value",""
"TCL","Crops and livestock products","356","India","5610","Import quantity","39160","Brewing or distilling dregs and waste","2024","2024","t","3970.57","A","Official value",""
"TCL","Crops and livestock products","356","India","5622","Import value","39160","Brewing or distilling dregs and waste","2024","2024","1000 USD","244","A","Official value",""
"TCL","Crops and livestock products","356","India","5910","Export quantity","39160","Brewing or distilling dregs and waste","2024","2024","t","354108.22","A","Official value",""
"TCL","Crops and livestock products","356","India","5922","Export value","39160","Brewing or distilling dregs and waste","2024","2024","1000 USD","86620","A","Official value",""
"TCL","Crops and livestock products","356","India","5610","Import quantity","01702","Broad beans and horse beans, dry","2022","2022","t","3562.39","A","Official value",""
"TCL","Crops and livestock products","356","India","5622","Import value","01702","Broad beans and horse beans, dry","2022","2022","1000 USD","1771","A","Official value",""
"TCL","Crops and livestock products","356","India","5910","Export quantity","01702","Broad beans and horse beans, dry","2022","2022","t","1251.16","A","Official value",""
"TCL","Crops and livestock products","356","India","5922","Export value","01702","Broad beans and horse beans, dry","2022","2022","1000 USD","1025","A","Official value",""
"TCL","Crops and livestock products","356","India","5610","Import quantity","01702","Broad beans and horse beans, dry","2023","2023","t","17837.39","A","Official value",""
"TCL","Crops and livestock products","356","India","5622","Import value","01702","Broad beans and horse beans, dry","2023","2023","1000 USD","7448","A","Official value",""
"TCL","Crops and livestock products","356","India","5910","Export quantity","01702","Broad beans and horse beans, dry","2023","2023","t","2123.06","A","Official value",""
"TCL","Crops and livestock products","356","India","5922","Export value","01702","Broad beans and horse beans, dry","2023","2023","1000 USD","1715","A","Official value",""
"TCL","Crops and livestock products","356","India","5610","Import quantity","01702","Broad beans and horse beans, dry","2024","2024","t","11559.55","A","Official value",""
"TCL","Crops and livestock products","356","India","5622","Import value","01702","Broad beans and horse beans, dry","2024","2024","1000 USD","5063","A","Official value",""
"TCL","Crops and livestock products","356","India","5910","Export quantity","01702","Broad beans and horse beans, dry","2024","2024","t","3184.97","A","Official value",""
"TCL","Crops and livestock products","356","India","5922","Export value","01702","Broad beans and horse beans, dry","2024","2024","1000 USD","2398","A","Official value",""
"TCL","Crops and livestock products","356","India","5910","Export quantity","01243","Broad beans and horse beans, green","2022","2022","t","1265.45","A","Official value",""
"TCL","Crops and livestock products","356","India","5922","Export value","01243","Broad beans and horse beans, green","2022","2022","1000 USD","396","A","Official value",""
"TCL","Crops and livestock products","356","India","5610","Import quantity","01243","Broad beans and horse beans, green","2023","2023","t","0","A","Official value",""
"TCL","Crops and livestock products","356","India","5622","Import value","01243","Broad beans and horse beans, green","2023","2023","1000 USD","0","A","Official value",""
"TCL","Crops and livestock products","356","India","5910","Export quantity","01243","Broad beans and horse beans, green","2023","2023","t","1221.59","A","Official value",""
"TCL","Crops and livestock products","356","India","5922","Export value","01243","Broad beans and horse beans, green","2023","2023","1000 USD","701","A","Official value",""
"TCL","Crops and livestock products","356","India","5610","Import quantity","01243","Broad beans and horse beans, green","2024","2024","t","0","A","Official value",""
"TCL","Crops and livestock products","356","India","5622","Import value","01243","Broad beans and horse beans, green","2024","2024","1000 USD","0","A","Official value",""
"TCL","Crops and livestock products","356","India","5910","Export quantity","01243","Broad beans and horse beans, green","2024","2024","t","1518","A","Official value",""
"TCL","Crops and livestock products","356","India","5922","Export value","01243","Broad beans and horse beans, green","2024","2024","1000 USD","938","A","Official value",""
"TCL","Crops and livestock products","356","India","5610","Import quantity","01192","Buckwheat","2022","2022","t","0.02","A","Official value",""
"TCL","Crops and livestock products","356","India","5622","Import value","01192","Buckwheat","2022","2022","1000 USD","0","A","Official value",""
"TCL","Crops and livestock products","356","India","5910","Export quantity","01192","Buckwheat","2022","2022","t","1091.14","A","Official value",""
"TCL","Crops and livestock products","356","India","5922","Export value","01192","Buckwheat","2022","2022","1000 USD","677","A","Official value",""
"TCL","Crops and livestock products","356","India","5610","Import quantity","01192","Buckwheat","2023","2023","t","24","A","Official value",""
"TCL","Crops and livestock products","356","India","5622","Import value","01192","Buckwheat","2023","2023","1000 USD","18","A","Official value",""
"TCL","Crops and livestock products","356","India","5910","Export quantity","01192","Buckwheat","2023","2023","t","997.54","A","Official value",""
"TCL","Crops and livestock products","356","India","5922","Export value","01192","Buckwheat","2023","2023","1000 USD","669","A","Official value",""
"TCL","Crops and livestock products","356","India","5610","Import quantity","01192","Buckwheat","2024","2024","t","147.03","A","Official value",""
"TCL","Crops and livestock products","356","India","5622","Import value","01192","Buckwheat","2024","2024","1000 USD","83","A","Official value",""
"TCL","Crops and livestock products","356","India","5910","Export quantity","01192","Buckwheat","2024","2024","t","577.18","A","Official value",""
"TCL","Crops and livestock products","356","India","5922","Export value","01192","Buckwheat","2024","2024","1000 USD","415","A","Official value",""
"TCL","Crops and livestock products","356","India","5608","Import quantity","02112","Buffalo","2022","2022","An","60000","E","Estimated value",""
"TCL","Crops and livestock products","356","India","5622","Import value","02112","Buffalo","2022","2022","1000 USD","30000","E","Estimated value",""
"TCL","Crops and livestock products","356","India","5908","Export quantity","02112","Buffalo","2022","2022","An","20000","E","Estimated value",""
"TCL","Crops and livestock products","356","India","5922","Export value","02112","Buffalo","2022","2022","1000 USD","800","E","Estimated value",""
"TCL","Crops and livestock products","356","India","5608","Import quantity","02112","Buffalo","2023","2023","An","50000","E","Estimated value",""
"TCL","Crops and livestock products","356","India","5622","Import value","02112","Buffalo","2023","2023","1000 USD","27000","E","Estimated value",""
"TCL","Crops and livestock products","356","India","5908","Export quantity","02112","Buffalo","2023","2023","An","20000","E","Estimated value",""
"TCL","Crops and livestock products","356","India","5922","Export value","02112","Buffalo","2023","2023","1000 USD","800","E","Estimated value",""
"TCL","Crops and livestock products","356","India","5608","Import quantity","02112","Buffalo","2024","2024","An","50000","E","Estimated value",""
"TCL","Crops and livestock products","356","India","5622","Import value","02112","Buffalo","2024","2024","1000 USD","30000","E","Estimated value",""
"TCL","Crops and livestock products","356","India","5908","Export quantity","02112","Buffalo","2024","2024","An","20000","E","Estimated value",""
"TCL","Crops and livestock products","356","India","5922","Export value","02112","Buffalo","2024","2024","1000 USD","800","E","Estimated value",""
"TCL","Crops and livestock products","356","India","5610","Import quantity","22230.03","Buttermilk, curdled and acidified milk","2022","2022","t","18.51","A","Official value",""
"TCL","Crops and livestock products","356","India","5622","Import value","22230.03","Buttermilk, curdled and acidified milk","2022","2022","1000 USD","119","A","Official value",""
"TCL","Crops and livestock products","356","India","5910","Export quantity","22230.03","Buttermilk, curdled and acidified milk","2022","2022","t","1459.05","A","Official value",""
"TCL","Crops and livestock products","356","India","5922","Export value","22230.03","Buttermilk, curdled and acidified milk","2022","2022","1000 USD","2166","A","Official value",""
"TCL","Crops and livestock products","356","India","5610","Import quantity","22230.03","Buttermilk, curdled and acidified milk","2023","2023","t","950.72","A","Official value",""
"TCL","Crops and livestock products","356","India","5622","Import value","22230.03","Buttermilk, curdled and acidified milk","2023","2023","1000 USD","2432","A","Official value",""
"TCL","Crops and livestock products","356","India","5910","Export quantity","22230.03","Buttermilk, curdled and acidified milk","2023","2023","t","2309.69","A","Official value",""
"TCL","Crops and livestock products","356","India","5922","Export value","22230.03","Buttermilk, curdled and acidified milk","2023","2023","1000 USD","2964","A","Official value",""
"TCL","Crops and livestock products","356","India","5610","Import quantity","22230.03","Buttermilk, curdled and acidified milk","2024","2024","t","101.99","A","Official value",""
"TCL","Crops and livestock products","356","India","5622","Import value","22230.03","Buttermilk, curdled and acidified milk","2024","2024","1000 USD","283","A","Official value",""
"TCL","Crops and livestock products","356","India","5910","Export quantity","22230.03","Buttermilk, curdled and acidified milk","2024","2024","t","2887.95","A","Official value",""
"TCL","Crops and livestock products","356","India","5922","Export value","22230.03","Buttermilk, curdled and acidified milk","2024","2024","1000 USD","4034","A","Official value",""
"TCL","Crops and livestock products","356","India","5610","Import quantity","01212","Cabbages","2022","2022","t","11906.02","A","Official value",""
"TCL","Crops and livestock products","356","India","5622","Import value","01212","Cabbages","2022","2022","1000 USD","1225","A","Official value",""
"TCL","Crops and livestock products","356","India","5910","Export quantity","01212","Cabbages","2022","2022","t","5306.78","A","Official value",""
"TCL","Crops and livestock products","356","India","5922","Export value","01212","Cabbages","2022","2022","1000 USD","2214","A","Official value",""
"TCL","Crops and livestock products","356","India","5610","Import quantity","01212","Cabbages","2023","2023","t","10637.25","A","Official value",""
"TCL","Crops and livestock products","356","India","5622","Import value","01212","Cabbages","2023","2023","1000 USD","1275","A","Official value",""
"TCL","Crops and livestock products","356","India","5910","Export quantity","01212","Cabbages","2023","2023","t","6076.73","A","Official value",""
"TCL","Crops and livestock products","356","India","5922","Export value","01212","Cabbages","2023","2023","1000 USD","1481","A","Official value",""
"TCL","Crops and livestock products","356","India","5610","Import quantity","01212","Cabbages","2024","2024","t","6842.43","A","Official value",""
"TCL","Crops and livestock products","356","India","5622","Import value","01212","Cabbages","2024","2024","1000 USD","861","A","Official value",""
"TCL","Crops and livestock products","356","India","5910","Export quantity","01212","Cabbages","2024","2024","t","5977.07","A","Official value",""
"TCL","Crops and livestock products","356","India","5922","Export value","01212","Cabbages","2024","2024","1000 USD","2264","A","Official value",""
"TCL","Crops and livestock products","356","India","5610","Import quantity","21910.05","Cake of copra","2022","2022","t","148024.09","A","Official value",""
"TCL","Crops and livestock products","356","India","5622","Import value","21910.05","Cake of copra","2022","2022","1000 USD","45919","A","Official value",""
"TCL","Crops and livestock products","356","India","5910","Export quantity","21910.05","Cake of copra","2022","2022","t","170.47","A","Official value",""
"TCL","Crops and livestock products","356","India","5922","Export value","21910.05","Cake of copra","2022","2022","1000 USD","135","A","Official value",""
"TCL","Crops and livestock products","356","India","5610","Import quantity","21910.05","Cake of copra","2023","2023","t","136240.5","A","Official value",""
"TCL","Crops and livestock products","356","India","5622","Import value","21910.05","Cake of copra","2023","2023","1000 USD","41925","A","Official value",""
"TCL","Crops and livestock products","356","India","5910","Export quantity","21910.05","Cake of copra","2023","2023","t","61.03","A","Official value",""
"TCL","Crops and livestock products","356","India","5922","Export value","21910.05","Cake of copra","2023","2023","1000 USD","74","A","Official value",""
"TCL","Crops and livestock products","356","India","5610","Import quantity","21910.05","Cake of copra","2024","2024","t","150009.54","A","Official value",""
"TCL","Crops and livestock products","356","India","5622","Import value","21910.05","Cake of copra","2024","2024","1000 USD","36277","A","Official value",""
"TCL","Crops and livestock products","356","India","5910","Export quantity","21910.05","Cake of copra","2024","2024","t","86.13","A","Official value",""
"TCL","Crops and livestock products","356","India","5922","Export value","21910.05","Cake of copra","2024","2024","1000 USD","172","A","Official value",""
"TCL","Crops and livestock products","356","India","5610","Import quantity","21910.15","Cake of cottonseed","2022","2022","t","51070.24","A","Official value",""
"TCL","Crops and livestock products","356","India","5622","Import value","21910.15","Cake of cottonseed","2022","2022","1000 USD","17623","A","Official value",""
"TCL","Crops and livestock products","356","India","5910","Export quantity","21910.15","Cake of cottonseed","2022","2022","t","27699.21","A","Official value",""
"TCL","Crops and livestock products","356","India","5922","Export value","21910.15","Cake of cottonseed","2022","2022","1000 USD","8053","A","Official value",""
"TCL","Crops and livestock products","356","India","5610","Import quantity","21910.15","Cake of cottonseed","2023","2023","t","20455.36","A","Official value",""
"TCL","Crops and livestock products","356","India","5622","Import value","21910.15","Cake of cottonseed","2023","2023","1000 USD","6583","A","Official value",""
"TCL","Crops and livestock products","356","India","5910","Export quantity","21910.15","Cake of cottonseed","2023","2023","t","17427.78","A","Official value",""
"TCL","Crops and livestock products","356","India","5922","Export value","21910.15","Cake of cottonseed","2023","2023","1000 USD","5530","A","Official value",""
"TCL","Crops and livestock products","356","India","5610","Import quantity","21910.15","Cake of cottonseed","2024","2024","t","34419.31","A","Official value",""
"TCL","Crops and livestock products","356","India","5622","Import value","21910.15","Cake of cottonseed","2024","2024","1000 USD","9961","A","Official value",""
"TCL","Crops and livestock products","356","India","5910","Export quantity","21910.15","Cake of cottonseed","2024","2024","t","15904.77","A","Official value",""
"TCL","Crops and livestock products","356","India","5922","Export value","21910.15","Cake of cottonseed","2024","2024","1000 USD","5202","A","Official value",""
"TCL","Crops and livestock products","356","India","5910","Export quantity","21910.04","Cake of groundnuts","2022","2022","t","21643.59","A","Official value",""
"TCL","Crops and livestock products","356","India","5922","Export value","21910.04","Cake of groundnuts","2022","2022","1000 USD","8961","A","Official value",""
"TCL","Crops and livestock products","356","India","5910","Export quantity","21910.04","Cake of groundnuts","2023","2023","t","28998.97","A","Official value",""
"TCL","Crops and livestock products","356","India","5922","Export value","21910.04","Cake of groundnuts","2023","2023","1000 USD","12618","A","Official value",""
"TCL","Crops and livestock products","356","India","5610","Import quantity","21910.04","Cake of groundnuts","2024","2024","t","56","A","Official value",""
"TCL","Crops and livestock products","356","India","5622","Import value","21910.04","Cake of groundnuts","2024","2024","1000 USD","10","A","Official value",""
"TCL","Crops and livestock products","356","India","5910","Export quantity","21910.04","Cake of groundnuts","2024","2024","t","23945.51","A","Official value",""
"TCL","Crops and livestock products","356","India","5922","Export value","21910.04","Cake of groundnuts","2024","2024","1000 USD","7379","A","Official value",""
"TCL","Crops and livestock products","356","India","5910","Export quantity","21910.16","Cake of linseed","2022","2022","t","2637.32","A","Official value",""
"TCL","Crops and livestock products","356","India","5922","Export value","21910.16","Cake of linseed","2022","2022","1000 USD","1180","A","Official value",""
"TCL","Crops and livestock products","356","India","5910","Export quantity","21910.16","Cake of linseed","2023","2023","t","631.8","A","Official value",""
"TCL","Crops and livestock products","356","India","5922","Export value","21910.16","Cake of linseed","2023","2023","1000 USD","275","A","Official value",""
"TCL","Crops and livestock products","356","India","5910","Export quantity","21910.16","Cake of linseed","2024","2024","t","185.12","A","Official value",""
"TCL","Crops and livestock products","356","India","5922","Export value","21910.16","Cake of linseed","2024","2024","1000 USD","109","A","Official value",""
"TCL","Crops and livestock products","356","India","5610","Import quantity","21910.12","Cake of mustard seed","2022","2022","t","11300.64","A","Official value",""
"TCL","Crops and livestock products","356","India","5622","Import value","21910.12","Cake of mustard seed","2022","2022","1000 USD","5383","A","Official value",""
"TCL","Crops and livestock products","356","India","5910","Export quantity","21910.12","Cake of mustard seed","2022","2022","t","17081.89","A","Official value",""
"TCL","Crops and livestock products","356","India","5922","Export value","21910.12","Cake of mustard seed","2022","2022","1000 USD","5088","A","Official value",""
"TCL","Crops and livestock products","356","India","5610","Import quantity","21910.12","Cake of mustard seed","2023","2023","t","10688.83","A","Official value",""
"TCL","Crops and livestock products","356","India","5622","Import value","21910.12","Cake of mustard seed","2023","2023","1000 USD","5590","A","Official value",""
"TCL","Crops and livestock products","356","India","5910","Export quantity","21910.12","Cake of mustard seed","2023","2023","t","15930.42","A","Official value",""
"TCL","Crops and livestock products","356","India","5922","Export value","21910.12","Cake of mustard seed","2023","2023","1000 USD","4774","A","Official value",""
"TCL","Crops and livestock products","356","India","5610","Import quantity","21910.12","Cake of mustard seed","2024","2024","t","13748.37","A","Official value",""
"TCL","Crops and livestock products","356","India","5622","Import value","21910.12","Cake of mustard seed","2024","2024","1000 USD","5493","A","Official value",""
"TCL","Crops and livestock products","356","India","5910","Export quantity","21910.12","Cake of mustard seed","2024","2024","t","19529.16","A","Official value",""
"TCL","Crops and livestock products","356","India","5922","Export value","21910.12","Cake of mustard seed","2024","2024","1000 USD","5572","A","Official value",""
"TCL","Crops and livestock products","356","India","5610","Import quantity","21910.06","Cake of palm kernel","2022","2022","t","1873.39","A","Official value",""
"TCL","Crops and livestock products","356","India","5622","Import value","21910.06","Cake of palm kernel","2022","2022","1000 USD","982","A","Official value",""
"TCL","Crops and livestock products","356","India","5910","Export quantity","21910.06","Cake of palm kernel","2022","2022","t","79.65","A","Official value",""
"TCL","Crops and livestock products","356","India","5922","Export value","21910.06","Cake of palm kernel","2022","2022","1000 USD","16","A","Official value",""
"TCL","Crops and livestock products","356","India","5610","Import quantity","21910.06","Cake of palm kernel","2023","2023","t","2696.67","A","Official value",""
"TCL","Crops and livestock products","356","India","5622","Import value","21910.06","Cake of palm kernel","2023","2023","1000 USD","751","A","Official value",""
"TCL","Crops and livestock products","356","India","5910","Export quantity","21910.06","Cake of palm kernel","2023","2023","t","0.01","A","Official value",""
"TCL","Crops and livestock products","356","India","5922","Export value","21910.06","Cake of palm kernel","2023","2023","1000 USD","0","A","Official value",""
"TCL","Crops and livestock products","356","India","5610","Import quantity","21910.06","Cake of palm kernel","2024","2024","t","1902.27","A","Official value",""
"TCL","Crops and livestock products","356","India","5622","Import value","21910.06","Cake of palm kernel","2024","2024","1000 USD","657","A","Official value",""
"TCL","Crops and livestock products","356","India","5910","Export quantity","21910.06","Cake of palm kernel","2024","2024","t","200.49","A","Official value",""
"TCL","Crops and livestock products","356","India","5922","Export value","21910.06","Cake of palm kernel","2024","2024","1000 USD","41","A","Official value",""
"TCL","Crops and livestock products","356","India","5610","Import quantity","21910.08","Cake of rapeseed","2022","2022","t","1040.12","A","Official value",""
"TCL","Crops and livestock products","356","India","5622","Import value","21910.08","Cake of rapeseed","2022","2022","1000 USD","369","A","Official value",""
"TCL","Crops and livestock products","356","India","5910","Export quantity","21910.08","Cake of rapeseed","2022","2022","t","1431825.61","A","Official value",""
"TCL","Crops and livestock products","356","India","5922","Export value","21910.08","Cake of rapeseed","2022","2022","1000 USD","437151","A","Official value",""
"TCL","Crops and livestock products","356","India","5610","Import quantity","21910.08","Cake of rapeseed","2023","2023","t","4895","A","Official value",""
"TCL","Crops and livestock products","356","India","5622","Import value","21910.08","Cake of rapeseed","2023","2023","1000 USD","2014","A","Official value",""
"TCL","Crops and livestock products","356","India","5910","Export quantity","21910.08","Cake of rapeseed","2023","2023","t","1996896.37","A","Official value",""
"TCL","Crops and livestock products","356","India","5922","Export value","21910.08","Cake of rapeseed","2023","2023","1000 USD","572383","A","Official value",""
"TCL","Crops and livestock products","356","India","5610","Import quantity","21910.08","Cake of rapeseed","2024","2024","t","17402.1","A","Official value",""
"TCL","Crops and livestock products","356","India","5622","Import value","21910.08","Cake of rapeseed","2024","2024","1000 USD","6405","A","Official value",""
"TCL","Crops and livestock products","356","India","5910","Export quantity","21910.08","Cake of rapeseed","2024","2024","t","1590480.71","A","Official value",""
"TCL","Crops and livestock products","356","India","5922","Export value","21910.08","Cake of rapeseed","2024","2024","1000 USD","435913","A","Official value",""
"TCL","Crops and livestock products","356","India","5610","Import quantity","21910.11","Cake of sesame seed","2022","2022","t","112.2","A","Official value",""
"TCL","Crops and livestock products","356","India","5622","Import value","21910.11","Cake of sesame seed","2022","2022","1000 USD","34","A","Official value",""
"TCL","Crops and livestock products","356","India","5910","Export quantity","21910.11","Cake of sesame seed","2022","2022","t","114.03","A","Official value",""
"TCL","Crops and livestock products","356","India","5922","Export value","21910.11","Cake of sesame seed","2022","2022","1000 USD","63","A","Official value",""
"TCL","Crops and livestock products","356","India","5910","Export quantity","21910.11","Cake of sesame seed","2023","2023","t","497.5","A","Official value",""
"TCL","Crops and livestock products","356","India","5922","Export value","21910.11","Cake of sesame seed","2023","2023","1000 USD","164","A","Official value",""
"TCL","Crops and livestock products","356","India","5610","Import quantity","21910.11","Cake of sesame seed","2024","2024","t","28","A","Official value",""
"TCL","Crops and livestock products","356","India","5622","Import value","21910.11","Cake of sesame seed","2024","2024","1000 USD","6","A","Official value",""
"TCL","Crops and livestock products","356","India","5910","Export quantity","21910.11","Cake of sesame seed","2024","2024","t","49.63","A","Official value",""
"TCL","Crops and livestock products","356","India","5922","Export value","21910.11","Cake of sesame seed","2024","2024","1000 USD","12","A","Official value",""
"TCL","Crops and livestock products","356","India","5610","Import quantity","21910.03","Cake of soya beans","2022","2022","t","267945.83","A","Official value",""
"TCL","Crops and livestock products","356","India","5622","Import value","21910.03","Cake of soya beans","2022","2022","1000 USD","153833","A","Official value",""
"TCL","Crops and livestock products","356","India","5910","Export quantity","21910.03","Cake of soya beans","2022","2022","t","778344.94","A","Official value",""
"TCL","Crops and livestock products","356","India","5922","Export value","21910.03","Cake of soya beans","2022","2022","1000 USD","574288","A","Official value",""
"TCL","Crops and livestock products","356","India","5610","Import quantity","21910.03","Cake of soya beans","2023","2023","t","32985.14","A","Official value",""
"TCL","Crops and livestock products","356","India","5622","Import value","21910.03","Cake of soya beans","2023","2023","1000 USD","18834","A","Official value",""
"TCL","Crops and livestock products","356","India","5910","Export quantity","21910.03","Cake of soya beans","2023","2023","t","1901054.65","A","Official value",""
"TCL","Crops and livestock products","356","India","5922","Export value","21910.03","Cake of soya beans","2023","2023","1000 USD","1115498","A","Official value",""
"TCL","Crops and livestock products","356","India","5610","Import quantity","21910.03","Cake of soya beans","2024","2024","t","19001.55","A","Official value",""
"TCL","Crops and livestock products","356","India","5622","Import value","21910.03","Cake of soya beans","2024","2024","1000 USD","10891","A","Official value",""
"TCL","Crops and livestock products","356","India","5910","Export quantity","21910.03","Cake of soya beans","2024","2024","t","1866760.62","A","Official value",""
"TCL","Crops and livestock products","356","India","5922","Export value","21910.03","Cake of soya beans","2024","2024","1000 USD","963796","A","Official value",""
"TCL","Crops and livestock products","356","India","5610","Import quantity","21910.07","Cake of sunflower seed","2022","2022","t","103531.04","A","Official value",""
"TCL","Crops and livestock products","356","India","5622","Import value","21910.07","Cake of sunflower seed","2022","2022","1000 USD","33634","A","Official value",""
"TCL","Crops and livestock products","356","India","5910","Export quantity","21910.07","Cake of sunflower seed","2022","2022","t","132.72","A","Official value",""
"TCL","Crops and livestock products","356","India","5922","Export value","21910.07","Cake of sunflower seed","2022","2022","1000 USD","33","A","Official value",""
"TCL","Crops and livestock products","356","India","5610","Import quantity","21910.07","Cake of sunflower seed","2023","2023","t","79596.57","A","Official value",""
"TCL","Crops and livestock products","356","India","5622","Import value","21910.07","Cake of sunflower seed","2023","2023","1000 USD","17990","A","Official value",""
"TCL","Crops and livestock products","356","India","5910","Export quantity","21910.07","Cake of sunflower seed","2023","2023","t","311.24","A","Official value",""
"TCL","Crops and livestock products","356","India","5922","Export value","21910.07","Cake of sunflower seed","2023","2023","1000 USD","84","A","Official value",""
"TCL","Crops and livestock products","356","India","5610","Import quantity","21910.07","Cake of sunflower seed","2024","2024","t","111328.67","A","Official value",""
"TCL","Crops and livestock products","356","India","5622","Import value","21910.07","Cake of sunflower seed","2024","2024","1000 USD","28980","A","Official value",""
"TCL","Crops and livestock products","356","India","5910","Export quantity","21910.07","Cake of sunflower seed","2024","2024","t","112.75","A","Official value",""
"TCL","Crops and livestock products","356","India","5922","Export value","21910.07","Cake of sunflower seed","2024","2024","1000 USD","24","A","Official value",""
"TCL","Crops and livestock products","356","India","5610","Import quantity","21910.90","Cake, oilseeds nes","2022","2022","t","46736.28","A","Official value",""
"TCL","Crops and livestock products","356","India","5622","Import value","21910.90","Cake, oilseeds nes","2022","2022","1000 USD","13748","A","Official value",""
"TCL","Crops and livestock products","356","India","5910","Export quantity","21910.90","Cake, oilseeds nes","2022","2022","t","1074794.87","A","Official value",""
"TCL","Crops and livestock products","356","India","5922","Export value","21910.90","Cake, oilseeds nes","2022","2022","1000 USD","205914","A","Official value",""
"TCL","Crops and livestock products","356","India","5610","Import quantity","21910.90","Cake, oilseeds nes","2023","2023","t","55407.59","A","Official value",""
"TCL","Crops and livestock products","356","India","5622","Import value","21910.90","Cake, oilseeds nes","2023","2023","1000 USD","16412","A","Official value",""
"TCL","Crops and livestock products","356","India","5910","Export quantity","21910.90","Cake, oilseeds nes","2023","2023","t","789871.71","A","Official value",""
"TCL","Crops and livestock products","356","India","5922","Export value","21910.90","Cake, oilseeds nes","2023","2023","1000 USD","153236","A","Official value",""
"TCL","Crops and livestock products","356","India","5610","Import quantity","21910.90","Cake, oilseeds nes","2024","2024","t","57925.38","A","Official value",""
"TCL","Crops and livestock products","356","India","5622","Import value","21910.90","Cake, oilseeds nes","2024","2024","1000 USD","15925","A","Official value",""
"TCL","Crops and livestock products","356","India","5910","Export quantity","21910.90","Cake, oilseeds nes","2024","2024","t","384355.85","A","Official value",""
"TCL","Crops and livestock products","356","India","5922","Export value","21910.90","Cake, oilseeds nes","2024","2024","1000 USD","60031","A","Official value",""
"TCL","Crops and livestock products","356","India","5608","Import quantity","02121.01","Camels","2023","2023","An","10","A","Official value",""
"TCL","Crops and livestock products","356","India","5622","Import value","02121.01","Camels","2023","2023","1000 USD","13","A","Official value",""
"TCL","Crops and livestock products","356","India","5608","Import quantity","02121.01","Camels","2024","2024","An","20","A","Official value",""
"TCL","Crops and livestock products","356","India","5622","Import value","02121.01","Camels","2024","2024","1000 USD","34","A","Official value",""
"TCL","Crops and livestock products","356","India","5910","Export quantity","01195","Canary seed","2022","2022","t","2306.08","A","Official value",""
"TCL","Crops and livestock products","356","India","5922","Export value","01195","Canary seed","2022","2022","1000 USD","891","A","Official value",""
"TCL","Crops and livestock products","356","India","5910","Export quantity","01195","Canary seed","2023","2023","t","443.88","A","Official value",""
"TCL","Crops and livestock products","356","India","5922","Export value","01195","Canary seed","2023","2023","1000 USD","379","A","Official value",""
"TCL","Crops and livestock products","356","India","5910","Export quantity","01195","Canary seed","2024","2024","t","192.1","A","Official value",""
"TCL","Crops and livestock products","356","India","5922","Export value","01195","Canary seed","2024","2024","1000 USD","274","A","Official value",""
"TCL","Crops and livestock products","356","India","5610","Import quantity","21397.01","Canned mushrooms","2022","2022","t","338.89","A","Official value",""
"TCL","Crops and livestock products","356","India","5622","Import value","21397.01","Canned mushrooms","2022","2022","1000 USD","1243","A","Official value",""
"TCL","Crops and livestock products","356","India","5910","Export quantity","21397.01","Canned mushrooms","2022","2022","t","4.63","A","Official value",""
"TCL","Crops and livestock products","356","India","5922","Export value","21397.01","Canned mushrooms","2022","2022","1000 USD","130","A","Official value",""
"TCL","Crops and livestock products","356","India","5610","Import quantity","21397.01","Canned mushrooms","2023","2023","t","185.2","A","Official value",""
"TCL","Crops and livestock products","356","India","5622","Import value","21397.01","Canned mushrooms","2023","2023","1000 USD","1158","A","Official value",""
"TCL","Crops and livestock products","356","India","5910","Export quantity","21397.01","Canned mushrooms","2023","2023","t","17.94","A","Official value",""
"TCL","Crops and livestock products","356","India","5922","Export value","21397.01","Canned mushrooms","2023","2023","1000 USD","118","A","Official value",""
"TCL","Crops and livestock products","356","India","5610","Import quantity","21397.01","Canned mushrooms","2024","2024","t","278.56","A","Official value",""
"TCL","Crops and livestock products","356","India","5622","Import value","21397.01","Canned mushrooms","2024","2024","1000 USD","1300","A","Official value",""
"TCL","Crops and livestock products","356","India","5910","Export quantity","21397.01","Canned mushrooms","2024","2024","t","64.88","A","Official value",""
"TCL","Crops and livestock products","356","India","5922","Export value","21397.01","Canned mushrooms","2024","2024","1000 USD","101","A","Official value",""
"TCL","Crops and livestock products","356","India","5610","Import quantity","01229","Cantaloupes and other melons","2022","2022","t","436.73","A","Official value",""
"TCL","Crops and livestock products","356","India","5622","Import value","01229","Cantaloupes and other melons","2022","2022","1000 USD","862","A","Official value",""
"TCL","Crops and livestock products","356","India","5910","Export quantity","01229","Cantaloupes and other melons","2022","2022","t","5144.06","A","Official value",""
"TCL","Crops and livestock products","356","India","5922","Export value","01229","Cantaloupes and other melons","2022","2022","1000 USD","3520","A","Official value",""
"TCL","Crops and livestock products","356","India","5610","Import quantity","01229","Cantaloupes and other melons","2023","2023","t","213.48","A","Official value",""
"TCL","Crops and livestock products","356","India","5622","Import value","01229","Cantaloupes and other melons","2023","2023","1000 USD","439","A","Official value",""
"TCL","Crops and livestock products","356","India","5910","Export quantity","01229","Cantaloupes and other melons","2023","2023","t","5142.36","A","Official value",""
"TCL","Crops and livestock products","356","India","5922","Export value","01229","Cantaloupes and other melons","2023","2023","1000 USD","3923","A","Official value",""
"TCL","Crops and livestock products","356","India","5610","Import quantity","01229","Cantaloupes and other melons","2024","2024","t","260.63","A","Official value",""
"TCL","Crops and livestock products","356","India","5622","Import value","01229","Cantaloupes and other melons","2024","2024","1000 USD","537","A","Official value",""
"TCL","Crops and livestock products","356","India","5910","Export quantity","01229","Cantaloupes and other melons","2024","2024","t","4217.4","A","Official value",""
"TCL","Crops and livestock products","356","India","5922","Export value","01229","Cantaloupes and other melons","2024","2024","1000 USD","3396","A","Official value",""
"TCL","Crops and livestock products","356","India","5610","Import quantity","01251","Carrots and turnips","2022","2022","t","130.06","A","Official value",""
"TCL","Crops and livestock products","356","India","5622","Import value","01251","Carrots and turnips","2022","2022","1000 USD","43","A","Official value",""
"TCL","Crops and livestock products","356","India","5910","Export quantity","01251","Carrots and turnips","2022","2022","t","1079.32","A","Official value",""
"TCL","Crops and livestock products","356","India","5922","Export value","01251","Carrots and turnips","2022","2022","1000 USD","547","A","Official value",""
"TCL","Crops and livestock products","356","India","5610","Import quantity","01251","Carrots and turnips","2023","2023","t","68.81","A","Official value",""
"TCL","Crops and livestock products","356","India","5622","Import value","01251","Carrots and turnips","2023","2023","1000 USD","34","A","Official value",""
"TCL","Crops and livestock products","356","India","5910","Export quantity","01251","Carrots and turnips","2023","2023","t","1394.93","A","Official value",""
"TCL","Crops and livestock products","356","India","5922","Export value","01251","Carrots and turnips","2023","2023","1000 USD","647","A","Official value",""
"TCL","Crops and livestock products","356","India","5610","Import quantity","01251","Carrots and turnips","2024","2024","t","68.59","A","Official value",""
"TCL","Crops and livestock products","356","India","5622","Import value","01251","Carrots and turnips","2024","2024","1000 USD","35","A","Official value",""
"TCL","Crops and livestock products","356","India","5910","Export quantity","01251","Carrots and turnips","2024","2024","t","1754.01","A","Official value",""
"TCL","Crops and livestock products","356","India","5922","Export value","01251","Carrots and turnips","2024","2024","1000 USD","827","A","Official value",""
"TCL","Crops and livestock products","356","India","5610","Import quantity","01372","Cashew nuts, in shell","2022","2022","t","1374930.04","A","Official value",""
"TCL","Crops and livestock products","356","India","5622","Import value","01372","Cashew nuts, in shell","2022","2022","1000 USD","1885751","A","Official value",""
"TCL","Crops and livestock products","356","India","5910","Export quantity","01372","Cashew nuts, in shell","2022","2022","t","6693.71","A","Official value",""
"TCL","Crops and livestock products","356","India","5922","Export value","01372","Cashew nuts, in shell","2022","2022","1000 USD","9207","A","Official value",""
"TCL","Crops and livestock products","356","India","5610","Import quantity","01372","Cashew nuts, in shell","2023","2023","t","1181684.85","A","Official value",""
"TCL","Crops and livestock products","356","India","5622","Import value","01372","Cashew nuts, in shell","2023","2023","1000 USD","1335415","A","Official value",""
"TCL","Crops and livestock products","356","India","5910","Export quantity","01372","Cashew nuts, in shell","2023","2023","t","20788.07","A","Official value",""
"TCL","Crops and livestock products","356","India","5922","Export value","01372","Cashew nuts, in shell","2023","2023","1000 USD","23427","A","Official value",""
"TCL","Crops and livestock products","356","India","5610","Import quantity","01372","Cashew nuts, in shell","2024","2024","t","1198895.31","A","Official value",""
"TCL","Crops and livestock products","356","India","5622","Import value","01372","Cashew nuts, in shell","2024","2024","1000 USD","1595658","A","Official value",""
"TCL","Crops and livestock products","356","India","5910","Export quantity","01372","Cashew nuts, in shell","2024","2024","t","28468.52","A","Official value",""
"TCL","Crops and livestock products","356","India","5922","Export value","01372","Cashew nuts, in shell","2024","2024","1000 USD","43241","A","Official value",""
"TCL","Crops and livestock products","356","India","5610","Import quantity","21424","Cashew nuts, shelled","2022","2022","t","2647.41","A","Official value",""
"TCL","Crops and livestock products","356","India","5622","Import value","21424","Cashew nuts, shelled","2022","2022","1000 USD","17197","A","Official value",""
"TCL","Crops and livestock products","356","India","5910","Export quantity","21424","Cashew nuts, shelled","2022","2022","t","46202.3","A","Official value",""
"TCL","Crops and livestock products","356","India","5922","Export value","21424","Cashew nuts, shelled","2022","2022","1000 USD","350579","A","Official value",""
"TCL","Crops and livestock products","356","India","5610","Import quantity","21424","Cashew nuts, shelled","2023","2023","t","3497","A","Official value",""
"TCL","Crops and livestock products","356","India","5622","Import value","21424","Cashew nuts, shelled","2023","2023","1000 USD","21993","A","Official value",""
"TCL","Crops and livestock products","356","India","5910","Export quantity","21424","Cashew nuts, shelled","2023","2023","t","47655.46","A","Official value",""
"TCL","Crops and livestock products","356","India","5922","Export value","21424","Cashew nuts, shelled","2023","2023","1000 USD","333086","A","Official value",""
"TCL","Crops and livestock products","356","India","5610","Import quantity","21424","Cashew nuts, shelled","2024","2024","t","4283.07","A","Official value",""
"TCL","Crops and livestock products","356","India","5622","Import value","21424","Cashew nuts, shelled","2024","2024","1000 USD","26102","A","Official value",""
"TCL","Crops and livestock products","356","India","5910","Export quantity","21424","Cashew nuts, shelled","2024","2024","t","41113.77","A","Official value",""
"TCL","Crops and livestock products","356","India","5922","Export value","21424","Cashew nuts, shelled","2024","2024","1000 USD","295752","A","Official value",""
"TCL","Crops and livestock products","356","India","5610","Import quantity","01520.02","Cassava, dry","2022","2022","t","4.2","A","Official value",""
"TCL","Crops and livestock products","356","India","5622","Import value","01520.02","Cassava, dry","2022","2022","1000 USD","2","A","Official value",""
"TCL","Crops and livestock products","356","India","5910","Export quantity","01520.02","Cassava, dry","2022","2022","t","3443.41","A","Official value",""
"TCL","Crops and livestock products","356","India","5922","Export value","01520.02","Cassava, dry","2022","2022","1000 USD","2838","A","Official value",""
"TCL","Crops and livestock products","356","India","5910","Export quantity","01520.02","Cassava, dry","2023","2023","t","4629.56","A","Official value",""
"TCL","Crops and livestock products","356","India","5922","Export value","01520.02","Cassava, dry","2023","2023","1000 USD","3729","A","Official value",""
"TCL","Crops and livestock products","356","India","5910","Export quantity","01520.02","Cassava, dry","2024","2024","t","6310.33","A","Official value",""
"TCL","Crops and livestock products","356","India","5922","Export value","01520.02","Cassava, dry","2024","2024","1000 USD","4508","A","Official value",""
"TCL","Crops and livestock products","356","India","5910","Export quantity","01447","Castor oil seeds","2022","2022","t","1074.25","A","Official value",""
"TCL","Crops and livestock products","356","India","5922","Export value","01447","Castor oil seeds","2022","2022","1000 USD","1150","A","Official value",""
"TCL","Crops and livestock products","356","India","5910","Export quantity","01447","Castor oil seeds","2023","2023","t","8596.6","A","Official value",""
"TCL","Crops and livestock products","356","India","5922","Export value","01447","Castor oil seeds","2023","2023","1000 USD","8646","A","Official value",""
"TCL","Crops and livestock products","356","India","5910","Export quantity","01447","Castor oil seeds","2024","2024","t","3572.75","A","Official value",""
"TCL","Crops and livestock products","356","India","5922","Export value","01447","Castor oil seeds","2024","2024","1000 USD","6167","A","Official value",""
"TCL","Crops and livestock products","356","India","5608","Import quantity","02111","Cattle","2023","2023","An","7","A","Official value",""
"TCL","Crops and livestock products","356","India","5622","Import value","02111","Cattle","2023","2023","1000 USD","190","A","Official value",""
"TCL","Crops and livestock products","356","India","5908","Export quantity","02111","Cattle","2023","2023","An","556","A","Official value",""
"TCL","Crops and livestock products","356","India","5922","Export value","02111","Cattle","2023","2023","1000 USD","312","A","Official value",""
"TCL","Crops and livestock products","356","India","5608","Import quantity","02111","Cattle","2024","2024","An","35","A","Official value",""
"TCL","Crops and livestock products","356","India","5622","Import value","02111","Cattle","2024","2024","1000 USD","5","A","Official value",""
"TCL","Crops and livestock products","356","India","5910","Export quantity","21512","Cattle fat, unrendered","2022","2022","t","82.48","I","Value imputed by a receiving agency",""
"TCL","Crops and livestock products","356","India","5922","Export value","21512","Cattle fat, unrendered","2022","2022","1000 USD","93","A","Official value",""
"TCL","Crops and livestock products","356","India","5910","Export quantity","21512","Cattle fat, unrendered","2023","2023","t","183.23","A","Official value",""
"TCL","Crops and livestock products","356","India","5922","Export value","21512","Cattle fat, unrendered","2023","2023","1000 USD","190","A","Official value",""
"TCL","Crops and livestock products","356","India","5910","Export quantity","21512","Cattle fat, unrendered","2024","2024","t","242.39","A","Official value",""
"TCL","Crops and livestock products","356","India","5922","Export value","21512","Cattle fat, unrendered","2024","2024","1000 USD","195","A","Official value",""
"TCL","Crops and livestock products","356","India","5610","Import quantity","01213","Cauliflowers and broccoli","2022","2022","t","0.47","A","Official value",""
"TCL","Crops and livestock products","356","India","5622","Import value","01213","Cauliflowers and broccoli","2022","2022","1000 USD","0","A","Official value",""
"TCL","Crops and livestock products","356","India","5910","Export quantity","01213","Cauliflowers and broccoli","2022","2022","t","794.65","A","Official value",""
"TCL","Crops and livestock products","356","India","5922","Export value","01213","Cauliflowers and broccoli","2022","2022","1000 USD","246","A","Official value",""
"TCL","Crops and livestock products","356","India","5910","Export quantity","01213","Cauliflowers and broccoli","2023","2023","t","761.77","A","Official value",""
"TCL","Crops and livestock products","356","India","5922","Export value","01213","Cauliflowers and broccoli","2023","2023","1000 USD","319","A","Official value",""
"TCL","Crops and livestock products","356","India","5910","Export quantity","01213","Cauliflowers and broccoli","2024","2024","t","1175.23","A","Official value",""
"TCL","Crops and livestock products","356","India","5922","Export value","01213","Cauliflowers and broccoli","2024","2024","1000 USD","407","A","Official value",""
"TCL","Crops and livestock products","356","India","5610","Import quantity","23140.08","Cereal preparations","2022","2022","t","53.95","A","Official value",""
"TCL","Crops and livestock products","356","India","5622","Import value","23140.08","Cereal preparations","2022","2022","1000 USD","29","A","Official value",""
"TCL","Crops and livestock products","356","India","5910","Export quantity","23140.08","Cereal preparations","2022","2022","t","29341.46","A","Official value",""
"TCL","Crops and livestock products","356","India","5922","Export value","23140.08","Cereal preparations","2022","2022","1000 USD","14673","A","Official value",""
"TCL","Crops and livestock products","356","India","5610","Import quantity","23140.08","Cereal preparations","2023","2023","t","724.2","A","Official value",""
"TCL","Crops and livestock products","356","India","5622","Import value","23140.08","Cereal preparations","2023","2023","1000 USD","425","A","Official value",""
"TCL","Crops and livestock products","356","India","5910","Export quantity","23140.08","Cereal preparations","2023","2023","t","32693.3","A","Official value",""
"TCL","Crops and livestock products","356","India","5922","Export value","23140.08","Cereal preparations","2023","2023","1000 USD","15239","A","Official value",""
"TCL","Crops and livestock products","356","India","5610","Import quantity","23140.08","Cereal preparations","2024","2024","t","230.82","A","Official value",""
"TCL","Crops and livestock products","356","India","5622","Import value","23140.08","Cereal preparations","2024","2024","1000 USD","119","A","Official value",""
"TCL","Crops and livestock products","356","India","5910","Export quantity","23140.08","Cereal preparations","2024","2024","t","28176.36","A","Official value",""
"TCL","Crops and livestock products","356","India","5922","Export value","23140.08","Cereal preparations","2024","2024","1000 USD","13493","A","Official value",""
"TCL","Crops and livestock products","356","India","5910","Export quantity","01913","Cereal straw, husks, unprepared, ground, pressed, or in the form of pellets","2022","2022","t","21565.37","A","Official value",""
"TCL","Crops and livestock products","356","India","5922","Export value","01913","Cereal straw, husks, unprepared, ground, pressed, or in the form of pellets","2022","2022","1000 USD","1149","A","Official value",""
"TCL","Crops and livestock products","356","India","5610","Import quantity","01913","Cereal straw, husks, unprepared, ground, pressed, or in the form of pellets","2023","2023","t","1334.01","A","Official value",""
"TCL","Crops and livestock products","356","India","5622","Import value","01913","Cereal straw, husks, unprepared, ground, pressed, or in the form of pellets","2023","2023","1000 USD","377","A","Official value",""
"TCL","Crops and livestock products","356","India","5910","Export quantity","01913","Cereal straw, husks, unprepared, ground, pressed, or in the form of pellets","2023","2023","t","924.93","A","Official value",""
"TCL","Crops and livestock products","356","India","5922","Export value","01913","Cereal straw, husks, unprepared, ground, pressed, or in the form of pellets","2023","2023","1000 USD","231","A","Official value",""
"TCL","Crops and livestock products","356","India","5610","Import quantity","01913","Cereal straw, husks, unprepared, ground, pressed, or in the form of pellets","2024","2024","t","506.11","A","Official value",""
"TCL","Crops and livestock products","356","India","5622","Import value","01913","Cereal straw, husks, unprepared, ground, pressed, or in the form of pellets","2024","2024","1000 USD","169","A","Official value",""
"TCL","Crops and livestock products","356","India","5910","Export quantity","01913","Cereal straw, husks, unprepared, ground, pressed, or in the form of pellets","2024","2024","t","1075.98","A","Official value",""
"TCL","Crops and livestock products","356","India","5922","Export value","01913","Cereal straw, husks, unprepared, ground, pressed, or in the form of pellets","2024","2024","1000 USD","266","A","Official value",""
"TCL","Crops and livestock products","356","India","5610","Import quantity","01199.90","Cereals n.e.c.","2022","2022","t","45.1","A","Official value",""
"TCL","Crops and livestock products","356","India","5622","Import value","01199.90","Cereals n.e.c.","2022","2022","1000 USD","30","A","Official value",""
"TCL","Crops and livestock products","356","India","5910","Export quantity","01199.90","Cereals n.e.c.","2022","2022","t","16195.39","A","Official value",""
"TCL","Crops and livestock products","356","India","5922","Export value","01199.90","Cereals n.e.c.","2022","2022","1000 USD","14009","A","Official value",""
"TCL","Crops and livestock products","356","India","5610","Import quantity","01199.90","Cereals n.e.c.","2023","2023","t","0.67","A","Official value",""
"TCL","Crops and livestock products","356","India","5622","Import value","01199.90","Cereals n.e.c.","2023","2023","1000 USD","1","A","Official value",""
"TCL","Crops and livestock products","356","India","5910","Export quantity","01199.90","Cereals n.e.c.","2023","2023","t","14444.62","A","Official value",""
"TCL","Crops and livestock products","356","India","5922","Export value","01199.90","Cereals n.e.c.","2023","2023","1000 USD","12430","A","Official value",""
"TCL","Crops and livestock products","356","India","5610","Import quantity","01199.90","Cereals n.e.c.","2024","2024","t","50.77","A","Official value",""
"TCL","Crops and livestock products","356","India","5622","Import value","01199.90","Cereals n.e.c.","2024","2024","1000 USD","20","A","Official value",""
"TCL","Crops and livestock products","356","India","5910","Export quantity","01199.90","Cereals n.e.c.","2024","2024","t","8609.68","A","Official value",""
"TCL","Crops and livestock products","356","India","5922","Export value","01199.90","Cereals n.e.c.","2024","2024","1000 USD","7586","A","Official value",""
"TCL","Crops and livestock products","356","India","5610","Import quantity","22251.01","Cheese from whole cow milk","2022","2022","t","1436.34","A","Official value",""
"TCL","Crops and livestock products","356","India","5622","Import value","22251.01","Cheese from whole cow milk","2022","2022","1000 USD","8973","A","Official value",""
"TCL","Crops and livestock products","356","India","5910","Export quantity","22251.01","Cheese from whole cow milk","2022","2022","t","7054.69","A","Official value",""
"TCL","Crops and livestock products","356","India","5922","Export value","22251.01","Cheese from whole cow milk","2022","2022","1000 USD","31032","A","Official value",""
"TCL","Crops and livestock products","356","India","5610","Import quantity","22251.01","Cheese from whole cow milk","2023","2023","t","1669.75","A","Official value",""
"TCL","Crops and livestock products","356","India","5622","Import value","22251.01","Cheese from whole cow milk","2023","2023","1000 USD","11353","A","Official value",""
"TCL","Crops and livestock products","356","India","5910","Export quantity","22251.01","Cheese from whole cow milk","2023","2023","t","7461.43","A","Official value",""
"TCL","Crops and livestock products","356","India","5922","Export value","22251.01","Cheese from whole cow milk","2023","2023","1000 USD","38189","A","Official value",""
"TCL","Crops and livestock products","356","India","5610","Import quantity","22251.01","Cheese from whole cow milk","2024","2024","t","1371.04","A","Official value",""
"TCL","Crops and livestock products","356","India","5622","Import value","22251.01","Cheese from whole cow milk","2024","2024","1000 USD","9166","A","Official value",""
"TCL","Crops and livestock products","356","India","5910","Export quantity","22251.01","Cheese from whole cow milk","2024","2024","t","7693.73","A","Official value",""
"TCL","Crops and livestock products","356","India","5922","Export value","22251.01","Cheese from whole cow milk","2024","2024","1000 USD","34167","A","Official value",""
"TCL","Crops and livestock products","356","India","5610","Import quantity","01344.02","Cherries","2022","2022","t","1462","A","Official value",""
"TCL","Crops and livestock products","356","India","5622","Import value","01344.02","Cherries","2022","2022","1000 USD","9148","A","Official value",""
"TCL","Crops and livestock products","356","India","5910","Export quantity","01344.02","Cherries","2022","2022","t","12.18","A","Official value",""
"TCL","Crops and livestock products","356","India","5922","Export value","01344.02","Cherries","2022","2022","1000 USD","6","A","Official value",""
"TCL","Crops and livestock products","356","India","5610","Import quantity","01344.02","Cherries","2023","2023","t","2463.92","A","Official value",""
"TCL","Crops and livestock products","356","India","5622","Import value","01344.02","Cherries","2023","2023","1000 USD","11038","A","Official value",""
"TCL","Crops and livestock products","356","India","5910","Export quantity","01344.02","Cherries","2023","2023","t","20.04","A","Official value",""
"TCL","Crops and livestock products","356","India","5922","Export value","01344.02","Cherries","2023","2023","1000 USD","5","A","Official value",""
"TCL","Crops and livestock products","356","India","5610","Import quantity","01344.02","Cherries","2024","2024","t","2171.12","A","Official value",""
"TCL","Crops and livestock products","356","India","5622","Import value","01344.02","Cherries","2024","2024","1000 USD","13290","A","Official value",""
"TCL","Crops and livestock products","356","India","5910","Export quantity","01344.02","Cherries","2024","2024","t","2.59","A","Official value",""
"TCL","Crops and livestock products","356","India","5922","Export value","01344.02","Cherries","2024","2024","1000 USD","4","A","Official value",""
"TCL","Crops and livestock products","356","India","5610","Import quantity","01373","Chestnuts, in shell","2022","2022","t","0.31","A","Official value",""
"TCL","Crops and livestock products","356","India","5622","Import value","01373","Chestnuts, in shell","2022","2022","1000 USD","1","A","Official value",""
"TCL","Crops and livestock products","356","India","5910","Export quantity","01373","Chestnuts, in shell","2022","2022","t","14.77","A","Official value",""
"TCL","Crops and livestock products","356","India","5922","Export value","01373","Chestnuts, in shell","2022","2022","1000 USD","52","A","Official value",""
"TCL","Crops and livestock products","356","India","5910","Export quantity","01373","Chestnuts, in shell","2023","2023","t","49.08","A","Official value",""
"TCL","Crops and livestock products","356","India","5922","Export value","01373","Chestnuts, in shell","2023","2023","1000 USD","74","A","Official value",""
"TCL","Crops and livestock products","356","India","5910","Export quantity","01373","Chestnuts, in shell","2024","2024","t","11.88","A","Official value",""
"TCL","Crops and livestock products","356","India","5922","Export value","01373","Chestnuts, in shell","2024","2024","1000 USD","17","A","Official value",""
"TCL","Crops and livestock products","356","India","5610","Import quantity","01703","Chick peas, dry","2022","2022","t","82845.89","A","Official value",""
"TCL","Crops and livestock products","356","India","5622","Import value","01703","Chick peas, dry","2022","2022","1000 USD","50020","A","Official value",""
"TCL","Crops and livestock products","356","India","5910","Export quantity","01703","Chick peas, dry","2022","2022","t","235083.84","A","Official value",""
"TCL","Crops and livestock products","356","India","5922","Export value","01703","Chick peas, dry","2022","2022","1000 USD","225000","A","Official value",""
"TCL","Crops and livestock products","356","India","5610","Import quantity","01703","Chick peas, dry","2023","2023","t","223839.99","A","Official value",""
"TCL","Crops and livestock products","356","India","5622","Import value","01703","Chick peas, dry","2023","2023","1000 USD","172919","A","Official value",""
"TCL","Crops and livestock products","356","India","5910","Export quantity","01703","Chick peas, dry","2023","2023","t","293354.04","A","Official value",""
"TCL","Crops and livestock products","356","India","5922","Export value","01703","Chick peas, dry","2023","2023","1000 USD","287163","A","Official value",""
"TCL","Crops and livestock products","356","India","5610","Import quantity","01703","Chick peas, dry","2024","2024","t","528328.12","A","Official value",""
"TCL","Crops and livestock products","356","India","5622","Import value","01703","Chick peas, dry","2024","2024","1000 USD","414257","A","Official value",""
"TCL","Crops and livestock products","356","India","5910","Export quantity","01703","Chick peas, dry","2024","2024","t","247296.34","A","Official value",""
"TCL","Crops and livestock products","356","India","5922","Export value","01703","Chick peas, dry","2024","2024","1000 USD","283198","A","Official value",""
"TCL","Crops and livestock products","356","India","5609","Import quantity","02151","Chickens","2022","2022","1000 An","57","A","Official value",""
"TCL","Crops and livestock products","356","India","5622","Import value","02151","Chickens","2022","2022","1000 USD","3552","A","Official value",""
"TCL","Crops and livestock products","356","India","5909","Export quantity","02151","Chickens","2022","2022","1000 An","792","A","Official value",""
"TCL","Crops and livestock products","356","India","5922","Export value","02151","Chickens","2022","2022","1000 USD","563","A","Official value",""
"TCL","Crops and livestock products","356","India","5609","Import quantity","02151","Chickens","2023","2023","1000 An","36","A","Official value",""
"TCL","Crops and livestock products","356","India","5622","Import value","02151","Chickens","2023","2023","1000 USD","3321","A","Official value",""
"TCL","Crops and livestock products","356","India","5909","Export quantity","02151","Chickens","2023","2023","1000 An","984","A","Official value",""
"TCL","Crops and livestock products","356","India","5922","Export value","02151","Chickens","2023","2023","1000 USD","805","A","Official value",""
"TCL","Crops and livestock products","356","India","5609","Import quantity","02151","Chickens","2024","2024","1000 An","65","A","Official value",""
"TCL","Crops and livestock products","356","India","5622","Import value","02151","Chickens","2024","2024","1000 USD","3794","A","Official value",""
"TCL","Crops and livestock products","356","India","5909","Export quantity","02151","Chickens","2024","2024","1000 An","1019","A","Official value",""
"TCL","Crops and livestock products","356","India","5922","Export value","02151","Chickens","2024","2024","1000 USD","823","A","Official value",""
"TCL","Crops and livestock products","356","India","5610","Import quantity","01691","Chicory roots","2022","2022","t","0.06","A","Official value",""
"TCL","Crops and livestock products","356","India","5622","Import value","01691","Chicory roots","2022","2022","1000 USD","1","A","Official value",""
"TCL","Crops and livestock products","356","India","5910","Export quantity","01691","Chicory roots","2022","2022","t","2084.48","A","Official value",""
"TCL","Crops and livestock products","356","India","5922","Export value","01691","Chicory roots","2022","2022","1000 USD","1408","A","Official value",""
"TCL","Crops and livestock products","356","India","5910","Export quantity","01691","Chicory roots","2023","2023","t","3325.41","A","Official value",""
"TCL","Crops and livestock products","356","India","5922","Export value","01691","Chicory roots","2023","2023","1000 USD","2845","A","Official value",""
"TCL","Crops and livestock products","356","India","5910","Export quantity","01691","Chicory roots","2024","2024","t","2697.24","A","Official value",""
"TCL","Crops and livestock products","356","India","5922","Export value","01691","Chicory roots","2024","2024","1000 USD","2347","A","Official value",""
"TCL","Crops and livestock products","356","India","5610","Import quantity","01652","Chillies and peppers, dry (Capsicum spp., Pimenta spp.), raw","2022","2022","t","2252.41","A","Official value",""
"TCL","Crops and livestock products","356","India","5622","Import value","01652","Chillies and peppers, dry (Capsicum spp., Pimenta spp.), raw","2022","2022","1000 USD","7066","A","Official value",""
"TCL","Crops and livestock products","356","India","5910","Export quantity","01652","Chillies and peppers, dry (Capsicum spp., Pimenta spp.), raw","2022","2022","t","406063.21","A","Official value",""
"TCL","Crops and livestock products","356","India","5922","Export value","01652","Chillies and peppers, dry (Capsicum spp., Pimenta spp.), raw","2022","2022","1000 USD","1078120","A","Official value",""
"TCL","Crops and livestock products","356","India","5610","Import quantity","01652","Chillies and peppers, dry (Capsicum spp., Pimenta spp.), raw","2023","2023","t","5689.36","I","Value imputed by a receiving agency",""
"TCL","Crops and livestock products","356","India","5622","Import value","01652","Chillies and peppers, dry (Capsicum spp., Pimenta spp.), raw","2023","2023","1000 USD","15635","A","Official value",""
"TCL","Crops and livestock products","356","India","5910","Export quantity","01652","Chillies and peppers, dry (Capsicum spp., Pimenta spp.), raw","2023","2023","t","479158.64","A","Official value",""
"TCL","Crops and livestock products","356","India","5922","Export value","01652","Chillies and peppers, dry (Capsicum spp., Pimenta spp.), raw","2023","2023","1000 USD","1335174","A","Official value",""
"TCL","Crops and livestock products","356","India","5610","Import quantity","01652","Chillies and peppers, dry (Capsicum spp., Pimenta spp.), raw","2024","2024","t","5269.58","I","Value imputed by a receiving agency",""
"TCL","Crops and livestock products","356","India","5622","Import value","01652","Chillies and peppers, dry (Capsicum spp., Pimenta spp.), raw","2024","2024","1000 USD","15999","A","Official value",""
"TCL","Crops and livestock products","356","India","5910","Export quantity","01652","Chillies and peppers, dry (Capsicum spp., Pimenta spp.), raw","2024","2024","t","537599.13","A","Official value",""
"TCL","Crops and livestock products","356","India","5922","Export value","01652","Chillies and peppers, dry (Capsicum spp., Pimenta spp.), raw","2024","2024","1000 USD","1297287","A","Official value",""
"TCL","Crops and livestock products","356","India","5610","Import quantity","01231","Chillies and peppers, green (Capsicum spp. and Pimenta spp.)","2022","2022","t","44.17","A","Official value",""
"TCL","Crops and livestock products","356","India","5622","Import value","01231","Chillies and peppers, green (Capsicum spp. and Pimenta spp.)","2022","2022","1000 USD","78","A","Official value",""
"TCL","Crops and livestock products","356","India","5910","Export quantity","01231","Chillies and peppers, green (Capsicum spp. and Pimenta spp.)","2022","2022","t","52210.93","A","Official value",""
"TCL","Crops and livestock products","356","India","5922","Export value","01231","Chillies and peppers, green (Capsicum spp. and Pimenta spp.)","2022","2022","1000 USD","47082","A","Official value",""
"TCL","Crops and livestock products","356","India","5910","Export quantity","01231","Chillies and peppers, green (Capsicum spp. and Pimenta spp.)","2023","2023","t","82463.34","A","Official value",""
"TCL","Crops and livestock products","356","India","5922","Export value","01231","Chillies and peppers, green (Capsicum spp. and Pimenta spp.)","2023","2023","1000 USD","56561","A","Official value",""
"TCL","Crops and livestock products","356","India","5910","Export quantity","01231","Chillies and peppers, green (Capsicum spp. and Pimenta spp.)","2024","2024","t","111337.64","A","Official value",""
"TCL","Crops and livestock products","356","India","5922","Export value","01231","Chillies and peppers, green (Capsicum spp. and Pimenta spp.)","2024","2024","1000 USD","65086","A","Official value",""
"TCL","Crops and livestock products","356","India","5610","Import quantity","F0666","Chocolate products nes","2022","2022","t","24189.96","A","Official value",""
"TCL","Crops and livestock products","356","India","5622","Import value","F0666","Chocolate products nes","2022","2022","1000 USD","111147","A","Official value",""
"TCL","Crops and livestock products","356","India","5910","Export quantity","F0666","Chocolate products nes","2022","2022","t","21979.83","A","Official value",""
"TCL","Crops and livestock products","356","India","5922","Export value","F0666","Chocolate products nes","2022","2022","1000 USD","117111","A","Official value",""
"TCL","Crops and livestock products","356","India","5610","Import quantity","F0666","Chocolate products nes","2023","2023","t","26167.68","A","Official value",""
"TCL","Crops and livestock products","356","India","5622","Import value","F0666","Chocolate products nes","2023","2023","1000 USD","128955","A","Official value",""
"TCL","Crops and livestock products","356","India","5910","Export quantity","F0666","Chocolate products nes","2023","2023","t","25403.69","A","Official value",""
"TCL","Crops and livestock products","356","India","5922","Export value","F0666","Chocolate products nes","2023","2023","1000 USD","125493","A","Official value",""
"TCL","Crops and livestock products","356","India","5610","Import quantity","F0666","Chocolate products nes","2024","2024","t","22280.09","A","Official value",""
"TCL","Crops and livestock products","356","India","5622","Import value","F0666","Chocolate products nes","2024","2024","1000 USD","135887","A","Official value",""
"TCL","Crops and livestock products","356","India","5910","Export quantity","F0666","Chocolate products nes","2024","2024","t","31329.78","A","Official value",""
"TCL","Crops and livestock products","356","India","5922","Export value","F0666","Chocolate products nes","2024","2024","1000 USD","147819","A","Official value",""
"TCL","Crops and livestock products","356","India","5610","Import quantity","24230.03","Cider and other fermented beverages","2022","2022","t","61.38","A","Official value",""
"TCL","Crops and livestock products","356","India","5622","Import value","24230.03","Cider and other fermented beverages","2022","2022","1000 USD","195","A","Official value",""
"TCL","Crops and livestock products","356","India","5910","Export quantity","24230.03","Cider and other fermented beverages","2022","2022","t","4.78","A","Official value",""
"TCL","Crops and livestock products","356","India","5922","Export value","24230.03","Cider and other fermented beverages","2022","2022","1000 USD","14","A","Official value",""
"TCL","Crops and livestock products","356","India","5610","Import quantity","24230.03","Cider and other fermented beverages","2023","2023","t","149.3","A","Official value",""
"TCL","Crops and livestock products","356","India","5622","Import value","24230.03","Cider and other fermented beverages","2023","2023","1000 USD","292","A","Official value",""
"TCL","Crops and livestock products","356","India","5910","Export quantity","24230.03","Cider and other fermented beverages","2023","2023","t","65.3","A","Official value",""
"TCL","Crops and livestock products","356","India","5922","Export value","24230.03","Cider and other fermented beverages","2023","2023","1000 USD","90","A","Official value",""
"TCL","Crops and livestock products","356","India","5610","Import quantity","24230.03","Cider and other fermented beverages","2024","2024","t","58.67","A","Official value",""
"TCL","Crops and livestock products","356","India","5622","Import value","24230.03","Cider and other fermented beverages","2024","2024","1000 USD","180","A","Official value",""
"TCL","Crops and livestock products","356","India","5910","Export quantity","24230.03","Cider and other fermented beverages","2024","2024","t","5.97","A","Official value",""
"TCL","Crops and livestock products","356","India","5922","Export value","24230.03","Cider and other fermented beverages","2024","2024","1000 USD","12","A","Official value",""
"TCL","Crops and livestock products","356","India","5610","Import quantity","25020.01","Cigarettes","2022","2022","t","827.25","A","Official value",""
"TCL","Crops and livestock products","356","India","5622","Import value","25020.01","Cigarettes","2022","2022","1000 USD","25827","A","Official value",""
"TCL","Crops and livestock products","356","India","5910","Export quantity","25020.01","Cigarettes","2022","2022","t","30273.31","A","Official value",""
"TCL","Crops and livestock products","356","India","5922","Export value","25020.01","Cigarettes","2022","2022","1000 USD","100175","A","Official value",""
"TCL","Crops and livestock products","356","India","5610","Import quantity","25020.01","Cigarettes","2023","2023","t","661.19","A","Official value",""
"TCL","Crops and livestock products","356","India","5622","Import value","25020.01","Cigarettes","2023","2023","1000 USD","24254","A","Official value",""
"TCL","Crops and livestock products","356","India","5910","Export quantity","25020.01","Cigarettes","2023","2023","t","6149.67","A","Official value",""
"TCL","Crops and livestock products","356","India","5922","Export value","25020.01","Cigarettes","2023","2023","1000 USD","94093","A","Official value",""
"TCL","Crops and livestock products","356","India","5610","Import quantity","25020.01","Cigarettes","2024","2024","t","530.04","A","Official value",""
"TCL","Crops and livestock products","356","India","5622","Import value","25020.01","Cigarettes","2024","2024","1000 USD","24093","A","Official value",""
"TCL","Crops and livestock products","356","India","5910","Export quantity","25020.01","Cigarettes","2024","2024","t","5601.11","A","Official value",""
"TCL","Crops and livestock products","356","India","5922","Export value","25020.01","Cigarettes","2024","2024","1000 USD","97372","A","Official value",""
"TCL","Crops and livestock products","356","India","5610","Import quantity","25020.02","Cigars and cheroots","2022","2022","t","4.01","A","Official value",""
"TCL","Crops and livestock products","356","India","5622","Import value","25020.02","Cigars and cheroots","2022","2022","1000 USD","647","A","Official value",""
"TCL","Crops and livestock products","356","India","5910","Export quantity","25020.02","Cigars and cheroots","2022","2022","t","15300.36","A","Official value",""
"TCL","Crops and livestock products","356","India","5922","Export value","25020.02","Cigars and cheroots","2022","2022","1000 USD","859","A","Official value",""
"TCL","Crops and livestock products","356","India","5610","Import quantity","25020.02","Cigars and cheroots","2023","2023","t","57.74","A","Official value",""
"TCL","Crops and livestock products","356","India","5622","Import value","25020.02","Cigars and cheroots","2023","2023","1000 USD","1338","A","Official value",""
"TCL","Crops and livestock products","356","India","5910","Export quantity","25020.02","Cigars and cheroots","2023","2023","t","151.83","A","Official value",""
"TCL","Crops and livestock products","356","India","5922","Export value","25020.02","Cigars and cheroots","2023","2023","1000 USD","1211","A","Official value",""
"TCL","Crops and livestock products","356","India","5610","Import quantity","25020.02","Cigars and cheroots","2024","2024","t","0.43","A","Official value",""
"TCL","Crops and livestock products","356","India","5622","Import value","25020.02","Cigars and cheroots","2024","2024","1000 USD","944","A","Official value",""
"TCL","Crops and livestock products","356","India","5910","Export quantity","25020.02","Cigars and cheroots","2024","2024","t","91.35","A","Official value",""
"TCL","Crops and livestock products","356","India","5922","Export value","25020.02","Cigars and cheroots","2024","2024","1000 USD","1248","A","Official value",""
"TCL","Crops and livestock products","356","India","5610","Import quantity","01655","Cinnamon and cinnamon-tree flowers, raw","2022","2022","t","37414.36","A","Official value",""
"TCL","Crops and livestock products","356","India","5622","Import value","01655","Cinnamon and cinnamon-tree flowers, raw","2022","2022","1000 USD","112949","A","Official value",""
"TCL","Crops and livestock products","356","India","5910","Export quantity","01655","Cinnamon and cinnamon-tree flowers, raw","2022","2022","t","1788.4","A","Official value",""
"TCL","Crops and livestock products","356","India","5922","Export value","01655","Cinnamon and cinnamon-tree flowers, raw","2022","2022","1000 USD","10839","A","Official value",""
"TCL","Crops and livestock products","356","India","5610","Import quantity","01655","Cinnamon and cinnamon-tree flowers, raw","2023","2023","t","42706.54","A","Official value",""
"TCL","Crops and livestock products","356","India","5622","Import value","01655","Cinnamon and cinnamon-tree flowers, raw","2023","2023","1000 USD","111375","A","Official value",""
"TCL","Crops and livestock products","356","India","5910","Export quantity","01655","Cinnamon and cinnamon-tree flowers, raw","2023","2023","t","1966.86","A","Official value",""
"TCL","Crops and livestock products","356","India","5922","Export value","01655","Cinnamon and cinnamon-tree flowers, raw","2023","2023","1000 USD","11705","A","Official value",""
"TCL","Crops and livestock products","356","India","5610","Import quantity","01655","Cinnamon and cinnamon-tree flowers, raw","2024","2024","t","36943.28","A","Official value",""
"TCL","Crops and livestock products","356","India","5622","Import value","01655","Cinnamon and cinnamon-tree flowers, raw","2024","2024","1000 USD","95712","A","Official value",""
"TCL","Crops and livestock products","356","India","5910","Export quantity","01655","Cinnamon and cinnamon-tree flowers, raw","2024","2024","t","2142.87","A","Official value",""
"TCL","Crops and livestock products","356","India","5922","Export value","01655","Cinnamon and cinnamon-tree flowers, raw","2024","2024","1000 USD","13520","A","Official value",""
"TCL","Crops and livestock products","356","India","5610","Import quantity","21439.05","Citrus juice, concentrated n.e.c.","2022","2022","t","369.68","A","Official value",""
"TCL","Crops and livestock products","356","India","5622","Import value","21439.05","Citrus juice, concentrated n.e.c.","2022","2022","1000 USD","775","A","Official value",""
"TCL","Crops and livestock products","356","India","5910","Export quantity","21439.05","Citrus juice, concentrated n.e.c.","2022","2022","t","1055.6","A","Official value",""
"TCL","Crops and livestock products","356","India","5922","Export value","21439.05","Citrus juice, concentrated n.e.c.","2022","2022","1000 USD","1041","A","Official value",""
"TCL","Crops and livestock products","356","India","5610","Import quantity","21439.05","Citrus juice, concentrated n.e.c.","2023","2023","t","1381.89","A","Official value",""
"TCL","Crops and livestock products","356","India","5622","Import value","21439.05","Citrus juice, concentrated n.e.c.","2023","2023","1000 USD","2926","A","Official value",""
"TCL","Crops and livestock products","356","India","5910","Export quantity","21439.05","Citrus juice, concentrated n.e.c.","2023","2023","t","1281.95","A","Official value",""
"TCL","Crops and livestock products","356","India","5922","Export value","21439.05","Citrus juice, concentrated n.e.c.","2023","2023","1000 USD","1186","A","Official value",""
"TCL","Crops and livestock products","356","India","5610","Import quantity","21439.05","Citrus juice, concentrated n.e.c.","2024","2024","t","1382.33","A","Official value",""
"TCL","Crops and livestock products","356","India","5622","Import value","21439.05","Citrus juice, concentrated n.e.c.","2024","2024","1000 USD","3035","A","Official value",""
"TCL","Crops and livestock products","356","India","5910","Export quantity","21439.05","Citrus juice, concentrated n.e.c.","2024","2024","t","2304.76","A","Official value",""
"TCL","Crops and livestock products","356","India","5922","Export value","21439.05","Citrus juice, concentrated n.e.c.","2024","2024","1000 USD","2050","A","Official value",""
"TCL","Crops and livestock products","356","India","5610","Import quantity","01656","Cloves (whole stems), raw","2022","2022","t","18170.81","A","Official value",""
"TCL","Crops and livestock products","356","India","5622","Import value","01656","Cloves (whole stems), raw","2022","2022","1000 USD","113816","A","Official value",""
"TCL","Crops and livestock products","356","India","5910","Export quantity","01656","Cloves (whole stems), raw","2022","2022","t","1741.49","A","Official value",""
"TCL","Crops and livestock products","356","India","5922","Export value","01656","Cloves (whole stems), raw","2022","2022","1000 USD","13996","A","Official value",""
"TCL","Crops and livestock products","356","India","5610","Import quantity","01656","Cloves (whole stems), raw","2023","2023","t","22395.17","A","Official value",""
"TCL","Crops and livestock products","356","India","5622","Import value","01656","Cloves (whole stems), raw","2023","2023","1000 USD","140979","A","Official value",""
"TCL","Crops and livestock products","356","India","5910","Export quantity","01656","Cloves (whole stems), raw","2023","2023","t","1743.56","A","Official value",""
"TCL","Crops and livestock products","356","India","5922","Export value","01656","Cloves (whole stems), raw","2023","2023","1000 USD","15164","A","Official value",""
"TCL","Crops and livestock products","356","India","5610","Import quantity","01656","Cloves (whole stems), raw","2024","2024","t","31881.95","A","Official value",""
"TCL","Crops and livestock products","356","India","5622","Import value","01656","Cloves (whole stems), raw","2024","2024","1000 USD","219432","A","Official value",""
"TCL","Crops and livestock products","356","India","5910","Export quantity","01656","Cloves (whole stems), raw","2024","2024","t","1348.49","A","Official value",""
"TCL","Crops and livestock products","356","India","5922","Export value","01656","Cloves (whole stems), raw","2024","2024","1000 USD","11980","A","Official value",""
"TCL","Crops and livestock products","356","India","5610","Import quantity","01640","Cocoa beans","2022","2022","t","34156.66","A","Official value",""
"TCL","Crops and livestock products","356","India","5622","Import value","01640","Cocoa beans","2022","2022","1000 USD","83608","A","Official value",""
"TCL","Crops and livestock products","356","India","5910","Export quantity","01640","Cocoa beans","2022","2022","t","55.84","A","Official value",""
"TCL","Crops and livestock products","356","India","5922","Export value","01640","Cocoa beans","2022","2022","1000 USD","248","A","Official value",""
"TCL","Crops and livestock products","356","India","5610","Import quantity","01640","Cocoa beans","2023","2023","t","20657.23","A","Official value",""
"TCL","Crops and livestock products","356","India","5622","Import value","01640","Cocoa beans","2023","2023","1000 USD","62303","A","Official value",""
"TCL","Crops and livestock products","356","India","5910","Export quantity","01640","Cocoa beans","2023","2023","t","69.55","A","Official value",""
"TCL","Crops and livestock products","356","India","5922","Export value","01640","Cocoa beans","2023","2023","1000 USD","368","A","Official value",""
"TCL","Crops and livestock products","356","India","5610","Import quantity","01640","Cocoa beans","2024","2024","t","28774.17","A","Official value",""
"TCL","Crops and livestock products","356","India","5622","Import value","01640","Cocoa beans","2024","2024","1000 USD","186808","A","Official value",""
"TCL","Crops and livestock products","356","India","5910","Export quantity","01640","Cocoa beans","2024","2024","t","43.59","A","Official value",""
"TCL","Crops and livestock products","356","India","5922","Export value","01640","Cocoa beans","2024","2024","1000 USD","346","A","Official value",""
"TCL","Crops and livestock products","356","India","5610","Import quantity","23620","Cocoa butter, fat and oil","2022","2022","t","22804.05","A","Official value",""
"TCL","Crops and livestock products","356","India","5622","Import value","23620","Cocoa butter, fat and oil","2022","2022","1000 USD","97356","A","Official value",""
"TCL","Crops and livestock products","356","India","5910","Export quantity","23620","Cocoa butter, fat and oil","2022","2022","t","9699.35","A","Official value",""
"TCL","Crops and livestock products","356","India","5922","Export value","23620","Cocoa butter, fat and oil","2022","2022","1000 USD","35386","A","Official value",""
"TCL","Crops and livestock products","356","India","5610","Import quantity","23620","Cocoa butter, fat and oil","2023","2023","t","22068.88","A","Official value",""
"TCL","Crops and livestock products","356","India","5622","Import value","23620","Cocoa butter, fat and oil","2023","2023","1000 USD","100847","A","Official value",""
"TCL","Crops and livestock products","356","India","5910","Export quantity","23620","Cocoa butter, fat and oil","2023","2023","t","8992.11","A","Official value",""
"TCL","Crops and livestock products","356","India","5922","Export value","23620","Cocoa butter, fat and oil","2023","2023","1000 USD","43910","A","Official value",""
"TCL","Crops and livestock products","356","India","5610","Import quantity","23620","Cocoa butter, fat and oil","2024","2024","t","27439.85","A","Official value",""
"TCL","Crops and livestock products","356","India","5622","Import value","23620","Cocoa butter, fat and oil","2024","2024","1000 USD","273618","A","Official value",""
"TCL","Crops and livestock products","356","India","5910","Export quantity","23620","Cocoa butter, fat and oil","2024","2024","t","10119.06","A","Official value",""
"TCL","Crops and livestock products","356","India","5922","Export value","23620","Cocoa butter, fat and oil","2024","2024","1000 USD","76308","A","Official value",""
"TCL","Crops and livestock products","356","India","5910","Export quantity","39150.02","Cocoa husks and shells","2022","2022","t","1.78","A","Official value",""
"TCL","Crops and livestock products","356","India","5922","Export value","39150.02","Cocoa husks and shells","2022","2022","1000 USD","4","A","Official value",""
"TCL","Crops and livestock products","356","India","5610","Import quantity","39150.02","Cocoa husks and shells","2023","2023","t","230.61","A","Official value",""
"TCL","Crops and livestock products","356","India","5622","Import value","39150.02","Cocoa husks and shells","2023","2023","1000 USD","31","A","Official value",""
"TCL","Crops and livestock products","356","India","5910","Export quantity","39150.02","Cocoa husks and shells","2023","2023","t","2.78","A","Official value",""
"TCL","Crops and livestock products","356","India","5922","Export value","39150.02","Cocoa husks and shells","2023","2023","1000 USD","8","A","Official value",""
"TCL","Crops and livestock products","356","India","5610","Import quantity","39150.02","Cocoa husks and shells","2024","2024","t","454.03","A","Official value",""
"TCL","Crops and livestock products","356","India","5622","Import value","39150.02","Cocoa husks and shells","2024","2024","1000 USD","175","A","Official value",""
"TCL","Crops and livestock products","356","India","5910","Export quantity","39150.02","Cocoa husks and shells","2024","2024","t","116.86","A","Official value",""
"TCL","Crops and livestock products","356","India","5922","Export value","39150.02","Cocoa husks and shells","2024","2024","1000 USD","58","A","Official value",""
"TCL","Crops and livestock products","356","India","5610","Import quantity","23610.01","Cocoa paste not defatted","2022","2022","t","5508.4","A","Official value",""
"TCL","Crops and livestock products","356","India","5622","Import value","23610.01","Cocoa paste not defatted","2022","2022","1000 USD","21570","A","Official value",""
"TCL","Crops and livestock products","356","India","5910","Export quantity","23610.01","Cocoa paste not defatted","2022","2022","t","27.6","A","Official value",""
"TCL","Crops and livestock products","356","India","5922","Export value","23610.01","Cocoa paste not defatted","2022","2022","1000 USD","120","A","Official value",""
"TCL","Crops and livestock products","356","India","5610","Import quantity","23610.01","Cocoa paste not defatted","2023","2023","t","3415.58","A","Official value",""
"TCL","Crops and livestock products","356","India","5622","Import value","23610.01","Cocoa paste not defatted","2023","2023","1000 USD","15066","A","Official value",""
"TCL","Crops and livestock products","356","India","5910","Export quantity","23610.01","Cocoa paste not defatted","2023","2023","t","42.92","A","Official value",""
"TCL","Crops and livestock products","356","India","5922","Export value","23610.01","Cocoa paste not defatted","2023","2023","1000 USD","207","A","Official value",""
"TCL","Crops and livestock products","356","India","5610","Import quantity","23610.01","Cocoa paste not defatted","2024","2024","t","2885.8","A","Official value",""
"TCL","Crops and livestock products","356","India","5622","Import value","23610.01","Cocoa paste not defatted","2024","2024","1000 USD","30593","A","Official value",""
"TCL","Crops and livestock products","356","India","5910","Export quantity","23610.01","Cocoa paste not defatted","2024","2024","t","36.22","A","Official value",""
"TCL","Crops and livestock products","356","India","5922","Export value","23610.01","Cocoa paste not defatted","2024","2024","1000 USD","426","A","Official value",""
"TCL","Crops and livestock products","356","India","5610","Import quantity","F0665","Cocoa powder and cake","2022","2022","t","51188.37","A","Official value",""
"TCL","Crops and livestock products","356","India","5622","Import value","F0665","Cocoa powder and cake","2022","2022","1000 USD","147323","A","Official value",""
"TCL","Crops and livestock products","356","India","5910","Export quantity","F0665","Cocoa powder and cake","2022","2022","t","329.29","A","Official value",""
"TCL","Crops and livestock products","356","India","5922","Export value","F0665","Cocoa powder and cake","2022","2022","1000 USD","1360","A","Official value",""
"TCL","Crops and livestock products","356","India","5610","Import quantity","F0665","Cocoa powder and cake","2023","2023","t","42774.57","A","Official value",""
"TCL","Crops and livestock products","356","India","5622","Import value","F0665","Cocoa powder and cake","2023","2023","1000 USD","131039","A","Official value",""
"TCL","Crops and livestock products","356","India","5910","Export quantity","F0665","Cocoa powder and cake","2023","2023","t","302.84","A","Official value",""
"TCL","Crops and livestock products","356","India","5922","Export value","F0665","Cocoa powder and cake","2023","2023","1000 USD","1072","A","Official value",""
"TCL","Crops and livestock products","356","India","5610","Import quantity","F0665","Cocoa powder and cake","2024","2024","t","57729.33","A","Official value",""
"TCL","Crops and livestock products","356","India","5622","Import value","F0665","Cocoa powder and cake","2024","2024","1000 USD","239033","A","Official value",""
"TCL","Crops and livestock products","356","India","5910","Export quantity","F0665","Cocoa powder and cake","2024","2024","t","1204.57","A","Official value",""
"TCL","Crops and livestock products","356","India","5922","Export value","F0665","Cocoa powder and cake","2024","2024","1000 USD","4929","A","Official value",""
"TCL","Crops and livestock products","356","India","5610","Import quantity","2166","Coconut oil","2022","2022","t","159.71","A","Official value",""
"TCL","Crops and livestock products","356","India","5622","Import value","2166","Coconut oil","2022","2022","1000 USD","400","A","Official value",""
"TCL","Crops and livestock products","356","India","5910","Export quantity","2166","Coconut oil","2022","2022","t","28322.73","A","Official value",""
"TCL","Crops and livestock products","356","India","5922","Export value","2166","Coconut oil","2022","2022","1000 USD","66803","A","Official value",""
"TCL","Crops and livestock products","356","India","5610","Import quantity","2166","Coconut oil","2023","2023","t","57.83","A","Official value",""
"TCL","Crops and livestock products","356","India","5622","Import value","2166","Coconut oil","2023","2023","1000 USD","163","A","Official value",""
"TCL","Crops and livestock products","356","India","5910","Export quantity","2166","Coconut oil","2023","2023","t","16201.26","A","Official value",""
"TCL","Crops and livestock products","356","India","5922","Export value","2166","Coconut oil","2023","2023","1000 USD","41533","A","Official value",""
"TCL","Crops and livestock products","356","India","5610","Import quantity","2166","Coconut oil","2024","2024","t","22.87","A","Official value",""
"TCL","Crops and livestock products","356","India","5622","Import value","2166","Coconut oil","2024","2024","1000 USD","43","A","Official value",""
"TCL","Crops and livestock products","356","India","5910","Export quantity","2166","Coconut oil","2024","2024","t","19102.35","A","Official value",""
"TCL","Crops and livestock products","356","India","5922","Export value","2166","Coconut oil","2024","2024","1000 USD","50205","A","Official value",""
"TCL","Crops and livestock products","356","India","5610","Import quantity","21429.07","Coconuts, desiccated","2022","2022","t","4366.36","A","Official value",""
"TCL","Crops and livestock products","356","India","5622","Import value","21429.07","Coconuts, desiccated","2022","2022","1000 USD","8821","A","Official value",""
"TCL","Crops and livestock products","356","India","5910","Export quantity","21429.07","Coconuts, desiccated","2022","2022","t","7084.28","A","Official value",""
"TCL","Crops and livestock products","356","India","5922","Export value","21429.07","Coconuts, desiccated","2022","2022","1000 USD","12842","A","Official value",""
"TCL","Crops and livestock products","356","India","5610","Import quantity","21429.07","Coconuts, desiccated","2023","2023","t","7144.55","A","Official value",""
"TCL","Crops and livestock products","356","India","5622","Import value","21429.07","Coconuts, desiccated","2023","2023","1000 USD","13471","A","Official value",""
"TCL","Crops and livestock products","356","India","5910","Export quantity","21429.07","Coconuts, desiccated","2023","2023","t","2218.91","A","Official value",""
"TCL","Crops and livestock products","356","India","5922","Export value","21429.07","Coconuts, desiccated","2023","2023","1000 USD","3905","A","Official value",""
"TCL","Crops and livestock products","356","India","5610","Import quantity","21429.07","Coconuts, desiccated","2024","2024","t","9507.78","A","Official value",""
"TCL","Crops and livestock products","356","India","5622","Import value","21429.07","Coconuts, desiccated","2024","2024","1000 USD","17421","A","Official value",""
"TCL","Crops and livestock products","356","India","5910","Export quantity","21429.07","Coconuts, desiccated","2024","2024","t","6335.89","A","Official value",""
"TCL","Crops and livestock products","356","India","5922","Export value","21429.07","Coconuts, desiccated","2024","2024","1000 USD","13004","A","Official value",""
"TCL","Crops and livestock products","356","India","5610","Import quantity","01460","Coconuts, in shell","2022","2022","t","1.31","A","Official value",""
"TCL","Crops and livestock products","356","India","5622","Import value","01460","Coconuts, in shell","2022","2022","1000 USD","13","A","Official value",""
"TCL","Crops and livestock products","356","India","5910","Export quantity","01460","Coconuts, in shell","2022","2022","t","69625.65","A","Official value",""
"TCL","Crops and livestock products","356","India","5922","Export value","01460","Coconuts, in shell","2022","2022","1000 USD","44306","A","Official value",""
"TCL","Crops and livestock products","356","India","5610","Import quantity","01460","Coconuts, in shell","2023","2023","t","18.2","A","Official value",""
"TCL","Crops and livestock products","356","India","5622","Import value","01460","Coconuts, in shell","2023","2023","1000 USD","11","A","Official value",""
"TCL","Crops and livestock products","356","India","5910","Export quantity","01460","Coconuts, in shell","2023","2023","t","98579.35","A","Official value",""
"TCL","Crops and livestock products","356","India","5922","Export value","01460","Coconuts, in shell","2023","2023","1000 USD","80546","A","Official value",""
"TCL","Crops and livestock products","356","India","5610","Import quantity","01460","Coconuts, in shell","2024","2024","t","16.21","A","Official value",""
"TCL","Crops and livestock products","356","India","5622","Import value","01460","Coconuts, in shell","2024","2024","1000 USD","14","A","Official value",""
"TCL","Crops and livestock products","356","India","5910","Export quantity","01460","Coconuts, in shell","2024","2024","t","112309.04","A","Official value",""
"TCL","Crops and livestock products","356","India","5922","Export value","01460","Coconuts, in shell","2024","2024","1000 USD","70907","A","Official value",""
"TCL","Crops and livestock products","356","India","5610","Import quantity","23912.02","Coffee extracts","2022","2022","t","994.44","A","Official value",""
"TCL","Crops and livestock products","356","India","5622","Import value","23912.02","Coffee extracts","2022","2022","1000 USD","10615","A","Official value",""
"TCL","Crops and livestock products","356","India","5910","Export quantity","23912.02","Coffee extracts","2022","2022","t","79248.67","A","Official value",""
"TCL","Crops and livestock products","356","India","5922","Export value","23912.02","Coffee extracts","2022","2022","1000 USD","419586","A","Official value",""
"TCL","Crops and livestock products","356","India","5610","Import quantity","23912.02","Coffee extracts","2023","2023","t","1656.92","A","Official value",""
"TCL","Crops and livestock products","356","India","5622","Import value","23912.02","Coffee extracts","2023","2023","1000 USD","15782","A","Official value",""
"TCL","Crops and livestock products","356","India","5910","Export quantity","23912.02","Coffee extracts","2023","2023","t","80221.5","A","Official value",""
"TCL","Crops and livestock products","356","India","5922","Export value","23912.02","Coffee extracts","2023","2023","1000 USD","468041","A","Official value",""
"TCL","Crops and livestock products","356","India","5610","Import quantity","23912.02","Coffee extracts","2024","2024","t","1437.25","A","Official value",""
"TCL","Crops and livestock products","356","India","5622","Import value","23912.02","Coffee extracts","2024","2024","1000 USD","17311","A","Official value",""
"TCL","Crops and livestock products","356","India","5910","Export quantity","23912.02","Coffee extracts","2024","2024","t","91893.02","A","Official value",""
"TCL","Crops and livestock products","356","India","5922","Export value","23912.02","Coffee extracts","2024","2024","1000 USD","562156","A","Official value",""
"TCL","Crops and livestock products","356","India","5610","Import quantity","39150.01","Coffee husks and skins","2022","2022","t","0","A","Official value",""
"TCL","Crops and livestock products","356","India","5622","Import value","39150.01","Coffee husks and skins","2022","2022","1000 USD","0","A","Official value",""
"TCL","Crops and livestock products","356","India","5910","Export quantity","39150.01","Coffee husks and skins","2022","2022","t","380.57","A","Official value",""
"TCL","Crops and livestock products","356","India","5922","Export value","39150.01","Coffee husks and skins","2022","2022","1000 USD","118","A","Official value",""
"TCL","Crops and livestock products","356","India","5610","Import quantity","39150.01","Coffee husks and skins","2023","2023","t","138","A","Official value",""
"TCL","Crops and livestock products","356","India","5622","Import value","39150.01","Coffee husks and skins","2023","2023","1000 USD","182","A","Official value",""
"TCL","Crops and livestock products","356","India","5910","Export quantity","39150.01","Coffee husks and skins","2023","2023","t","486.8","A","Official value",""
"TCL","Crops and livestock products","356","India","5922","Export value","39150.01","Coffee husks and skins","2023","2023","1000 USD","294","A","Official value",""
"TCL","Crops and livestock products","356","India","5610","Import quantity","39150.01","Coffee husks and skins","2024","2024","t","100.2","A","Official value",""
"TCL","Crops and livestock products","356","India","5622","Import value","39150.01","Coffee husks and skins","2024","2024","1000 USD","129","A","Official value",""
"TCL","Crops and livestock products","356","India","5910","Export quantity","39150.01","Coffee husks and skins","2024","2024","t","646.43","A","Official value",""
"TCL","Crops and livestock products","356","India","5922","Export value","39150.01","Coffee husks and skins","2024","2024","1000 USD","552","A","Official value",""
"TCL","Crops and livestock products","356","India","5610","Import quantity","23912.01","Coffee substitutes","2022","2022","t","0.22","A","Official value",""
"TCL","Crops and livestock products","356","India","5622","Import value","23912.01","Coffee substitutes","2022","2022","1000 USD","1","A","Official value",""
"TCL","Crops and livestock products","356","India","5910","Export quantity","23912.01","Coffee substitutes","2022","2022","t","219.74","A","Official value",""
"TCL","Crops and livestock products","356","India","5922","Export value","23912.01","Coffee substitutes","2022","2022","1000 USD","1325","A","Official value",""
"TCL","Crops and livestock products","356","India","5610","Import quantity","23912.01","Coffee substitutes","2023","2023","t","210.19","A","Official value",""
"TCL","Crops and livestock products","356","India","5622","Import value","23912.01","Coffee substitutes","2023","2023","1000 USD","286","A","Official value",""
"TCL","Crops and livestock products","356","India","5910","Export quantity","23912.01","Coffee substitutes","2023","2023","t","291.1","A","Official value",""
"TCL","Crops and livestock products","356","India","5922","Export value","23912.01","Coffee substitutes","2023","2023","1000 USD","1669","A","Official value",""
"TCL","Crops and livestock products","356","India","5610","Import quantity","23912.01","Coffee substitutes","2024","2024","t","0.97","A","Official value",""
"TCL","Crops and livestock products","356","India","5622","Import value","23912.01","Coffee substitutes","2024","2024","1000 USD","19","A","Official value",""
"TCL","Crops and livestock products","356","India","5910","Export quantity","23912.01","Coffee substitutes","2024","2024","t","352.36","A","Official value",""
"TCL","Crops and livestock products","356","India","5922","Export value","23912.01","Coffee substitutes","2024","2024","1000 USD","2497","A","Official value",""
"TCL","Crops and livestock products","356","India","5610","Import quantity","23911","Coffee, decaffeinated or roasted","2022","2022","t","2189.4","A","Official value",""
"TCL","Crops and livestock products","356","India","5622","Import value","23911","Coffee, decaffeinated or roasted","2022","2022","1000 USD","5776","A","Official value",""
"TCL","Crops and livestock products","356","India","5910","Export quantity","23911","Coffee, decaffeinated or roasted","2022","2022","t","396.69","A","Official value",""
"TCL","Crops and livestock products","356","India","5922","Export value","23911","Coffee, decaffeinated or roasted","2022","2022","1000 USD","2576","A","Official value",""
"TCL","Crops and livestock products","356","India","5610","Import quantity","23911","Coffee, decaffeinated or roasted","2023","2023","t","465.17","A","Official value",""
"TCL","Crops and livestock products","356","India","5622","Import value","23911","Coffee, decaffeinated or roasted","2023","2023","1000 USD","1815","A","Official value",""
"TCL","Crops and livestock products","356","India","5910","Export quantity","23911","Coffee, decaffeinated or roasted","2023","2023","t","377.42","A","Official value",""
"TCL","Crops and livestock products","356","India","5922","Export value","23911","Coffee, decaffeinated or roasted","2023","2023","1000 USD","2521","A","Official value",""
"TCL","Crops and livestock products","356","India","5610","Import quantity","23911","Coffee, decaffeinated or roasted","2024","2024","t","82.59","A","Official value",""
"TCL","Crops and livestock products","356","India","5622","Import value","23911","Coffee, decaffeinated or roasted","2024","2024","1000 USD","1033","A","Official value",""
"TCL","Crops and livestock products","356","India","5910","Export quantity","23911","Coffee, decaffeinated or roasted","2024","2024","t","469.87","A","Official value",""
"TCL","Crops and livestock products","356","India","5922","Export value","23911","Coffee, decaffeinated or roasted","2024","2024","1000 USD","2942","A","Official value",""
"TCL","Crops and livestock products","356","India","5610","Import quantity","01610","Coffee, green","2022","2022","t","102214.95","A","Official value",""
"TCL","Crops and livestock products","356","India","5622","Import value","01610","Coffee, green","2022","2022","1000 USD","197013","A","Official value",""
"TCL","Crops and livestock products","356","India","5910","Export quantity","01610","Coffee, green","2022","2022","t","270299.66","A","Official value",""
"TCL","Crops and livestock products","356","India","5922","Export value","01610","Coffee, green","2022","2022","1000 USD","756821","A","Official value",""
"TCL","Crops and livestock products","356","India","5610","Import quantity","01610","Coffee, green","2023","2023","t","90809.97","A","Official value",""
"TCL","Crops and livestock products","356","India","5622","Import value","01610","Coffee, green","2023","2023","1000 USD","190133","A","Official value",""
"TCL","Crops and livestock products","356","India","5910","Export quantity","01610","Coffee, green","2023","2023","t","232176.71","A","Official value",""
"TCL","Crops and livestock products","356","India","5922","Export value","01610","Coffee, green","2023","2023","1000 USD","741993","A","Official value",""
"TCL","Crops and livestock products","356","India","5610","Import quantity","01610","Coffee, green","2024","2024","t","78501.21","A","Official value",""
"TCL","Crops and livestock products","356","India","5622","Import value","01610","Coffee, green","2024","2024","1000 USD","231509","A","Official value",""
"TCL","Crops and livestock products","356","India","5910","Export quantity","01610","Coffee, green","2024","2024","t","254486.46","A","Official value",""
"TCL","Crops and livestock products","356","India","5922","Export value","01610","Coffee, green","2024","2024","1000 USD","1105865","A","Official value",""
"TCL","Crops and livestock products","356","India","5610","Import quantity","01929.08","Coir, raw","2022","2022","t","102.34","A","Official value",""
"TCL","Crops and livestock products","356","India","5622","Import value","01929.08","Coir, raw","2022","2022","1000 USD","119","A","Official value",""
"TCL","Crops and livestock products","356","India","5910","Export quantity","01929.08","Coir, raw","2022","2022","t","1016253.18","A","Official value",""
"TCL","Crops and livestock products","356","India","5922","Export value","01929.08","Coir, raw","2022","2022","1000 USD","314588","A","Official value",""
"TCL","Crops and livestock products","356","India","5610","Import quantity","01929.08","Coir, raw","2023","2023","t","191.03","A","Official value",""
"TCL","Crops and livestock products","356","India","5622","Import value","01929.08","Coir, raw","2023","2023","1000 USD","189","A","Official value",""
"TCL","Crops and livestock products","356","India","5910","Export quantity","01929.08","Coir, raw","2023","2023","t","1049423.05","A","Official value",""
"TCL","Crops and livestock products","356","India","5922","Export value","01929.08","Coir, raw","2023","2023","1000 USD","255752","A","Official value",""
"TCL","Crops and livestock products","356","India","5610","Import quantity","01929.08","Coir, raw","2024","2024","t","461.71","A","Official value",""
"TCL","Crops and livestock products","356","India","5622","Import value","01929.08","Coir, raw","2024","2024","1000 USD","342","A","Official value",""
"TCL","Crops and livestock products","356","India","5910","Export quantity","01929.08","Coir, raw","2024","2024","t","1145154.63","A","Official value",""
"TCL","Crops and livestock products","356","India","5922","Export value","01929.08","Coir, raw","2024","2024","1000 USD","323574","A","Official value",""
"TCL","Crops and livestock products","356","India","5610","Import quantity","23490.01","Communion wafers, empty cachets of a kind suitable for pharmaceutical use, sealing wafers, rice paper and similar products.","2022","2022","t","2433.5","A","Official value",""
"TCL","Crops and livestock products","356","India","5622","Import value","23490.01","Communion wafers, empty cachets of a kind suitable for pharmaceutical use, sealing wafers, rice paper and similar products.","2022","2022","1000 USD","7769","A","Official value",""
"TCL","Crops and livestock products","356","India","5910","Export quantity","23490.01","Communion wafers, empty cachets of a kind suitable for pharmaceutical use, sealing wafers, rice paper and similar products.","2022","2022","t","8221.55","I","Value imputed by a receiving agency",""
"TCL","Crops and livestock products","356","India","5922","Export value","23490.01","Communion wafers, empty cachets of a kind suitable for pharmaceutical use, sealing wafers, rice paper and similar products.","2022","2022","1000 USD","26048","A","Official value",""
"TCL","Crops and livestock products","356","India","5610","Import quantity","23490.01","Communion wafers, empty cachets of a kind suitable for pharmaceutical use, sealing wafers, rice paper and similar products.","2023","2023","t","2079.4","A","Official value",""
"TCL","Crops and livestock products","356","India","5622","Import value","23490.01","Communion wafers, empty cachets of a kind suitable for pharmaceutical use, sealing wafers, rice paper and similar products.","2023","2023","1000 USD","6944","A","Official value",""
"TCL","Crops and livestock products","356","India","5910","Export quantity","23490.01","Communion wafers, empty cachets of a kind suitable for pharmaceutical use, sealing wafers, rice paper and similar products.","2023","2023","t","9746.27","A","Official value",""
"TCL","Crops and livestock products","356","India","5922","Export value","23490.01","Communion wafers, empty cachets of a kind suitable for pharmaceutical use, sealing wafers, rice paper and similar products.","2023","2023","1000 USD","28757","A","Official value",""
"TCL","Crops and livestock products","356","India","5610","Import quantity","23490.01","Communion wafers, empty cachets of a kind suitable for pharmaceutical use, sealing wafers, rice paper and similar products.","2024","2024","t","2193.96","A","Official value",""
"TCL","Crops and livestock products","356","India","5622","Import value","23490.01","Communion wafers, empty cachets of a kind suitable for pharmaceutical use, sealing wafers, rice paper and similar products.","2024","2024","1000 USD","8670","A","Official value",""
"TCL","Crops and livestock products","356","India","5910","Export quantity","23490.01","Communion wafers, empty cachets of a kind suitable for pharmaceutical use, sealing wafers, rice paper and similar products.","2024","2024","t","9968.44","A","Official value",""
"TCL","Crops and livestock products","356","India","5922","Export value","23490.01","Communion wafers, empty cachets of a kind suitable for pharmaceutical use, sealing wafers, rice paper and similar products.","2024","2024","1000 USD","29845","A","Official value",""
"TCL","Crops and livestock products","356","India","5610","Import quantity","23319.04","Compound feed n.e.c.","2022","2022","t","134662.53","A","Official value",""
"TCL","Crops and livestock products","356","India","5622","Import value","23319.04","Compound feed n.e.c.","2022","2022","1000 USD","427337","A","Official value",""
"TCL","Crops and livestock products","356","India","5910","Export quantity","23319.04","Compound feed n.e.c.","2022","2022","t","154436.51","A","Official value",""
"TCL","Crops and livestock products","356","India","5922","Export value","23319.04","Compound feed n.e.c.","2022","2022","1000 USD","279040","A","Official value",""
"TCL","Crops and livestock products","356","India","5610","Import quantity","23319.04","Compound feed n.e.c.","2023","2023","t","127551.5","A","Official value",""
"TCL","Crops and livestock products","356","India","5622","Import value","23319.04","Compound feed n.e.c.","2023","2023","1000 USD","375534","A","Official value",""
"TCL","Crops and livestock products","356","India","5910","Export quantity","23319.04","Compound feed n.e.c.","2023","2023","t","174188.63","A","Official value",""
"TCL","Crops and livestock products","356","India","5922","Export value","23319.04","Compound feed n.e.c.","2023","2023","1000 USD","279038","A","Official value",""
"TCL","Crops and livestock products","356","India","5610","Import quantity","23319.04","Compound feed n.e.c.","2024","2024","t","133138.4","A","Official value",""
"TCL","Crops and livestock products","356","India","5622","Import value","23319.04","Compound feed n.e.c.","2024","2024","1000 USD","390939","A","Official value",""
"TCL","Crops and livestock products","356","India","5910","Export quantity","23319.04","Compound feed n.e.c.","2024","2024","t","203418.03","A","Official value",""
"TCL","Crops and livestock products","356","India","5922","Export value","23319.04","Compound feed n.e.c.","2024","2024","1000 USD","309599","A","Official value",""
"TCL","Crops and livestock products","356","India","5610","Import quantity","01492","Copra","2022","2022","t","247.55","A","Official value",""
"TCL","Crops and livestock products","356","India","5622","Import value","01492","Copra","2022","2022","1000 USD","206","A","Official value",""
"TCL","Crops and livestock products","356","India","5910","Export quantity","01492","Copra","2022","2022","t","17426.42","A","Official value",""
"TCL","Crops and livestock products","356","India","5922","Export value","01492","Copra","2022","2022","1000 USD","23636","A","Official value",""
"TCL","Crops and livestock products","356","India","5610","Import quantity","01492","Copra","2023","2023","t","6867.88","A","Official value",""
"TCL","Crops and livestock products","356","India","5622","Import value","01492","Copra","2023","2023","1000 USD","5664","A","Official value",""
"TCL","Crops and livestock products","356","India","5910","Export quantity","01492","Copra","2023","2023","t","20685.76","A","Official value",""
"TCL","Crops and livestock products","356","India","5922","Export value","01492","Copra","2023","2023","1000 USD","25742","A","Official value",""
"TCL","Crops and livestock products","356","India","5610","Import quantity","01492","Copra","2024","2024","t","8616.79","A","Official value",""
"TCL","Crops and livestock products","356","India","5622","Import value","01492","Copra","2024","2024","1000 USD","8189","A","Official value",""
"TCL","Crops and livestock products","356","India","5910","Export quantity","01492","Copra","2024","2024","t","17003.9","A","Official value",""
"TCL","Crops and livestock products","356","India","5922","Export value","01492","Copra","2024","2024","1000 USD","24058","A","Official value",""
"TCL","Crops and livestock products","356","India","5610","Import quantity","01921.02","Cotton lint, ginned","2022","2022","t","389687.01","A","Official value",""
"TCL","Crops and livestock products","356","India","5622","Import value","01921.02","Cotton lint, ginned","2022","2022","1000 USD","1451036","A","Official value",""
"TCL","Crops and livestock products","356","India","5910","Export quantity","01921.02","Cotton lint, ginned","2022","2022","t","427485.87","A","Official value",""
"TCL","Crops and livestock products","356","India","5922","Export value","01921.02","Cotton lint, ginned","2022","2022","1000 USD","1203841","A","Official value",""
"TCL","Crops and livestock products","356","India","5610","Import quantity","01921.02","Cotton lint, ginned","2023","2023","t","211000.51","A","Official value",""
"TCL","Crops and livestock products","356","India","5622","Import value","01921.02","Cotton lint, ginned","2023","2023","1000 USD","593392","A","Official value",""
"TCL","Crops and livestock products","356","India","5910","Export quantity","01921.02","Cotton lint, ginned","2023","2023","t","344866.25","A","Official value",""
"TCL","Crops and livestock products","356","India","5922","Export value","01921.02","Cotton lint, ginned","2023","2023","1000 USD","755662","A","Official value",""
"TCL","Crops and livestock products","356","India","5610","Import quantity","01921.02","Cotton lint, ginned","2024","2024","t","451425.87","A","Official value",""
"TCL","Crops and livestock products","356","India","5622","Import value","01921.02","Cotton lint, ginned","2024","2024","1000 USD","989059","A","Official value",""
"TCL","Crops and livestock products","356","India","5910","Export quantity","01921.02","Cotton lint, ginned","2024","2024","t","465000.52","A","Official value",""
"TCL","Crops and livestock products","356","India","5922","Export value","01921.02","Cotton lint, ginned","2024","2024","1000 USD","904014","A","Official value",""
"TCL","Crops and livestock products","356","India","5910","Export quantity","21800","Cotton linters","2022","2022","t","13785.99","A","Official value",""
"TCL","Crops and livestock products","356","India","5922","Export value","21800","Cotton linters","2022","2022","1000 USD","7067","A","Official value",""
"TCL","Crops and livestock products","356","India","5610","Import quantity","21800","Cotton linters","2023","2023","t","6.77","A","Official value",""
"TCL","Crops and livestock products","356","India","5622","Import value","21800","Cotton linters","2023","2023","1000 USD","14","A","Official value",""
"TCL","Crops and livestock products","356","India","5910","Export quantity","21800","Cotton linters","2023","2023","t","43055.68","A","Official value",""
"TCL","Crops and livestock products","356","India","5922","Export value","21800","Cotton linters","2023","2023","1000 USD","15667","A","Official value",""
"TCL","Crops and livestock products","356","India","5910","Export quantity","21800","Cotton linters","2024","2024","t","44323.67","A","Official value",""
"TCL","Crops and livestock products","356","India","5922","Export value","21800","Cotton linters","2024","2024","1000 USD","15162","A","Official value",""
"TCL","Crops and livestock products","356","India","5910","Export quantity","0143","Cotton seed","2022","2022","t","282.72","I","Value imputed by a receiving agency",""
"TCL","Crops and livestock products","356","India","5922","Export value","0143","Cotton seed","2022","2022","1000 USD","1332","A","Official value",""
"TCL","Crops and livestock products","356","India","5610","Import quantity","0143","Cotton seed","2023","2023","t","2.01","A","Official value",""
"TCL","Crops and livestock products","356","India","5622","Import value","0143","Cotton seed","2023","2023","1000 USD","3","A","Official value",""
"TCL","Crops and livestock products","356","India","5910","Export quantity","0143","Cotton seed","2023","2023","t","127.26","A","Official value",""
"TCL","Crops and livestock products","356","India","5922","Export value","0143","Cotton seed","2023","2023","1000 USD","1435","A","Official value",""
"TCL","Crops and livestock products","356","India","5610","Import quantity","0143","Cotton seed","2024","2024","t","104.2","A","Official value",""
"TCL","Crops and livestock products","356","India","5622","Import value","0143","Cotton seed","2024","2024","1000 USD","70","A","Official value",""
"TCL","Crops and livestock products","356","India","5910","Export quantity","0143","Cotton seed","2024","2024","t","179.62","A","Official value",""
"TCL","Crops and livestock products","356","India","5922","Export value","0143","Cotton seed","2024","2024","1000 USD","1606","A","Official value",""
"TCL","Crops and livestock products","356","India","5610","Import quantity","F0769","Cotton waste","2022","2022","t","58641.38","A","Official value",""
"TCL","Crops and livestock products","356","India","5622","Import value","F0769","Cotton waste","2022","2022","1000 USD","26573","A","Official value",""
"TCL","Crops and livestock products","356","India","5910","Export quantity","F0769","Cotton waste","2022","2022","t","45591.24","A","Official value",""
"TCL","Crops and livestock products","356","India","5922","Export value","F0769","Cotton waste","2022","2022","1000 USD","63426","A","Official value",""
"TCL","Crops and livestock products","356","India","5610","Import quantity","F0769","Cotton waste","2023","2023","t","47278.29","A","Official value",""
"TCL","Crops and livestock products","356","India","5622","Import value","F0769","Cotton waste","2023","2023","1000 USD","21865","A","Official value",""
"TCL","Crops and livestock products","356","India","5910","Export quantity","F0769","Cotton waste","2023","2023","t","54978.93","A","Official value",""
"TCL","Crops and livestock products","356","India","5922","Export value","F0769","Cotton waste","2023","2023","1000 USD","84492","A","Official value",""
"TCL","Crops and livestock products","356","India","5610","Import quantity","F0769","Cotton waste","2024","2024","t","37087.97","A","Official value",""
"TCL","Crops and livestock products","356","India","5622","Import value","F0769","Cotton waste","2024","2024","1000 USD","16031","A","Official value",""
"TCL","Crops and livestock products","356","India","5910","Export quantity","F0769","Cotton waste","2024","2024","t","61594.11","A","Official value",""
"TCL","Crops and livestock products","356","India","5922","Export value","F0769","Cotton waste","2024","2024","1000 USD","77884","A","Official value",""
"TCL","Crops and livestock products","356","India","5610","Import quantity","26160","Cotton, carded or combed","2022","2022","t","105.04","A","Official value",""
"TCL","Crops and livestock products","356","India","5622","Import value","26160","Cotton, carded or combed","2022","2022","1000 USD","780","A","Official value",""
"TCL","Crops and livestock products","356","India","5910","Export quantity","26160","Cotton, carded or combed","2022","2022","t","40462.43","A","Official value",""
"TCL","Crops and livestock products","356","India","5922","Export value","26160","Cotton, carded or combed","2022","2022","1000 USD","52294","A","Official value",""
"TCL","Crops and livestock products","356","India","5610","Import quantity","26160","Cotton, carded or combed","2023","2023","t","245.62","A","Official value",""
"TCL","Crops and livestock products","356","India","5622","Import value","26160","Cotton, carded or combed","2023","2023","1000 USD","1519","A","Official value",""
"TCL","Crops and livestock products","356","India","5910","Export quantity","26160","Cotton, carded or combed","2023","2023","t","39083","A","Official value",""
"TCL","Crops and livestock products","356","India","5922","Export value","26160","Cotton, carded or combed","2023","2023","1000 USD","55432","A","Official value",""
"TCL","Crops and livestock products","356","India","5610","Import quantity","26160","Cotton, carded or combed","2024","2024","t","227.52","A","Official value",""
"TCL","Crops and livestock products","356","India","5622","Import value","26160","Cotton, carded or combed","2024","2024","1000 USD","1062","A","Official value",""
"TCL","Crops and livestock products","356","India","5910","Export quantity","26160","Cotton, carded or combed","2024","2024","t","49752.74","A","Official value",""
"TCL","Crops and livestock products","356","India","5922","Export value","26160","Cotton, carded or combed","2024","2024","1000 USD","64948","A","Official value",""
"TCL","Crops and livestock products","356","India","5610","Import quantity","2168","Cottonseed oil","2022","2022","t","3441.44","A","Official value",""
"TCL","Crops and livestock products","356","India","5622","Import value","2168","Cottonseed oil","2022","2022","1000 USD","6723","A","Official value",""
"TCL","Crops and livestock products","356","India","5910","Export quantity","2168","Cottonseed oil","2022","2022","t","195.11","A","Official value",""
"TCL","Crops and livestock products","356","India","5922","Export value","2168","Cottonseed oil","2022","2022","1000 USD","689","A","Official value",""
"TCL","Crops and livestock products","356","India","5610","Import quantity","2168","Cottonseed oil","2023","2023","t","89.96","A","Official value",""
"TCL","Crops and livestock products","356","India","5622","Import value","2168","Cottonseed oil","2023","2023","1000 USD","103","A","Official value",""
"TCL","Crops and livestock products","356","India","5910","Export quantity","2168","Cottonseed oil","2023","2023","t","155.49","A","Official value",""
"TCL","Crops and livestock products","356","India","5922","Export value","2168","Cottonseed oil","2023","2023","1000 USD","438","A","Official value",""
"TCL","Crops and livestock products","356","India","5610","Import quantity","2168","Cottonseed oil","2024","2024","t","3.06","A","Official value",""
"TCL","Crops and livestock products","356","India","5622","Import value","2168","Cottonseed oil","2024","2024","1000 USD","184","A","Official value",""
"TCL","Crops and livestock products","356","India","5910","Export quantity","2168","Cottonseed oil","2024","2024","t","777.42","A","Official value",""
"TCL","Crops and livestock products","356","India","5922","Export value","2168","Cottonseed oil","2024","2024","1000 USD","1129","A","Official value",""
"TCL","Crops and livestock products","356","India","5610","Import quantity","01706","Cow peas, dry","2022","2022","t","36215.61","A","Official value",""
"TCL","Crops and livestock products","356","India","5622","Import value","01706","Cow peas, dry","2022","2022","1000 USD","29131","A","Official value",""
"TCL","Crops and livestock products","356","India","5910","Export quantity","01706","Cow peas, dry","2022","2022","t","13523.01","A","Official value",""
"TCL","Crops and livestock products","356","India","5922","Export value","01706","Cow peas, dry","2022","2022","1000 USD","11172","A","Official value",""
"TCL","Crops and livestock products","356","India","5610","Import quantity","01706","Cow peas, dry","2023","2023","t","35254.52","A","Official value",""
"TCL","Crops and livestock products","356","India","5622","Import value","01706","Cow peas, dry","2023","2023","1000 USD","26102","A","Official value",""
"TCL","Crops and livestock products","356","India","5910","Export quantity","01706","Cow peas, dry","2023","2023","t","7979.87","A","Official value",""
"TCL","Crops and livestock products","356","India","5922","Export value","01706","Cow peas, dry","2023","2023","1000 USD","7733","A","Official value",""
"TCL","Crops and livestock products","356","India","5610","Import quantity","01706","Cow peas, dry","2024","2024","t","88975.06","A","Official value",""
"TCL","Crops and livestock products","356","India","5622","Import value","01706","Cow peas, dry","2024","2024","1000 USD","68155","A","Official value",""
"TCL","Crops and livestock products","356","India","5910","Export quantity","01706","Cow peas, dry","2024","2024","t","17851.23","A","Official value",""
"TCL","Crops and livestock products","356","India","5922","Export value","01706","Cow peas, dry","2024","2024","1000 USD","16504","A","Official value",""
"TCL","Crops and livestock products","356","India","5610","Import quantity","01355.02","Cranberries","2022","2022","t","860.3","A","Official value",""
"TCL","Crops and livestock products","356","India","5622","Import value","01355.02","Cranberries","2022","2022","1000 USD","5331","A","Official value",""
"TCL","Crops and livestock products","356","India","5910","Export quantity","01355.02","Cranberries","2022","2022","t","4.56","A","Official value",""
"TCL","Crops and livestock products","356","India","5922","Export value","01355.02","Cranberries","2022","2022","1000 USD","6","A","Official value",""
"TCL","Crops and livestock products","356","India","5610","Import quantity","01355.02","Cranberries","2023","2023","t","789.27","A","Official value",""
"TCL","Crops and livestock products","356","India","5622","Import value","01355.02","Cranberries","2023","2023","1000 USD","5299","A","Official value",""
"TCL","Crops and livestock products","356","India","5910","Export quantity","01355.02","Cranberries","2023","2023","t","43.19","A","Official value",""
"TCL","Crops and livestock products","356","India","5922","Export value","01355.02","Cranberries","2023","2023","1000 USD","339","A","Official value",""
"TCL","Crops and livestock products","356","India","5610","Import quantity","01355.02","Cranberries","2024","2024","t","1350.38","A","Official value",""
"TCL","Crops and livestock products","356","India","5622","Import value","01355.02","Cranberries","2024","2024","1000 USD","11427","A","Official value",""
"TCL","Crops and livestock products","356","India","5910","Export quantity","01355.02","Cranberries","2024","2024","t","152.53","A","Official value",""
"TCL","Crops and livestock products","356","India","5922","Export value","01355.02","Cranberries","2024","2024","1000 USD","1249","A","Official value",""
"TCL","Crops and livestock products","356","India","5622","Import value","F1293","Crude organic material n.e.c.","2022","2022","1000 USD","418749","A","Official value",""
"TCL","Crops and livestock products","356","India","5922","Export value","F1293","Crude organic material n.e.c.","2022","2022","1000 USD","1744257","A","Official value",""
"TCL","Crops and livestock products","356","India","5622","Import value","F1293","Crude organic material n.e.c.","2023","2023","1000 USD","431925","A","Official value",""
"TCL","Crops and livestock products","356","India","5922","Export value","F1293","Crude organic material n.e.c.","2023","2023","1000 USD","1692879","A","Official value",""
"TCL","Crops and livestock products","356","India","5622","Import value","F1293","Crude organic material n.e.c.","2024","2024","1000 USD","472707","A","Official value",""
"TCL","Crops and livestock products","356","India","5922","Export value","F1293","Crude organic material n.e.c.","2024","2024","1000 USD","1911737","A","Official value",""
"TCL","Crops and livestock products","356","India","5610","Import quantity","01232","Cucumbers and gherkins","2022","2022","t","0.12","A","Official value",""
"TCL","Crops and livestock products","356","India","5622","Import value","01232","Cucumbers and gherkins","2022","2022","1000 USD","1","A","Official value",""
"TCL","Crops and livestock products","356","India","5910","Export quantity","01232","Cucumbers and gherkins","2022","2022","t","1557.13","A","Official value",""
"TCL","Crops and livestock products","356","India","5922","Export value","01232","Cucumbers and gherkins","2022","2022","1000 USD","879","A","Official value",""
"TCL","Crops and livestock products","356","India","5910","Export quantity","01232","Cucumbers and gherkins","2023","2023","t","1658.13","A","Official value",""
"TCL","Crops and livestock products","356","India","5922","Export value","01232","Cucumbers and gherkins","2023","2023","1000 USD","994","A","Official value",""
"TCL","Crops and livestock products","356","India","5910","Export quantity","01232","Cucumbers and gherkins","2024","2024","t","2075.18","A","Official value",""
"TCL","Crops and livestock products","356","India","5922","Export value","01232","Cucumbers and gherkins","2024","2024","1000 USD","1129","A","Official value",""
"TCL","Crops and livestock products","356","India","5610","Import quantity","01351.01","Currants","2022","2022","t","117.68","A","Official value",""
"TCL","Crops and livestock products","356","India","5622","Import value","01351.01","Currants","2022","2022","1000 USD","106","A","Official value",""
"TCL","Crops and livestock products","356","India","5910","Export quantity","01351.01","Currants","2022","2022","t","256.53","A","Official value",""
"TCL","Crops and livestock products","356","India","5922","Export value","01351.01","Currants","2022","2022","1000 USD","207","A","Official value",""
"TCL","Crops and livestock products","356","India","5910","Export quantity","01351.01","Currants","2023","2023","t","301.89","A","Official value",""
"TCL","Crops and livestock products","356","India","5922","Export value","01351.01","Currants","2023","2023","1000 USD","250","A","Official value",""
"TCL","Crops and livestock products","356","India","5910","Export quantity","01351.01","Currants","2024","2024","t","648.2","A","Official value",""
"TCL","Crops and livestock products","356","India","5922","Export value","01351.01","Currants","2024","2024","1000 USD","586","A","Official value",""
"TCL","Crops and livestock products","356","India","5610","Import quantity","22290","Dairy products n.e.c.","2022","2022","t","44","A","Official value",""
"TCL","Crops and livestock products","356","India","5622","Import value","22290","Dairy products n.e.c.","2022","2022","1000 USD","140","A","Official value",""
"TCL","Crops and livestock products","356","India","5910","Export quantity","22290","Dairy products n.e.c.","2022","2022","t","37.08","A","Official value",""
"TCL","Crops and livestock products","356","India","5922","Export value","22290","Dairy products n.e.c.","2022","2022","1000 USD","187","A","Official value",""
"TCL","Crops and livestock products","356","India","5610","Import quantity","22290","Dairy products n.e.c.","2023","2023","t","905.6","A","Official value",""
"TCL","Crops and livestock products","356","India","5622","Import value","22290","Dairy products n.e.c.","2023","2023","1000 USD","1077","A","Official value",""
"TCL","Crops and livestock products","356","India","5910","Export quantity","22290","Dairy products n.e.c.","2023","2023","t","151.16","A","Official value",""
"TCL","Crops and livestock products","356","India","5922","Export value","22290","Dairy products n.e.c.","2023","2023","1000 USD","761","A","Official value",""
"TCL","Crops and livestock products","356","India","5610","Import quantity","22290","Dairy products n.e.c.","2024","2024","t","788.92","A","Official value",""
"TCL","Crops and livestock products","356","India","5622","Import value","22290","Dairy products n.e.c.","2024","2024","1000 USD","759","A","Official value",""
"TCL","Crops and livestock products","356","India","5910","Export quantity","22290","Dairy products n.e.c.","2024","2024","t","136.18","A","Official value",""
"TCL","Crops and livestock products","356","India","5922","Export value","22290","Dairy products n.e.c.","2024","2024","1000 USD","952","A","Official value",""
"TCL","Crops and livestock products","356","India","5610","Import quantity","01314","Dates","2022","2022","t","439477.21","A","Official value",""
"TCL","Crops and livestock products","356","India","5622","Import value","01314","Dates","2022","2022","1000 USD","230760","A","Official value",""
"TCL","Crops and livestock products","356","India","5910","Export quantity","01314","Dates","2022","2022","t","3572.07","I","Value imputed by a receiving agency",""
"TCL","Crops and livestock products","356","India","5922","Export value","01314","Dates","2022","2022","1000 USD","2223","A","Official value",""
"TCL","Crops and livestock products","356","India","5610","Import quantity","01314","Dates","2023","2023","t","490589.43","A","Official value",""
"TCL","Crops and livestock products","356","India","5622","Import value","01314","Dates","2023","2023","1000 USD","267177","A","Official value",""
"TCL","Crops and livestock products","356","India","5910","Export quantity","01314","Dates","2023","2023","t","3976.97","A","Official value",""
"TCL","Crops and livestock products","356","India","5922","Export value","01314","Dates","2023","2023","1000 USD","2531","A","Official value",""
"TCL","Crops and livestock products","356","India","5610","Import quantity","01314","Dates","2024","2024","t","526595.82","A","Official value",""
"TCL","Crops and livestock products","356","India","5622","Import value","01314","Dates","2024","2024","1000 USD","286186","A","Official value",""
"TCL","Crops and livestock products","356","India","5910","Export quantity","01314","Dates","2024","2024","t","1314.49","A","Official value",""
"TCL","Crops and livestock products","356","India","5922","Export value","01314","Dates","2024","2024","1000 USD","1843","A","Official value",""
"TCL","Crops and livestock products","356","India","5910","Export quantity","21932.01","Degras","2023","2023","t","87.16","A","Official value",""
"TCL","Crops and livestock products","356","India","5922","Export value","21932.01","Degras","2023","2023","1000 USD","22","A","Official value",""
"TCL","Crops and livestock products","356","India","5910","Export quantity","21932.01","Degras","2024","2024","t","342.34","A","Official value",""
"TCL","Crops and livestock products","356","India","5922","Export value","21932.01","Degras","2024","2024","1000 USD","215","A","Official value",""
"TCL","Crops and livestock products","356","India","5610","Import quantity","23311","Dog or cat food, put up for retail sale","2022","2022","t","63945.19","A","Official value",""
"TCL","Crops and livestock products","356","India","5622","Import value","23311","Dog or cat food, put up for retail sale","2022","2022","1000 USD","143207","A","Official value",""
"TCL","Crops and livestock products","356","India","5910","Export quantity","23311","Dog or cat food, put up for retail sale","2022","2022","t","13738.43","A","Official value",""
"TCL","Crops and livestock products","356","India","5922","Export value","23311","Dog or cat food, put up for retail sale","2022","2022","1000 USD","62699","A","Official value",""
"TCL","Crops and livestock products","356","India","5610","Import quantity","23311","Dog or cat food, put up for retail sale","2023","2023","t","51417.5","A","Official value",""
"TCL","Crops and livestock products","356","India","5622","Import value","23311","Dog or cat food, put up for retail sale","2023","2023","1000 USD","122867","A","Official value",""
"TCL","Crops and livestock products","356","India","5910","Export quantity","23311","Dog or cat food, put up for retail sale","2023","2023","t","13511.03","A","Official value",""
"TCL","Crops and livestock products","356","India","5922","Export value","23311","Dog or cat food, put up for retail sale","2023","2023","1000 USD","57438","A","Official value",""
"TCL","Crops and livestock products","356","India","5610","Import quantity","23311","Dog or cat food, put up for retail sale","2024","2024","t","57795.73","A","Official value",""
"TCL","Crops and livestock products","356","India","5622","Import value","23311","Dog or cat food, put up for retail sale","2024","2024","1000 USD","136260","A","Official value",""
"TCL","Crops and livestock products","356","India","5910","Export quantity","23311","Dog or cat food, put up for retail sale","2024","2024","t","16514.96","A","Official value",""
"TCL","Crops and livestock products","356","India","5922","Export value","23311","Dog or cat food, put up for retail sale","2024","2024","1000 USD","71942","A","Official value",""
"TCL","Crops and livestock products","356","India","5610","Import quantity","21393.01","Dried mushrooms","2022","2022","t","41.53","A","Official value",""
"TCL","Crops and livestock products","356","India","5622","Import value","21393.01","Dried mushrooms","2022","2022","1000 USD","224","A","Official value",""
"TCL","Crops and livestock products","356","India","5910","Export quantity","21393.01","Dried mushrooms","2022","2022","t","231.04","A","Official value",""
"TCL","Crops and livestock products","356","India","5922","Export value","21393.01","Dried mushrooms","2022","2022","1000 USD","5418","A","Official value",""
"TCL","Crops and livestock products","356","India","5610","Import quantity","21393.01","Dried mushrooms","2023","2023","t","25.9","A","Official value",""
"TCL","Crops and livestock products","356","India","5622","Import value","21393.01","Dried mushrooms","2023","2023","1000 USD","115","A","Official value",""
"TCL","Crops and livestock products","356","India","5910","Export quantity","21393.01","Dried mushrooms","2023","2023","t","343.99","A","Official value",""
"TCL","Crops and livestock products","356","India","5922","Export value","21393.01","Dried mushrooms","2023","2023","1000 USD","4186","A","Official value",""
"TCL","Crops and livestock products","356","India","5610","Import quantity","21393.01","Dried mushrooms","2024","2024","t","7.39","A","Official value",""
"TCL","Crops and livestock products","356","India","5622","Import value","21393.01","Dried mushrooms","2024","2024","1000 USD","74","A","Official value",""
"TCL","Crops and livestock products","356","India","5910","Export quantity","21393.01","Dried mushrooms","2024","2024","t","326.8","A","Official value",""
"TCL","Crops and livestock products","356","India","5922","Export value","21393.01","Dried mushrooms","2024","2024","1000 USD","3049","A","Official value",""
"TCL","Crops and livestock products","356","India","5609","Import quantity","02154","Ducks","2022","2022","1000 An","0","A","Official value",""
"TCL","Crops and livestock products","356","India","5622","Import value","02154","Ducks","2022","2022","1000 USD","0","A","Official value",""
"TCL","Crops and livestock products","356","India","5910","Export quantity","21151","Edible offal of cattle, fresh, chilled or frozen","2022","2022","t","109229.72","A","Official value",""
"TCL","Crops and livestock products","356","India","5922","Export value","21151","Edible offal of cattle, fresh, chilled or frozen","2022","2022","1000 USD","222762","A","Official value",""
"TCL","Crops and livestock products","356","India","5910","Export quantity","21151","Edible offal of cattle, fresh, chilled or frozen","2023","2023","t","136915.84","A","Official value",""
"TCL","Crops and livestock products","356","India","5922","Export value","21151","Edible offal of cattle, fresh, chilled or frozen","2023","2023","1000 USD","261797","A","Official value",""
"TCL","Crops and livestock products","356","India","5910","Export quantity","21151","Edible offal of cattle, fresh, chilled or frozen","2024","2024","t","118248.53","A","Official value",""
"TCL","Crops and livestock products","356","India","5922","Export value","21151","Edible offal of cattle, fresh, chilled or frozen","2024","2024","1000 USD","236582","A","Official value",""
"TCL","Crops and livestock products","356","India","5910","Export quantity","21155","Edible offal of sheep, fresh, chilled or frozen","2022","2022","t","383.76","A","Official value",""
"TCL","Crops and livestock products","356","India","5922","Export value","21155","Edible offal of sheep, fresh, chilled or frozen","2022","2022","1000 USD","945","A","Official value",""
"TCL","Crops and livestock products","356","India","5910","Export quantity","21155","Edible offal of sheep, fresh, chilled or frozen","2023","2023","t","277.94","A","Official value",""
"TCL","Crops and livestock products","356","India","5922","Export value","21155","Edible offal of sheep, fresh, chilled or frozen","2023","2023","1000 USD","433","A","Official value",""
"TCL","Crops and livestock products","356","India","5910","Export quantity","21155","Edible offal of sheep, fresh, chilled or frozen","2024","2024","t","34.45","A","Official value",""
"TCL","Crops and livestock products","356","India","5922","Export value","21155","Edible offal of sheep, fresh, chilled or frozen","2024","2024","1000 USD","91","A","Official value",""
"TCL","Crops and livestock products","356","India","5610","Import quantity","01599.10","Edible roots and tubers with high starch or inulin content, n.e.c., fresh","2022","2022","t","0.04","A","Official value",""
"TCL","Crops and livestock products","356","India","5622","Import value","01599.10","Edible roots and tubers with high starch or inulin content, n.e.c., fresh","2022","2022","1000 USD","0","A","Official value",""
"TCL","Crops and livestock products","356","India","5910","Export quantity","01599.10","Edible roots and tubers with high starch or inulin content, n.e.c., fresh","2022","2022","t","487.41","A","Official value",""
"TCL","Crops and livestock products","356","India","5922","Export value","01599.10","Edible roots and tubers with high starch or inulin content, n.e.c., fresh","2022","2022","1000 USD","603","A","Official value",""
"TCL","Crops and livestock products","356","India","5910","Export quantity","01599.10","Edible roots and tubers with high starch or inulin content, n.e.c., fresh","2023","2023","t","552.67","A","Official value",""
"TCL","Crops and livestock products","356","India","5922","Export value","01599.10","Edible roots and tubers with high starch or inulin content, n.e.c., fresh","2023","2023","1000 USD","747","A","Official value",""
"TCL","Crops and livestock products","356","India","5910","Export quantity","01599.10","Edible roots and tubers with high starch or inulin content, n.e.c., fresh","2024","2024","t","568.41","A","Official value",""
"TCL","Crops and livestock products","356","India","5922","Export value","01599.10","Edible roots and tubers with high starch or inulin content, n.e.c., fresh","2024","2024","1000 USD","642","A","Official value",""
"TCL","Crops and livestock products","356","India","5910","Export quantity","01233","Eggplants (aubergines)","2022","2022","t","706.12","A","Official value",""
"TCL","Crops and livestock products","356","India","5922","Export value","01233","Eggplants (aubergines)","2022","2022","1000 USD","313","A","Official value",""
"TCL","Crops and livestock products","356","India","5910","Export quantity","01233","Eggplants (aubergines)","2023","2023","t","821.23","A","Official value",""
"TCL","Crops and livestock products","356","India","5922","Export value","01233","Eggplants (aubergines)","2023","2023","1000 USD","414","A","Official value",""
"TCL","Crops and livestock products","356","India","5910","Export quantity","01233","Eggplants (aubergines)","2024","2024","t","1198.67","A","Official value",""
"TCL","Crops and livestock products","356","India","5922","Export value","01233","Eggplants (aubergines)","2024","2024","1000 USD","540","A","Official value",""
"TCL","Crops and livestock products","356","India","5610","Import quantity","0232","Eggs from other birds in shell, fresh, n.e.c.","2022","2022","t","1.01","A","Official value",""
"TCL","Crops and livestock products","356","India","5622","Import value","0232","Eggs from other birds in shell, fresh, n.e.c.","2022","2022","1000 USD","60","A","Official value",""
"TCL","Crops and livestock products","356","India","5910","Export quantity","0232","Eggs from other birds in shell, fresh, n.e.c.","2022","2022","t","48.78","A","Official value",""
"TCL","Crops and livestock products","356","India","5922","Export value","0232","Eggs from other birds in shell, fresh, n.e.c.","2022","2022","1000 USD","357","A","Official value",""
"TCL","Crops and livestock products","356","India","5610","Import quantity","0232","Eggs from other birds in shell, fresh, n.e.c.","2023","2023","t","0.12","A","Official value",""
"TCL","Crops and livestock products","356","India","5622","Import value","0232","Eggs from other birds in shell, fresh, n.e.c.","2023","2023","1000 USD","12","A","Official value",""
"TCL","Crops and livestock products","356","India","5910","Export quantity","0232","Eggs from other birds in shell, fresh, n.e.c.","2023","2023","t","0.81","A","Official value",""
"TCL","Crops and livestock products","356","India","5922","Export value","0232","Eggs from other birds in shell, fresh, n.e.c.","2023","2023","1000 USD","5","A","Official value",""
"TCL","Crops and livestock products","356","India","5910","Export quantity","0232","Eggs from other birds in shell, fresh, n.e.c.","2024","2024","t","0.6","A","Official value",""
"TCL","Crops and livestock products","356","India","5922","Export value","0232","Eggs from other birds in shell, fresh, n.e.c.","2024","2024","1000 USD","0","A","Official value",""
"TCL","Crops and livestock products","356","India","5910","Export quantity","23993.03","Eggs, dried","2022","2022","t","9243.3","A","Official value",""
"TCL","Crops and livestock products","356","India","5922","Export value","23993.03","Eggs, dried","2022","2022","1000 USD","50147","A","Official value",""
"TCL","Crops and livestock products","356","India","5610","Import quantity","23993.03","Eggs, dried","2023","2023","t","9.82","A","Official value",""
"TCL","Crops and livestock products","356","India","5622","Import value","23993.03","Eggs, dried","2023","2023","1000 USD","69","A","Official value",""
"TCL","Crops and livestock products","356","India","5910","Export quantity","23993.03","Eggs, dried","2023","2023","t","8805.73","A","Official value",""
"TCL","Crops and livestock products","356","India","5922","Export value","23993.03","Eggs, dried","2023","2023","1000 USD","57361","A","Official value",""
"TCL","Crops and livestock products","356","India","5610","Import quantity","23993.03","Eggs, dried","2024","2024","t","35.2","A","Official value",""
"TCL","Crops and livestock products","356","India","5622","Import value","23993.03","Eggs, dried","2024","2024","1000 USD","268","A","Official value",""
"TCL","Crops and livestock products","356","India","5910","Export quantity","23993.03","Eggs, dried","2024","2024","t","6942.85","A","Official value",""
"TCL","Crops and livestock products","356","India","5922","Export value","23993.03","Eggs, dried","2024","2024","1000 USD","44751","A","Official value",""
"TCL","Crops and livestock products","356","India","5910","Export quantity","23993.02","Eggs, liquid","2022","2022","t","2436.6","A","Official value",""
"TCL","Crops and livestock products","356","India","5922","Export value","23993.02","Eggs, liquid","2022","2022","1000 USD","5044","A","Official value",""
"TCL","Crops and livestock products","356","India","5610","Import quantity","23993.02","Eggs, liquid","2023","2023","t","0.03","A","Official value",""
"TCL","Crops and livestock products","356","India","5622","Import value","23993.02","Eggs, liquid","2023","2023","1000 USD","0","A","Official value",""
"TCL","Crops and livestock products","356","India","5910","Export quantity","23993.02","Eggs, liquid","2023","2023","t","2600.92","A","Official value",""
"TCL","Crops and livestock products","356","India","5922","Export value","23993.02","Eggs, liquid","2023","2023","1000 USD","6084","A","Official value",""
"TCL","Crops and livestock products","356","India","5610","Import quantity","23993.02","Eggs, liquid","2024","2024","t","13.68","A","Official value",""
"TCL","Crops and livestock products","356","India","5622","Import value","23993.02","Eggs, liquid","2024","2024","1000 USD","45","A","Official value",""
"TCL","Crops and livestock products","356","India","5910","Export quantity","23993.02","Eggs, liquid","2024","2024","t","3326.53","A","Official value",""
"TCL","Crops and livestock products","356","India","5922","Export value","23993.02","Eggs, liquid","2024","2024","1000 USD","8124","A","Official value",""
"TCL","Crops and livestock products","356","India","5610","Import quantity","35410.90","Essential oils n.e.c.","2022","2022","t","11138.66","I","Value imputed by a receiving agency",""
"TCL","Crops and livestock products","356","India","5622","Import value","35410.90","Essential oils n.e.c.","2022","2022","1000 USD","354335","A","Official value",""
"TCL","Crops and livestock products","356","India","5910","Export quantity","35410.90","Essential oils n.e.c.","2022","2022","t","35550.16","I","Value imputed by a receiving agency",""
"TCL","Crops and livestock products","356","India","5922","Export value","35410.90","Essential oils n.e.c.","2022","2022","1000 USD","985919","A","Official value",""
"TCL","Crops and livestock products","356","India","5610","Import quantity","35410.90","Essential oils n.e.c.","2023","2023","t","10712.57","I","Value imputed by a receiving agency",""
"TCL","Crops and livestock products","356","India","5622","Import value","35410.90","Essential oils n.e.c.","2023","2023","1000 USD","419977","A","Official value",""
"TCL","Crops and livestock products","356","India","5910","Export quantity","35410.90","Essential oils n.e.c.","2023","2023","t","33474.57","A","Official value",""
"TCL","Crops and livestock products","356","India","5922","Export value","35410.90","Essential oils n.e.c.","2023","2023","1000 USD","909051","A","Official value",""
"TCL","Crops and livestock products","356","India","5610","Import quantity","35410.90","Essential oils n.e.c.","2024","2024","t","11691.16","I","Value imputed by a receiving agency",""
"TCL","Crops and livestock products","356","India","5622","Import value","35410.90","Essential oils n.e.c.","2024","2024","1000 USD","328169","A","Official value",""
"TCL","Crops and livestock products","356","India","5910","Export quantity","35410.90","Essential oils n.e.c.","2024","2024","t","39533.03","I","Value imputed by a receiving agency",""
"TCL","Crops and livestock products","356","India","5922","Export value","35410.90","Essential oils n.e.c.","2024","2024","1000 USD","898096","A","Official value",""
"TCL","Crops and livestock products","356","India","5610","Import quantity","21185","Extracts and juices of meat, fish, crustaceans, molluscs or other aquatic invertebrates","2022","2022","t","5.73","A","Official value",""
"TCL","Crops and livestock products","356","India","5622","Import value","21185","Extracts and juices of meat, fish, crustaceans, molluscs or other aquatic invertebrates","2022","2022","1000 USD","454","A","Official value",""
"TCL","Crops and livestock products","356","India","5910","Export quantity","21185","Extracts and juices of meat, fish, crustaceans, molluscs or other aquatic invertebrates","2022","2022","t","1.15","A","Official value",""
"TCL","Crops and livestock products","356","India","5922","Export value","21185","Extracts and juices of meat, fish, crustaceans, molluscs or other aquatic invertebrates","2022","2022","1000 USD","16","A","Official value",""
"TCL","Crops and livestock products","356","India","5610","Import quantity","21185","Extracts and juices of meat, fish, crustaceans, molluscs or other aquatic invertebrates","2023","2023","t","10","A","Official value",""
"TCL","Crops and livestock products","356","India","5622","Import value","21185","Extracts and juices of meat, fish, crustaceans, molluscs or other aquatic invertebrates","2023","2023","1000 USD","370","A","Official value",""
"TCL","Crops and livestock products","356","India","5910","Export quantity","21185","Extracts and juices of meat, fish, crustaceans, molluscs or other aquatic invertebrates","2023","2023","t","6.76","A","Official value",""
"TCL","Crops and livestock products","356","India","5922","Export value","21185","Extracts and juices of meat, fish, crustaceans, molluscs or other aquatic invertebrates","2023","2023","1000 USD","224","A","Official value",""
"TCL","Crops and livestock products","356","India","5610","Import quantity","21185","Extracts and juices of meat, fish, crustaceans, molluscs or other aquatic invertebrates","2024","2024","t","13.66","A","Official value",""
"TCL","Crops and livestock products","356","India","5622","Import value","21185","Extracts and juices of meat, fish, crustaceans, molluscs or other aquatic invertebrates","2024","2024","1000 USD","260","A","Official value",""
"TCL","Crops and livestock products","356","India","5910","Export quantity","21185","Extracts and juices of meat, fish, crustaceans, molluscs or other aquatic invertebrates","2024","2024","t","1.31","A","Official value",""
"TCL","Crops and livestock products","356","India","5922","Export value","21185","Extracts and juices of meat, fish, crustaceans, molluscs or other aquatic invertebrates","2024","2024","1000 USD","43","A","Official value",""
"TCL","Crops and livestock products","356","India","5610","Import quantity","23914","Extracts, essences and concentrates of tea or mate, and preparations with a basis thereof or with a basis of tea or maté","2022","2022","t","436.39","I","Value imputed by a receiving agency",""
"TCL","Crops and livestock products","356","India","5622","Import value","23914","Extracts, essences and concentrates of tea or mate, and preparations with a basis thereof or with a basis of tea or maté","2022","2022","1000 USD","5421","A","Official value",""
"TCL","Crops and livestock products","356","India","5910","Export quantity","23914","Extracts, essences and concentrates of tea or mate, and preparations with a basis thereof or with a basis of tea or maté","2022","2022","t","10535.38","A","Official value",""
"TCL","Crops and livestock products","356","India","5922","Export value","23914","Extracts, essences and concentrates of tea or mate, and preparations with a basis thereof or with a basis of tea or maté","2022","2022","1000 USD","74667","A","Official value",""
"TCL","Crops and livestock products","356","India","5610","Import quantity","23914","Extracts, essences and concentrates of tea or mate, and preparations with a basis thereof or with a basis of tea or maté","2023","2023","t","530.75","A","Official value",""
"TCL","Crops and livestock products","356","India","5622","Import value","23914","Extracts, essences and concentrates of tea or mate, and preparations with a basis thereof or with a basis of tea or maté","2023","2023","1000 USD","6344","A","Official value",""
"TCL","Crops and livestock products","356","India","5910","Export quantity","23914","Extracts, essences and concentrates of tea or mate, and preparations with a basis thereof or with a basis of tea or maté","2023","2023","t","13785.51","A","Official value",""
"TCL","Crops and livestock products","356","India","5922","Export value","23914","Extracts, essences and concentrates of tea or mate, and preparations with a basis thereof or with a basis of tea or maté","2023","2023","1000 USD","77886","A","Official value",""
"TCL","Crops and livestock products","356","India","5610","Import quantity","23914","Extracts, essences and concentrates of tea or mate, and preparations with a basis thereof or with a basis of tea or maté","2024","2024","t","836.36","A","Official value",""
"TCL","Crops and livestock products","356","India","5622","Import value","23914","Extracts, essences and concentrates of tea or mate, and preparations with a basis thereof or with a basis of tea or maté","2024","2024","1000 USD","15408","A","Official value",""
"TCL","Crops and livestock products","356","India","5910","Export quantity","23914","Extracts, essences and concentrates of tea or mate, and preparations with a basis thereof or with a basis of tea or maté","2024","2024","t","16985.34","A","Official value",""
"TCL","Crops and livestock products","356","India","5922","Export value","23914","Extracts, essences and concentrates of tea or mate, and preparations with a basis thereof or with a basis of tea or maté","2024","2024","1000 USD","89251","A","Official value",""
"TCL","Crops and livestock products","356","India","5610","Import quantity","F1243","Fat preparations n.e.c.","2022","2022","t","2698.79","A","Official value",""
"TCL","Crops and livestock products","356","India","5622","Import value","F1243","Fat preparations n.e.c.","2022","2022","1000 USD","11145","A","Official value",""
"TCL","Crops and livestock products","356","India","5910","Export quantity","F1243","Fat preparations n.e.c.","2022","2022","t","2027.08","I","Value imputed by a receiving agency",""
"TCL","Crops and livestock products","356","India","5922","Export value","F1243","Fat preparations n.e.c.","2022","2022","1000 USD","6486","A","Official value",""
"TCL","Crops and livestock products","356","India","5610","Import quantity","F1243","Fat preparations n.e.c.","2023","2023","t","755.86","A","Official value",""
"TCL","Crops and livestock products","356","India","5622","Import value","F1243","Fat preparations n.e.c.","2023","2023","1000 USD","4210","A","Official value",""
"TCL","Crops and livestock products","356","India","5910","Export quantity","F1243","Fat preparations n.e.c.","2023","2023","t","3295.85","A","Official value",""
"TCL","Crops and livestock products","356","India","5922","Export value","F1243","Fat preparations n.e.c.","2023","2023","1000 USD","16307","A","Official value",""
"TCL","Crops and livestock products","356","India","5610","Import quantity","F1243","Fat preparations n.e.c.","2024","2024","t","809.19","A","Official value",""
"TCL","Crops and livestock products","356","India","5622","Import value","F1243","Fat preparations n.e.c.","2024","2024","1000 USD","4840","A","Official value",""
"TCL","Crops and livestock products","356","India","5910","Export quantity","F1243","Fat preparations n.e.c.","2024","2024","t","3900.19","A","Official value",""
"TCL","Crops and livestock products","356","India","5922","Export value","F1243","Fat preparations n.e.c.","2024","2024","1000 USD","18183","A","Official value",""
"TCL","Crops and livestock products","356","India","5910","Export quantity","01315","Figs","2022","2022","t","16.84","A","Official value",""
"TCL","Crops and livestock products","356","India","5922","Export value","01315","Figs","2022","2022","1000 USD","89","A","Official value",""
"TCL","Crops and livestock products","356","India","5910","Export quantity","01315","Figs","2023","2023","t","5.38","A","Official value",""
"TCL","Crops and livestock products","356","India","5922","Export value","01315","Figs","2023","2023","1000 USD","12","A","Official value",""
"TCL","Crops and livestock products","356","India","5910","Export quantity","01315","Figs","2024","2024","t","14.69","A","Official value",""
"TCL","Crops and livestock products","356","India","5922","Export value","01315","Figs","2024","2024","1000 USD","17","A","Official value",""
"TCL","Crops and livestock products","356","India","5610","Import quantity","21419.02","Figs, dried","2022","2022","t","14325.72","A","Official value",""
"TCL","Crops and livestock products","356","India","5622","Import value","21419.02","Figs, dried","2022","2022","1000 USD","65299","A","Official value",""
"TCL","Crops and livestock products","356","India","5910","Export quantity","21419.02","Figs, dried","2022","2022","t","67.69","A","Official value",""
"TCL","Crops and livestock products","356","India","5922","Export value","21419.02","Figs, dried","2022","2022","1000 USD","352","A","Official value",""
"TCL","Crops and livestock products","356","India","5610","Import quantity","21419.02","Figs, dried","2023","2023","t","27263.11","A","Official value",""
"TCL","Crops and livestock products","356","India","5622","Import value","21419.02","Figs, dried","2023","2023","1000 USD","151438","A","Official value",""
"TCL","Crops and livestock products","356","India","5910","Export quantity","21419.02","Figs, dried","2023","2023","t","106.45","A","Official value",""
"TCL","Crops and livestock products","356","India","5922","Export value","21419.02","Figs, dried","2023","2023","1000 USD","662","A","Official value",""
"TCL","Crops and livestock products","356","India","5610","Import quantity","21419.02","Figs, dried","2024","2024","t","27694.13","A","Official value",""
"TCL","Crops and livestock products","356","India","5622","Import value","21419.02","Figs, dried","2024","2024","1000 USD","158423","A","Official value",""
"TCL","Crops and livestock products","356","India","5910","Export quantity","21419.02","Figs, dried","2024","2024","t","267.81","A","Official value",""
"TCL","Crops and livestock products","356","India","5922","Export value","21419.02","Figs, dried","2024","2024","1000 USD","941","A","Official value",""
"TCL","Crops and livestock products","356","India","5610","Import quantity","02943.90","Fine animal hair, n.e.c.","2022","2022","t","90.9","A","Official value",""
"TCL","Crops and livestock products","356","India","5622","Import value","02943.90","Fine animal hair, n.e.c.","2022","2022","1000 USD","5606","A","Official value",""
"TCL","Crops and livestock products","356","India","5610","Import quantity","02943.90","Fine animal hair, n.e.c.","2023","2023","t","121.57","A","Official value",""
"TCL","Crops and livestock products","356","India","5622","Import value","02943.90","Fine animal hair, n.e.c.","2023","2023","1000 USD","5743","A","Official value",""
"TCL","Crops and livestock products","356","India","5910","Export quantity","02943.90","Fine animal hair, n.e.c.","2023","2023","t","0.02","A","Official value",""
"TCL","Crops and livestock products","356","India","5922","Export value","02943.90","Fine animal hair, n.e.c.","2023","2023","1000 USD","0","A","Official value",""
"TCL","Crops and livestock products","356","India","5610","Import quantity","02943.90","Fine animal hair, n.e.c.","2024","2024","t","109.53","A","Official value",""
"TCL","Crops and livestock products","356","India","5622","Import value","02943.90","Fine animal hair, n.e.c.","2024","2024","1000 USD","4904","A","Official value",""
"TCL","Crops and livestock products","356","India","5910","Export quantity","02943.90","Fine animal hair, n.e.c.","2024","2024","t","0.54","A","Official value",""
"TCL","Crops and livestock products","356","India","5922","Export value","02943.90","Fine animal hair, n.e.c.","2024","2024","1000 USD","38","A","Official value",""
"TCL","Crops and livestock products","356","India","5610","Import quantity","26190.01","Flax, processed but not spun","2022","2022","t","33978.95","A","Official value",""
"TCL","Crops and livestock products","356","India","5622","Import value","26190.01","Flax, processed but not spun","2022","2022","1000 USD","131351","A","Official value",""
"TCL","Crops and livestock products","356","India","5910","Export quantity","26190.01","Flax, processed but not spun","2022","2022","t","837.18","A","Official value",""
"TCL","Crops and livestock products","356","India","5922","Export value","26190.01","Flax, processed but not spun","2022","2022","1000 USD","2463","A","Official value",""
"TCL","Crops and livestock products","356","India","5610","Import quantity","26190.01","Flax, processed but not spun","2023","2023","t","32432.78","A","Official value",""
"TCL","Crops and livestock products","356","India","5622","Import value","26190.01","Flax, processed but not spun","2023","2023","1000 USD","186436","A","Official value",""
"TCL","Crops and livestock products","356","India","5910","Export quantity","26190.01","Flax, processed but not spun","2023","2023","t","1602.88","A","Official value",""
"TCL","Crops and livestock products","356","India","5922","Export value","26190.01","Flax, processed but not spun","2023","2023","1000 USD","5401","A","Official value",""
"TCL","Crops and livestock products","356","India","5610","Import quantity","26190.01","Flax, processed but not spun","2024","2024","t","42711.81","A","Official value",""
"TCL","Crops and livestock products","356","India","5622","Import value","26190.01","Flax, processed but not spun","2024","2024","1000 USD","310682","A","Official value",""
"TCL","Crops and livestock products","356","India","5910","Export quantity","26190.01","Flax, processed but not spun","2024","2024","t","856.36","A","Official value",""
"TCL","Crops and livestock products","356","India","5922","Export value","26190.01","Flax, processed but not spun","2024","2024","1000 USD","3837","A","Official value",""
"TCL","Crops and livestock products","356","India","5910","Export quantity","01929.01","Flax, raw or retted","2022","2022","t","397.62","A","Official value",""
"TCL","Crops and livestock products","356","India","5922","Export value","01929.01","Flax, raw or retted","2022","2022","1000 USD","1396","A","Official value",""
"TCL","Crops and livestock products","356","India","5610","Import quantity","01929.01","Flax, raw or retted","2023","2023","t","1.23","A","Official value",""
"TCL","Crops and livestock products","356","India","5622","Import value","01929.01","Flax, raw or retted","2023","2023","1000 USD","3","A","Official value",""
"TCL","Crops and livestock products","356","India","5910","Export quantity","01929.01","Flax, raw or retted","2023","2023","t","309.98","A","Official value",""
"TCL","Crops and livestock products","356","India","5922","Export value","01929.01","Flax, raw or retted","2023","2023","1000 USD","1164","A","Official value",""
"TCL","Crops and livestock products","356","India","5610","Import quantity","01929.01","Flax, raw or retted","2024","2024","t","42.65","A","Official value",""
"TCL","Crops and livestock products","356","India","5622","Import value","01929.01","Flax, raw or retted","2024","2024","1000 USD","89","A","Official value",""
"TCL","Crops and livestock products","356","India","5910","Export quantity","01929.01","Flax, raw or retted","2024","2024","t","104.24","A","Official value",""
"TCL","Crops and livestock products","356","India","5922","Export value","01929.01","Flax, raw or retted","2024","2024","1000 USD","598","A","Official value",""
"TCL","Crops and livestock products","356","India","5610","Import quantity","26190.02","Flax, tow and waste","2022","2022","t","80.66","A","Official value",""
"TCL","Crops and livestock products","356","India","5622","Import value","26190.02","Flax, tow and waste","2022","2022","1000 USD","161","A","Official value",""
"TCL","Crops and livestock products","356","India","5910","Export quantity","26190.02","Flax, tow and waste","2022","2022","t","802.81","A","Official value",""
"TCL","Crops and livestock products","356","India","5922","Export value","26190.02","Flax, tow and waste","2022","2022","1000 USD","2206","A","Official value",""
"TCL","Crops and livestock products","356","India","5610","Import quantity","26190.02","Flax, tow and waste","2023","2023","t","350.87","A","Official value",""
"TCL","Crops and livestock products","356","India","5622","Import value","26190.02","Flax, tow and waste","2023","2023","1000 USD","664","A","Official value",""
"TCL","Crops and livestock products","356","India","5910","Export quantity","26190.02","Flax, tow and waste","2023","2023","t","659.33","A","Official value",""
"TCL","Crops and livestock products","356","India","5922","Export value","26190.02","Flax, tow and waste","2023","2023","1000 USD","1437","A","Official value",""
"TCL","Crops and livestock products","356","India","5610","Import quantity","26190.02","Flax, tow and waste","2024","2024","t","1106.2","A","Official value",""
"TCL","Crops and livestock products","356","India","5622","Import value","26190.02","Flax, tow and waste","2024","2024","1000 USD","3372","A","Official value",""
"TCL","Crops and livestock products","356","India","5910","Export quantity","26190.02","Flax, tow and waste","2024","2024","t","263.25","A","Official value",""
"TCL","Crops and livestock products","356","India","5922","Export value","26190.02","Flax, tow and waste","2024","2024","1000 USD","634","A","Official value",""
"TCL","Crops and livestock products","356","India","5910","Export quantity","23170.01","Flour of cassava","2022","2022","t","166.52","A","Official value",""
"TCL","Crops and livestock products","356","India","5922","Export value","23170.01","Flour of cassava","2022","2022","1000 USD","164","A","Official value",""
"TCL","Crops and livestock products","356","India","5910","Export quantity","23170.01","Flour of cassava","2023","2023","t","48.93","A","Official value",""
"TCL","Crops and livestock products","356","India","5922","Export value","23170.01","Flour of cassava","2023","2023","1000 USD","64","A","Official value",""
"TCL","Crops and livestock products","356","India","5910","Export quantity","23170.01","Flour of cassava","2024","2024","t","240.22","A","Official value",""
"TCL","Crops and livestock products","356","India","5922","Export value","23170.01","Flour of cassava","2024","2024","1000 USD","367","A","Official value",""
"TCL","Crops and livestock products","356","India","5610","Import quantity","23120.90","Flour of cereals n.e.c.","2022","2022","t","30.22","A","Official value",""
"TCL","Crops and livestock products","356","India","5622","Import value","23120.90","Flour of cereals n.e.c.","2022","2022","1000 USD","41","A","Official value",""
"TCL","Crops and livestock products","356","India","5910","Export quantity","23120.90","Flour of cereals n.e.c.","2022","2022","t","45317.73","A","Official value",""
"TCL","Crops and livestock products","356","India","5922","Export value","23120.90","Flour of cereals n.e.c.","2022","2022","1000 USD","37377","A","Official value",""
"TCL","Crops and livestock products","356","India","5610","Import quantity","23120.90","Flour of cereals n.e.c.","2023","2023","t","62.41","A","Official value",""
"TCL","Crops and livestock products","356","India","5622","Import value","23120.90","Flour of cereals n.e.c.","2023","2023","1000 USD","70","A","Official value",""
"TCL","Crops and livestock products","356","India","5910","Export quantity","23120.90","Flour of cereals n.e.c.","2023","2023","t","47947.52","A","Official value",""
"TCL","Crops and livestock products","356","India","5922","Export value","23120.90","Flour of cereals n.e.c.","2023","2023","1000 USD","49879","A","Official value",""
"TCL","Crops and livestock products","356","India","5610","Import quantity","23120.90","Flour of cereals n.e.c.","2024","2024","t","486.06","A","Official value",""
"TCL","Crops and livestock products","356","India","5622","Import value","23120.90","Flour of cereals n.e.c.","2024","2024","1000 USD","905","A","Official value",""
"TCL","Crops and livestock products","356","India","5910","Export quantity","23120.90","Flour of cereals n.e.c.","2024","2024","t","64331.53","A","Official value",""
"TCL","Crops and livestock products","356","India","5922","Export value","23120.90","Flour of cereals n.e.c.","2024","2024","1000 USD","71236","A","Official value",""
"TCL","Crops and livestock products","356","India","5610","Import quantity","23170.04","Flour of fruits","2022","2022","t","1224.81","A","Official value",""
"TCL","Crops and livestock products","356","India","5622","Import value","23170.04","Flour of fruits","2022","2022","1000 USD","5253","A","Official value",""
"TCL","Crops and livestock products","356","India","5910","Export quantity","23170.04","Flour of fruits","2022","2022","t","5207.78","A","Official value",""
"TCL","Crops and livestock products","356","India","5922","Export value","23170.04","Flour of fruits","2022","2022","1000 USD","7453","A","Official value",""
"TCL","Crops and livestock products","356","India","5610","Import quantity","23170.04","Flour of fruits","2023","2023","t","2140.95","A","Official value",""
"TCL","Crops and livestock products","356","India","5622","Import value","23170.04","Flour of fruits","2023","2023","1000 USD","9156","A","Official value",""
"TCL","Crops and livestock products","356","India","5910","Export quantity","23170.04","Flour of fruits","2023","2023","t","7991.39","A","Official value",""
"TCL","Crops and livestock products","356","India","5922","Export value","23170.04","Flour of fruits","2023","2023","1000 USD","9029","A","Official value",""
"TCL","Crops and livestock products","356","India","5610","Import quantity","23170.04","Flour of fruits","2024","2024","t","3068.03","A","Official value",""
"TCL","Crops and livestock products","356","India","5622","Import value","23170.04","Flour of fruits","2024","2024","1000 USD","13089","A","Official value",""
"TCL","Crops and livestock products","356","India","5910","Export quantity","23170.04","Flour of fruits","2024","2024","t","7374.51","A","Official value",""
"TCL","Crops and livestock products","356","India","5922","Export value","23170.04","Flour of fruits","2024","2024","1000 USD","10791","A","Official value",""
"TCL","Crops and livestock products","356","India","5610","Import quantity","23120.03","Flour of maize","2022","2022","t","78.67","A","Official value",""
"TCL","Crops and livestock products","356","India","5622","Import value","23120.03","Flour of maize","2022","2022","1000 USD","89","A","Official value",""
"TCL","Crops and livestock products","356","India","5910","Export quantity","23120.03","Flour of maize","2022","2022","t","99304.57","A","Official value",""
"TCL","Crops and livestock products","356","India","5922","Export value","23120.03","Flour of maize","2022","2022","1000 USD","46104","A","Official value",""
"TCL","Crops and livestock products","356","India","5610","Import quantity","23120.03","Flour of maize","2023","2023","t","342.51","A","Official value",""
"TCL","Crops and livestock products","356","India","5622","Import value","23120.03","Flour of maize","2023","2023","1000 USD","245","A","Official value",""
"TCL","Crops and livestock products","356","India","5910","Export quantity","23120.03","Flour of maize","2023","2023","t","116850.29","A","Official value",""
"TCL","Crops and livestock products","356","India","5922","Export value","23120.03","Flour of maize","2023","2023","1000 USD","51572","A","Official value",""
"TCL","Crops and livestock products","356","India","5610","Import quantity","23120.03","Flour of maize","2024","2024","t","223.53","A","Official value",""
"TCL","Crops and livestock products","356","India","5622","Import value","23120.03","Flour of maize","2024","2024","1000 USD","155","A","Official value",""
"TCL","Crops and livestock products","356","India","5910","Export quantity","23120.03","Flour of maize","2024","2024","t","101655.94","A","Official value",""
"TCL","Crops and livestock products","356","India","5922","Export value","23120.03","Flour of maize","2024","2024","1000 USD","47987","A","Official value",""
"TCL","Crops and livestock products","356","India","5610","Import quantity","23995.03","Flour of mustard seed","2022","2022","t","219.41","A","Official value",""
"TCL","Crops and livestock products","356","India","5622","Import value","23995.03","Flour of mustard seed","2022","2022","1000 USD","544","A","Official value",""
"TCL","Crops and livestock products","356","India","5910","Export quantity","23995.03","Flour of mustard seed","2022","2022","t","212.33","A","Official value",""
"TCL","Crops and livestock products","356","India","5922","Export value","23995.03","Flour of mustard seed","2022","2022","1000 USD","502","A","Official value",""
"TCL","Crops and livestock products","356","India","5610","Import quantity","23995.03","Flour of mustard seed","2023","2023","t","250.08","A","Official value",""
"TCL","Crops and livestock products","356","India","5622","Import value","23995.03","Flour of mustard seed","2023","2023","1000 USD","764","A","Official value",""
"TCL","Crops and livestock products","356","India","5910","Export quantity","23995.03","Flour of mustard seed","2023","2023","t","184.74","A","Official value",""
"TCL","Crops and livestock products","356","India","5922","Export value","23995.03","Flour of mustard seed","2023","2023","1000 USD","452","A","Official value",""
"TCL","Crops and livestock products","356","India","5610","Import quantity","23995.03","Flour of mustard seed","2024","2024","t","203.28","A","Official value",""
"TCL","Crops and livestock products","356","India","5622","Import value","23995.03","Flour of mustard seed","2024","2024","1000 USD","593","A","Official value",""
"TCL","Crops and livestock products","356","India","5910","Export quantity","23995.03","Flour of mustard seed","2024","2024","t","346.36","A","Official value",""
"TCL","Crops and livestock products","356","India","5922","Export value","23995.03","Flour of mustard seed","2024","2024","1000 USD","610","A","Official value",""
"TCL","Crops and livestock products","356","India","5910","Export quantity","23170.03","Flour of pulses","2022","2022","t","175328.09","A","Official value",""
"TCL","Crops and livestock products","356","India","5922","Export value","23170.03","Flour of pulses","2022","2022","1000 USD","159875","A","Official value",""
"TCL","Crops and livestock products","356","India","5610","Import quantity","23170.03","Flour of pulses","2023","2023","t","77.47","A","Official value",""
"TCL","Crops and livestock products","356","India","5622","Import value","23170.03","Flour of pulses","2023","2023","1000 USD","135","A","Official value",""
"TCL","Crops and livestock products","356","India","5910","Export quantity","23170.03","Flour of pulses","2023","2023","t","208723.6","A","Official value",""
"TCL","Crops and livestock products","356","India","5922","Export value","23170.03","Flour of pulses","2023","2023","1000 USD","153393","A","Official value",""
"TCL","Crops and livestock products","356","India","5610","Import quantity","23170.03","Flour of pulses","2024","2024","t","0.4","A","Official value",""
"TCL","Crops and livestock products","356","India","5622","Import value","23170.03","Flour of pulses","2024","2024","1000 USD","0","A","Official value",""
"TCL","Crops and livestock products","356","India","5910","Export quantity","23170.03","Flour of pulses","2024","2024","t","216454.1","A","Official value",""
"TCL","Crops and livestock products","356","India","5922","Export value","23170.03","Flour of pulses","2024","2024","1000 USD","158016","A","Official value",""
"TCL","Crops and livestock products","356","India","5610","Import quantity","23170.02","Flour of roots and tubers n.e.c.","2022","2022","t","0.01","A","Official value",""
"TCL","Crops and livestock products","356","India","5622","Import value","23170.02","Flour of roots and tubers n.e.c.","2022","2022","1000 USD","0","A","Official value",""
"TCL","Crops and livestock products","356","India","5910","Export quantity","23170.02","Flour of roots and tubers n.e.c.","2022","2022","t","996.62","A","Official value",""
"TCL","Crops and livestock products","356","India","5922","Export value","23170.02","Flour of roots and tubers n.e.c.","2022","2022","1000 USD","862","A","Official value",""
"TCL","Crops and livestock products","356","India","5610","Import quantity","23170.02","Flour of roots and tubers n.e.c.","2023","2023","t","0.02","A","Official value",""
"TCL","Crops and livestock products","356","India","5622","Import value","23170.02","Flour of roots and tubers n.e.c.","2023","2023","1000 USD","1","A","Official value",""
"TCL","Crops and livestock products","356","India","5910","Export quantity","23170.02","Flour of roots and tubers n.e.c.","2023","2023","t","933.34","A","Official value",""
"TCL","Crops and livestock products","356","India","5922","Export value","23170.02","Flour of roots and tubers n.e.c.","2023","2023","1000 USD","1155","A","Official value",""
"TCL","Crops and livestock products","356","India","5610","Import quantity","23170.02","Flour of roots and tubers n.e.c.","2024","2024","t","0.01","A","Official value",""
"TCL","Crops and livestock products","356","India","5622","Import value","23170.02","Flour of roots and tubers n.e.c.","2024","2024","1000 USD","1","A","Official value",""
"TCL","Crops and livestock products","356","India","5910","Export quantity","23170.02","Flour of roots and tubers n.e.c.","2024","2024","t","939.32","A","Official value",""
"TCL","Crops and livestock products","356","India","5922","Export value","23170.02","Flour of roots and tubers n.e.c.","2024","2024","1000 USD","1086","A","Official value",""
"TCL","Crops and livestock products","356","India","5610","Import quantity","21392","Flour, meal, powder, flakes, granules and pellets of potatoes","2022","2022","t","925.32","A","Official value",""
"TCL","Crops and livestock products","356","India","5622","Import value","21392","Flour, meal, powder, flakes, granules and pellets of potatoes","2022","2022","1000 USD","1103","A","Official value",""
"TCL","Crops and livestock products","356","India","5910","Export quantity","21392","Flour, meal, powder, flakes, granules and pellets of potatoes","2022","2022","t","18295.45","A","Official value",""
"TCL","Crops and livestock products","356","India","5922","Export value","21392","Flour, meal, powder, flakes, granules and pellets of potatoes","2022","2022","1000 USD","23635","A","Official value",""
"TCL","Crops and livestock products","356","India","5610","Import quantity","21392","Flour, meal, powder, flakes, granules and pellets of potatoes","2023","2023","t","1678.45","A","Official value",""
"TCL","Crops and livestock products","356","India","5622","Import value","21392","Flour, meal, powder, flakes, granules and pellets of potatoes","2023","2023","1000 USD","2375","A","Official value",""
"TCL","Crops and livestock products","356","India","5910","Export quantity","21392","Flour, meal, powder, flakes, granules and pellets of potatoes","2023","2023","t","34369.03","A","Official value",""
"TCL","Crops and livestock products","356","India","5922","Export value","21392","Flour, meal, powder, flakes, granules and pellets of potatoes","2023","2023","1000 USD","57980","A","Official value",""
"TCL","Crops and livestock products","356","India","5610","Import quantity","21392","Flour, meal, powder, flakes, granules and pellets of potatoes","2024","2024","t","1262.39","A","Official value",""
"TCL","Crops and livestock products","356","India","5622","Import value","21392","Flour, meal, powder, flakes, granules and pellets of potatoes","2024","2024","1000 USD","1845","A","Official value",""
"TCL","Crops and livestock products","356","India","5910","Export quantity","21392","Flour, meal, powder, flakes, granules and pellets of potatoes","2024","2024","t","40735.17","I","Value imputed by a receiving agency",""
"TCL","Crops and livestock products","356","India","5922","Export value","21392","Flour, meal, powder, flakes, granules and pellets of potatoes","2024","2024","1000 USD","67763","A","Official value",""
"TCL","Crops and livestock products","356","India","5610","Import quantity","21920","Flours and meals of oil seeds or oleaginous fruits, except those of mustard","2022","2022","t","60.9","A","Official value",""
"TCL","Crops and livestock products","356","India","5622","Import value","21920","Flours and meals of oil seeds or oleaginous fruits, except those of mustard","2022","2022","1000 USD","64","A","Official value",""
"TCL","Crops and livestock products","356","India","5910","Export quantity","21920","Flours and meals of oil seeds or oleaginous fruits, except those of mustard","2022","2022","t","10498.71","A","Official value",""
"TCL","Crops and livestock products","356","India","5922","Export value","21920","Flours and meals of oil seeds or oleaginous fruits, except those of mustard","2022","2022","1000 USD","11340","A","Official value",""
"TCL","Crops and livestock products","356","India","5610","Import quantity","21920","Flours and meals of oil seeds or oleaginous fruits, except those of mustard","2023","2023","t","40.85","A","Official value",""
"TCL","Crops and livestock products","356","India","5622","Import value","21920","Flours and meals of oil seeds or oleaginous fruits, except those of mustard","2023","2023","1000 USD","49","A","Official value",""
"TCL","Crops and livestock products","356","India","5910","Export quantity","21920","Flours and meals of oil seeds or oleaginous fruits, except those of mustard","2023","2023","t","12871.5","A","Official value",""
"TCL","Crops and livestock products","356","India","5922","Export value","21920","Flours and meals of oil seeds or oleaginous fruits, except those of mustard","2023","2023","1000 USD","11804","A","Official value",""
"TCL","Crops and livestock products","356","India","5610","Import quantity","21920","Flours and meals of oil seeds or oleaginous fruits, except those of mustard","2024","2024","t","95.02","A","Official value",""
"TCL","Crops and livestock products","356","India","5622","Import value","21920","Flours and meals of oil seeds or oleaginous fruits, except those of mustard","2024","2024","1000 USD","71","A","Official value",""
"TCL","Crops and livestock products","356","India","5910","Export quantity","21920","Flours and meals of oil seeds or oleaginous fruits, except those of mustard","2024","2024","t","15342.72","A","Official value",""
"TCL","Crops and livestock products","356","India","5922","Export value","21920","Flours and meals of oil seeds or oleaginous fruits, except those of mustard","2024","2024","1000 USD","12415","A","Official value",""
"TCL","Crops and livestock products","356","India","5910","Export quantity","01193","Fonio","2022","2022","t","0.04","A","Official value",""
"TCL","Crops and livestock products","356","India","5922","Export value","01193","Fonio","2022","2022","1000 USD","0","A","Official value",""
"TCL","Crops and livestock products","356","India","5610","Import quantity","01193","Fonio","2023","2023","t","0.05","A","Official value",""
"TCL","Crops and livestock products","356","India","5622","Import value","01193","Fonio","2023","2023","1000 USD","0","A","Official value",""
"TCL","Crops and livestock products","356","India","5610","Import quantity","01193","Fonio","2024","2024","t","3","A","Official value",""
"TCL","Crops and livestock products","356","India","5622","Import value","01193","Fonio","2024","2024","1000 USD","3","A","Official value",""
"TCL","Crops and livestock products","356","India","5610","Import quantity","F1232","Food preparations n.e.c.","2022","2022","t","73857.28","I","Value imputed by a receiving agency",""
"TCL","Crops and livestock products","356","India","5622","Import value","F1232","Food preparations n.e.c.","2022","2022","1000 USD","234199","A","Official value",""
"TCL","Crops and livestock products","356","India","5910","Export quantity","F1232","Food preparations n.e.c.","2022","2022","t","247179.6","I","Value imputed by a receiving agency",""
"TCL","Crops and livestock products","356","India","5922","Export value","F1232","Food preparations n.e.c.","2022","2022","1000 USD","759415","A","Official value",""
"TCL","Crops and livestock products","356","India","5610","Import quantity","F1232","Food preparations n.e.c.","2023","2023","t","49036.05","A","Official value",""
"TCL","Crops and livestock products","356","India","5622","Import value","F1232","Food preparations n.e.c.","2023","2023","1000 USD","189762","A","Official value",""
"TCL","Crops and livestock products","356","India","5910","Export quantity","F1232","Food preparations n.e.c.","2023","2023","t","290673.35","A","Official value",""
"TCL","Crops and livestock products","356","India","5922","Export value","F1232","Food preparations n.e.c.","2023","2023","1000 USD","865346","A","Official value",""
"TCL","Crops and livestock products","356","India","5610","Import quantity","F1232","Food preparations n.e.c.","2024","2024","t","53894.32","I","Value imputed by a receiving agency",""
"TCL","Crops and livestock products","356","India","5622","Import value","F1232","Food preparations n.e.c.","2024","2024","1000 USD","205679","A","Official value",""
"TCL","Crops and livestock products","356","India","5910","Export quantity","F1232","Food preparations n.e.c.","2024","2024","t","333296.39","I","Value imputed by a receiving agency",""
"TCL","Crops and livestock products","356","India","5922","Export value","F1232","Food preparations n.e.c.","2024","2024","1000 USD","1011265","A","Official value",""
"TCL","Crops and livestock products","356","India","5610","Import quantity","23999.02","Food preparations of flour, meal or malt extract","2022","2022","t","926.11","I","Value imputed by a receiving agency",""
"TCL","Crops and livestock products","356","India","5622","Import value","23999.02","Food preparations of flour, meal or malt extract","2022","2022","1000 USD","3672","A","Official value",""
"TCL","Crops and livestock products","356","India","5910","Export quantity","23999.02","Food preparations of flour, meal or malt extract","2022","2022","t","40977.31","A","Official value",""
"TCL","Crops and livestock products","356","India","5922","Export value","23999.02","Food preparations of flour, meal or malt extract","2022","2022","1000 USD","102139","A","Official value",""
"TCL","Crops and livestock products","356","India","5610","Import quantity","23999.02","Food preparations of flour, meal or malt extract","2023","2023","t","2054.63","A","Official value",""
"TCL","Crops and livestock products","356","India","5622","Import value","23999.02","Food preparations of flour, meal or malt extract","2023","2023","1000 USD","5926","A","Official value",""
"TCL","Crops and livestock products","356","India","5910","Export quantity","23999.02","Food preparations of flour, meal or malt extract","2023","2023","t","38223.31","A","Official value",""
"TCL","Crops and livestock products","356","India","5922","Export value","23999.02","Food preparations of flour, meal or malt extract","2023","2023","1000 USD","97977","A","Official value",""
"TCL","Crops and livestock products","356","India","5610","Import quantity","23999.02","Food preparations of flour, meal or malt extract","2024","2024","t","1434.01","A","Official value",""
"TCL","Crops and livestock products","356","India","5622","Import value","23999.02","Food preparations of flour, meal or malt extract","2024","2024","1000 USD","4010","A","Official value",""
"TCL","Crops and livestock products","356","India","5910","Export quantity","23999.02","Food preparations of flour, meal or malt extract","2024","2024","t","44931.79","A","Official value",""
"TCL","Crops and livestock products","356","India","5922","Export value","23999.02","Food preparations of flour, meal or malt extract","2024","2024","1000 USD","92175","A","Official value",""
"TCL","Crops and livestock products","356","India","5910","Export quantity","39170.01","Food wastes","2022","2022","t","0.5","A","Official value",""
"TCL","Crops and livestock products","356","India","5922","Export value","39170.01","Food wastes","2022","2022","1000 USD","1","A","Official value",""
"TCL","Crops and livestock products","356","India","5910","Export quantity","39170.01","Food wastes","2023","2023","t","0.01","A","Official value",""
"TCL","Crops and livestock products","356","India","5922","Export value","39170.01","Food wastes","2023","2023","1000 USD","0","A","Official value",""
"TCL","Crops and livestock products","356","India","5610","Import quantity","F0623","Fruit prepared n.e.c.","2022","2022","t","15000.34","A","Official value",""
"TCL","Crops and livestock products","356","India","5622","Import value","F0623","Fruit prepared n.e.c.","2022","2022","1000 USD","39403","A","Official value",""
"TCL","Crops and livestock products","356","India","5910","Export quantity","F0623","Fruit prepared n.e.c.","2022","2022","t","221316.16","I","Value imputed by a receiving agency",""
"TCL","Crops and livestock products","356","India","5922","Export value","F0623","Fruit prepared n.e.c.","2022","2022","1000 USD","298540","A","Official value",""
"TCL","Crops and livestock products","356","India","5610","Import quantity","F0623","Fruit prepared n.e.c.","2023","2023","t","12719.58","A","Official value",""
"TCL","Crops and livestock products","356","India","5622","Import value","F0623","Fruit prepared n.e.c.","2023","2023","1000 USD","31956","A","Official value",""
"TCL","Crops and livestock products","356","India","5910","Export quantity","F0623","Fruit prepared n.e.c.","2023","2023","t","248640.87","A","Official value",""
"TCL","Crops and livestock products","356","India","5922","Export value","F0623","Fruit prepared n.e.c.","2023","2023","1000 USD","322058","A","Official value",""
"TCL","Crops and livestock products","356","India","5610","Import quantity","F0623","Fruit prepared n.e.c.","2024","2024","t","15341.76","A","Official value",""
"TCL","Crops and livestock products","356","India","5622","Import value","F0623","Fruit prepared n.e.c.","2024","2024","1000 USD","38788","A","Official value",""
"TCL","Crops and livestock products","356","India","5910","Export quantity","F0623","Fruit prepared n.e.c.","2024","2024","t","307655.32","A","Official value",""
"TCL","Crops and livestock products","356","India","5922","Export value","F0623","Fruit prepared n.e.c.","2024","2024","1000 USD","358344","A","Official value",""
"TCL","Crops and livestock products","356","India","5610","Import quantity","23670.02","Fruit, nuts, peel, sugar preserved","2022","2022","t","2875.17","A","Official value",""
"TCL","Crops and livestock products","356","India","5622","Import value","23670.02","Fruit, nuts, peel, sugar preserved","2022","2022","1000 USD","4339","A","Official value",""
"TCL","Crops and livestock products","356","India","5910","Export quantity","23670.02","Fruit, nuts, peel, sugar preserved","2022","2022","t","3936.51","A","Official value",""
"TCL","Crops and livestock products","356","India","5922","Export value","23670.02","Fruit, nuts, peel, sugar preserved","2022","2022","1000 USD","4680","A","Official value",""
"TCL","Crops and livestock products","356","India","5610","Import quantity","23670.02","Fruit, nuts, peel, sugar preserved","2023","2023","t","3013.65","A","Official value",""
"TCL","Crops and livestock products","356","India","5622","Import value","23670.02","Fruit, nuts, peel, sugar preserved","2023","2023","1000 USD","4441","A","Official value",""
"TCL","Crops and livestock products","356","India","5910","Export quantity","23670.02","Fruit, nuts, peel, sugar preserved","2023","2023","t","4286.66","A","Official value",""
"TCL","Crops and livestock products","356","India","5922","Export value","23670.02","Fruit, nuts, peel, sugar preserved","2023","2023","1000 USD","4940","A","Official value",""
"TCL","Crops and livestock products","356","India","5610","Import quantity","23670.02","Fruit, nuts, peel, sugar preserved","2024","2024","t","3817.25","A","Official value",""
"TCL","Crops and livestock products","356","India","5622","Import value","23670.02","Fruit, nuts, peel, sugar preserved","2024","2024","1000 USD","4808","A","Official value",""
"TCL","Crops and livestock products","356","India","5910","Export quantity","23670.02","Fruit, nuts, peel, sugar preserved","2024","2024","t","4791.11","A","Official value",""
"TCL","Crops and livestock products","356","India","5922","Export value","23670.02","Fruit, nuts, peel, sugar preserved","2024","2024","1000 USD","5525","A","Official value",""
"TCL","Crops and livestock products","356","India","5610","Import quantity","23140.06","Germ of maize","2022","2022","t","882.16","A","Official value",""
"TCL","Crops and livestock products","356","India","5622","Import value","23140.06","Germ of maize","2022","2022","1000 USD","531","A","Official value",""
"TCL","Crops and livestock products","356","India","5910","Export quantity","23140.06","Germ of maize","2022","2022","t","464.34","A","Official value",""
"TCL","Crops and livestock products","356","India","5922","Export value","23140.06","Germ of maize","2022","2022","1000 USD","596","A","Official value",""
"TCL","Crops and livestock products","356","India","5610","Import quantity","23140.06","Germ of maize","2023","2023","t","787.57","A","Official value",""
"TCL","Crops and livestock products","356","India","5622","Import value","23140.06","Germ of maize","2023","2023","1000 USD","443","A","Official value",""
"TCL","Crops and livestock products","356","India","5910","Export quantity","23140.06","Germ of maize","2023","2023","t","1362.37","A","Official value",""
"TCL","Crops and livestock products","356","India","5922","Export value","23140.06","Germ of maize","2023","2023","1000 USD","1178","A","Official value",""
"TCL","Crops and livestock products","356","India","5610","Import quantity","23140.06","Germ of maize","2024","2024","t","64","A","Official value",""
"TCL","Crops and livestock products","356","India","5622","Import value","23140.06","Germ of maize","2024","2024","1000 USD","26","A","Official value",""
"TCL","Crops and livestock products","356","India","5910","Export quantity","23140.06","Germ of maize","2024","2024","t","3062.73","A","Official value",""
"TCL","Crops and livestock products","356","India","5922","Export value","23140.06","Germ of maize","2024","2024","1000 USD","1862","A","Official value",""
"TCL","Crops and livestock products","356","India","5610","Import quantity","22241.02","Ghee from cow milk","2022","2022","t","269.39","A","Official value",""
"TCL","Crops and livestock products","356","India","5622","Import value","22241.02","Ghee from cow milk","2022","2022","1000 USD","2020","A","Official value",""
"TCL","Crops and livestock products","356","India","5910","Export quantity","22241.02","Ghee from cow milk","2022","2022","t","37359.44","A","Official value",""
"TCL","Crops and livestock products","356","India","5922","Export value","22241.02","Ghee from cow milk","2022","2022","1000 USD","207304","A","Official value",""
"TCL","Crops and livestock products","356","India","5610","Import quantity","22241.02","Ghee from cow milk","2023","2023","t","214.1","A","Official value",""
"TCL","Crops and livestock products","356","India","5622","Import value","22241.02","Ghee from cow milk","2023","2023","1000 USD","1521","A","Official value",""
"TCL","Crops and livestock products","356","India","5910","Export quantity","22241.02","Ghee from cow milk","2023","2023","t","20849.42","A","Official value",""
"TCL","Crops and livestock products","356","India","5922","Export value","22241.02","Ghee from cow milk","2023","2023","1000 USD","143113","A","Official value",""
"TCL","Crops and livestock products","356","India","5610","Import quantity","22241.02","Ghee from cow milk","2024","2024","t","270.84","A","Official value",""
"TCL","Crops and livestock products","356","India","5622","Import value","22241.02","Ghee from cow milk","2024","2024","1000 USD","2014","A","Official value",""
"TCL","Crops and livestock products","356","India","5910","Export quantity","22241.02","Ghee from cow milk","2024","2024","t","57655.16","A","Official value",""
"TCL","Crops and livestock products","356","India","5922","Export value","22241.02","Ghee from cow milk","2024","2024","1000 USD","317760","A","Official value",""
"TCL","Crops and livestock products","356","India","5610","Import quantity","01657","Ginger, raw","2022","2022","t","27645.47","A","Official value",""
"TCL","Crops and livestock products","356","India","5622","Import value","01657","Ginger, raw","2022","2022","1000 USD","21361","A","Official value",""
"TCL","Crops and livestock products","356","India","5910","Export quantity","01657","Ginger, raw","2022","2022","t","79117.11","A","Official value",""
"TCL","Crops and livestock products","356","India","5922","Export value","01657","Ginger, raw","2022","2022","1000 USD","67482","A","Official value",""
"TCL","Crops and livestock products","356","India","5610","Import quantity","01657","Ginger, raw","2023","2023","t","36550.62","A","Official value",""
"TCL","Crops and livestock products","356","India","5622","Import value","01657","Ginger, raw","2023","2023","1000 USD","33982","A","Official value",""
"TCL","Crops and livestock products","356","India","5910","Export quantity","01657","Ginger, raw","2023","2023","t","53414.87","A","Official value",""
"TCL","Crops and livestock products","356","India","5922","Export value","01657","Ginger, raw","2023","2023","1000 USD","65061","A","Official value",""
"TCL","Crops and livestock products","356","India","5610","Import quantity","01657","Ginger, raw","2024","2024","t","11213.11","A","Official value",""
"TCL","Crops and livestock products","356","India","5622","Import value","01657","Ginger, raw","2024","2024","1000 USD","14702","A","Official value",""
"TCL","Crops and livestock products","356","India","5910","Export quantity","01657","Ginger, raw","2024","2024","t","82257.88","A","Official value",""
"TCL","Crops and livestock products","356","India","5922","Export value","01657","Ginger, raw","2024","2024","1000 USD","98897","A","Official value",""
"TCL","Crops and livestock products","356","India","5610","Import quantity","23210.05","Glucose and dextrose","2022","2022","t","1130.41","I","Value imputed by a receiving agency",""
"TCL","Crops and livestock products","356","India","5622","Import value","23210.05","Glucose and dextrose","2022","2022","1000 USD","1743","A","Official value",""
"TCL","Crops and livestock products","356","India","5910","Export quantity","23210.05","Glucose and dextrose","2022","2022","t","201098.9","I","Value imputed by a receiving agency",""
"TCL","Crops and livestock products","356","India","5922","Export value","23210.05","Glucose and dextrose","2022","2022","1000 USD","112650","A","Official value",""
"TCL","Crops and livestock products","356","India","5610","Import quantity","23210.05","Glucose and dextrose","2023","2023","t","2513.35","I","Value imputed by a receiving agency",""
"TCL","Crops and livestock products","356","India","5622","Import value","23210.05","Glucose and dextrose","2023","2023","1000 USD","2960","A","Official value",""
"TCL","Crops and livestock products","356","India","5910","Export quantity","23210.05","Glucose and dextrose","2023","2023","t","185893.66","A","Official value",""
"TCL","Crops and livestock products","356","India","5922","Export value","23210.05","Glucose and dextrose","2023","2023","1000 USD","96207","A","Official value",""
"TCL","Crops and livestock products","356","India","5610","Import quantity","23210.05","Glucose and dextrose","2024","2024","t","1419.31","I","Value imputed by a receiving agency",""
"TCL","Crops and livestock products","356","India","5622","Import value","23210.05","Glucose and dextrose","2024","2024","1000 USD","2347","A","Official value",""
"TCL","Crops and livestock products","356","India","5910","Export quantity","23210.05","Glucose and dextrose","2024","2024","t","168248.07","A","Official value",""
"TCL","Crops and livestock products","356","India","5922","Export value","23210.05","Glucose and dextrose","2024","2024","1000 USD","86584","A","Official value",""
"TCL","Crops and livestock products","356","India","5610","Import quantity","39130.04","Gluten feed and meal","2022","2022","t","1035.66","A","Official value",""
"TCL","Crops and livestock products","356","India","5622","Import value","39130.04","Gluten feed and meal","2022","2022","1000 USD","1841","A","Official value",""
"TCL","Crops and livestock products","356","India","5910","Export quantity","39130.04","Gluten feed and meal","2022","2022","t","12535.15","I","Value imputed by a receiving agency",""
"TCL","Crops and livestock products","356","India","5922","Export value","39130.04","Gluten feed and meal","2022","2022","1000 USD","6068","A","Official value",""
"TCL","Crops and livestock products","356","India","5610","Import quantity","39130.04","Gluten feed and meal","2023","2023","t","785.83","A","Official value",""
"TCL","Crops and livestock products","356","India","5622","Import value","39130.04","Gluten feed and meal","2023","2023","1000 USD","1254","A","Official value",""
"TCL","Crops and livestock products","356","India","5910","Export quantity","39130.04","Gluten feed and meal","2023","2023","t","74702.72","A","Official value",""
"TCL","Crops and livestock products","356","India","5922","Export value","39130.04","Gluten feed and meal","2023","2023","1000 USD","30188","A","Official value",""
"TCL","Crops and livestock products","356","India","5610","Import quantity","39130.04","Gluten feed and meal","2024","2024","t","1325.9","A","Official value",""
"TCL","Crops and livestock products","356","India","5622","Import value","39130.04","Gluten feed and meal","2024","2024","1000 USD","1678","A","Official value",""
"TCL","Crops and livestock products","356","India","5910","Export quantity","39130.04","Gluten feed and meal","2024","2024","t","48445.92","A","Official value",""
"TCL","Crops and livestock products","356","India","5922","Export value","39130.04","Gluten feed and meal","2024","2024","1000 USD","16498","A","Official value",""
"TCL","Crops and livestock products","356","India","5908","Export quantity","02123","Goats","2022","2022","An","76994","A","Official value",""
"TCL","Crops and livestock products","356","India","5922","Export value","02123","Goats","2022","2022","1000 USD","3624","A","Official value",""
"TCL","Crops and livestock products","356","India","5908","Export quantity","02123","Goats","2023","2023","An","128769","A","Official value",""
"TCL","Crops and livestock products","356","India","5922","Export value","02123","Goats","2023","2023","1000 USD","6883","A","Official value",""
"TCL","Crops and livestock products","356","India","5908","Export quantity","02123","Goats","2024","2024","An","209339","A","Official value",""
"TCL","Crops and livestock products","356","India","5922","Export value","02123","Goats","2024","2024","1000 USD","11243","A","Official value",""
"TCL","Crops and livestock products","356","India","5610","Import quantity","21434","Grape juice","2022","2022","t","278.87","A","Official value",""
"TCL","Crops and livestock products","356","India","5622","Import value","21434","Grape juice","2022","2022","1000 USD","526","A","Official value",""
"TCL","Crops and livestock products","356","India","5910","Export quantity","21434","Grape juice","2022","2022","t","26.91","A","Official value",""
"TCL","Crops and livestock products","356","India","5922","Export value","21434","Grape juice","2022","2022","1000 USD","95","A","Official value",""
"TCL","Crops and livestock products","356","India","5610","Import quantity","21434","Grape juice","2023","2023","t","220.51","A","Official value",""
"TCL","Crops and livestock products","356","India","5622","Import value","21434","Grape juice","2023","2023","1000 USD","497","A","Official value",""
"TCL","Crops and livestock products","356","India","5910","Export quantity","21434","Grape juice","2023","2023","t","7.03","A","Official value",""
"TCL","Crops and livestock products","356","India","5922","Export value","21434","Grape juice","2023","2023","1000 USD","35","A","Official value",""
"TCL","Crops and livestock products","356","India","5610","Import quantity","21434","Grape juice","2024","2024","t","208.18","A","Official value",""
"TCL","Crops and livestock products","356","India","5622","Import value","21434","Grape juice","2024","2024","1000 USD","487","A","Official value",""
"TCL","Crops and livestock products","356","India","5910","Export quantity","21434","Grape juice","2024","2024","t","0.99","A","Official value",""
"TCL","Crops and livestock products","356","India","5922","Export value","21434","Grape juice","2024","2024","1000 USD","2","A","Official value",""
"TCL","Crops and livestock products","356","India","5610","Import quantity","21432","Grapefruit juice","2022","2022","t","54","A","Official value",""
"TCL","Crops and livestock products","356","India","5622","Import value","21432","Grapefruit juice","2022","2022","1000 USD","51","A","Official value",""
"TCL","Crops and livestock products","356","India","5910","Export quantity","21432","Grapefruit juice","2022","2022","t","65.15","A","Official value",""
"TCL","Crops and livestock products","356","India","5922","Export value","21432","Grapefruit juice","2022","2022","1000 USD","80","A","Official value",""
"TCL","Crops and livestock products","356","India","5610","Import quantity","21432","Grapefruit juice","2023","2023","t","0.25","A","Official value",""
"TCL","Crops and livestock products","356","India","5622","Import value","21432","Grapefruit juice","2023","2023","1000 USD","1","A","Official value",""
"TCL","Crops and livestock products","356","India","5910","Export quantity","21432","Grapefruit juice","2023","2023","t","75.5","A","Official value",""
"TCL","Crops and livestock products","356","India","5922","Export value","21432","Grapefruit juice","2023","2023","1000 USD","99","A","Official value",""
"TCL","Crops and livestock products","356","India","5610","Import quantity","21432","Grapefruit juice","2024","2024","t","20","A","Official value",""
"TCL","Crops and livestock products","356","India","5622","Import value","21432","Grapefruit juice","2024","2024","1000 USD","20","A","Official value",""
"TCL","Crops and livestock products","356","India","5910","Export quantity","21432","Grapefruit juice","2024","2024","t","56.62","A","Official value",""
"TCL","Crops and livestock products","356","India","5922","Export value","21432","Grapefruit juice","2024","2024","1000 USD","83","A","Official value",""
"TCL","Crops and livestock products","356","India","5610","Import quantity","21432.01","Grapefruit juice, concentrated","2022","2022","t","2.64","A","Official value",""
"TCL","Crops and livestock products","356","India","5622","Import value","21432.01","Grapefruit juice, concentrated","2022","2022","1000 USD","3","A","Official value",""
"TCL","Crops and livestock products","356","India","5910","Export quantity","21432.01","Grapefruit juice, concentrated","2022","2022","t","2.24","A","Official value",""
"TCL","Crops and livestock products","356","India","5922","Export value","21432.01","Grapefruit juice, concentrated","2022","2022","1000 USD","10","A","Official value",""
"TCL","Crops and livestock products","356","India","5610","Import quantity","21432.01","Grapefruit juice, concentrated","2023","2023","t","73.71","A","Official value",""
"TCL","Crops and livestock products","356","India","5622","Import value","21432.01","Grapefruit juice, concentrated","2023","2023","1000 USD","85","A","Official value",""
"TCL","Crops and livestock products","356","India","5910","Export quantity","21432.01","Grapefruit juice, concentrated","2023","2023","t","2.48","A","Official value",""
"TCL","Crops and livestock products","356","India","5922","Export value","21432.01","Grapefruit juice, concentrated","2023","2023","1000 USD","24","A","Official value",""
"TCL","Crops and livestock products","356","India","5610","Import quantity","21432.01","Grapefruit juice, concentrated","2024","2024","t","20.07","A","Official value",""
"TCL","Crops and livestock products","356","India","5622","Import value","21432.01","Grapefruit juice, concentrated","2024","2024","1000 USD","22","A","Official value",""
"TCL","Crops and livestock products","356","India","5910","Export quantity","21432.01","Grapefruit juice, concentrated","2024","2024","t","0.13","A","Official value",""
"TCL","Crops and livestock products","356","India","5922","Export value","21432.01","Grapefruit juice, concentrated","2024","2024","1000 USD","1","A","Official value",""
"TCL","Crops and livestock products","356","India","5610","Import quantity","01330","Grapes","2022","2022","t","11216.85","A","Official value",""
"TCL","Crops and livestock products","356","India","5622","Import value","01330","Grapes","2022","2022","1000 USD","15645","A","Official value",""
"TCL","Crops and livestock products","356","India","5910","Export quantity","01330","Grapes","2022","2022","t","275504.25","A","Official value",""
"TCL","Crops and livestock products","356","India","5922","Export value","01330","Grapes","2022","2022","1000 USD","306064","A","Official value",""
"TCL","Crops and livestock products","356","India","5610","Import quantity","01330","Grapes","2023","2023","t","19339.84","A","Official value",""
"TCL","Crops and livestock products","356","India","5622","Import value","01330","Grapes","2023","2023","1000 USD","24364","A","Official value",""
"TCL","Crops and livestock products","356","India","5910","Export quantity","01330","Grapes","2023","2023","t","284269.17","A","Official value",""
"TCL","Crops and livestock products","356","India","5922","Export value","01330","Grapes","2023","2023","1000 USD","328773","A","Official value",""
"TCL","Crops and livestock products","356","India","5610","Import quantity","01330","Grapes","2024","2024","t","21855.79","A","Official value",""
"TCL","Crops and livestock products","356","India","5622","Import value","01330","Grapes","2024","2024","1000 USD","25077","A","Official value",""
"TCL","Crops and livestock products","356","India","5910","Export quantity","01330","Grapes","2024","2024","t","310425.29","A","Official value",""
"TCL","Crops and livestock products","356","India","5922","Export value","01330","Grapes","2024","2024","1000 USD","375368","A","Official value",""
"TCL","Crops and livestock products","356","India","5610","Import quantity","01252","Green garlic","2022","2022","t","1901.28","A","Official value",""
"TCL","Crops and livestock products","356","India","5622","Import value","01252","Green garlic","2022","2022","1000 USD","1473","A","Official value",""
"TCL","Crops and livestock products","356","India","5910","Export quantity","01252","Green garlic","2022","2022","t","25408.56","A","Official value",""
"TCL","Crops and livestock products","356","India","5922","Export value","01252","Green garlic","2022","2022","1000 USD","8794","A","Official value",""
"TCL","Crops and livestock products","356","India","5610","Import quantity","01252","Green garlic","2023","2023","t","19735.88","A","Official value",""
"TCL","Crops and livestock products","356","India","5622","Import value","01252","Green garlic","2023","2023","1000 USD","32835","A","Official value",""
"TCL","Crops and livestock products","356","India","5910","Export quantity","01252","Green garlic","2023","2023","t","61287.37","A","Official value",""
"TCL","Crops and livestock products","356","India","5922","Export value","01252","Green garlic","2023","2023","1000 USD","27591","A","Official value",""
"TCL","Crops and livestock products","356","India","5610","Import quantity","01252","Green garlic","2024","2024","t","20772.42","A","Official value",""
"TCL","Crops and livestock products","356","India","5622","Import value","01252","Green garlic","2024","2024","1000 USD","16944","A","Official value",""
"TCL","Crops and livestock products","356","India","5910","Export quantity","01252","Green garlic","2024","2024","t","6040.72","A","Official value",""
"TCL","Crops and livestock products","356","India","5922","Export value","01252","Green garlic","2024","2024","1000 USD","6640","A","Official value",""
"TCL","Crops and livestock products","356","India","5610","Import quantity","2162","Groundnut oil","2022","2022","t","21.55","I","Value imputed by a receiving agency",""
"TCL","Crops and livestock products","356","India","5622","Import value","2162","Groundnut oil","2022","2022","1000 USD","106","A","Official value",""
"TCL","Crops and livestock products","356","India","5910","Export quantity","2162","Groundnut oil","2022","2022","t","79093.55","A","Official value",""
"TCL","Crops and livestock products","356","India","5922","Export value","2162","Groundnut oil","2022","2022","1000 USD","158362","A","Official value",""
"TCL","Crops and livestock products","356","India","5610","Import quantity","2162","Groundnut oil","2023","2023","t","238.44","A","Official value",""
"TCL","Crops and livestock products","356","India","5622","Import value","2162","Groundnut oil","2023","2023","1000 USD","576","A","Official value",""
"TCL","Crops and livestock products","356","India","5910","Export quantity","2162","Groundnut oil","2023","2023","t","116133.68","A","Official value",""
"TCL","Crops and livestock products","356","India","5922","Export value","2162","Groundnut oil","2023","2023","1000 USD","221891","A","Official value",""
"TCL","Crops and livestock products","356","India","5610","Import quantity","2162","Groundnut oil","2024","2024","t","41.81","A","Official value",""
"TCL","Crops and livestock products","356","India","5622","Import value","2162","Groundnut oil","2024","2024","1000 USD","212","A","Official value",""
"TCL","Crops and livestock products","356","India","5910","Export quantity","2162","Groundnut oil","2024","2024","t","212090.82","A","Official value",""
"TCL","Crops and livestock products","356","India","5922","Export value","2162","Groundnut oil","2024","2024","1000 USD","349769","A","Official value",""
"TCL","Crops and livestock products","356","India","5610","Import quantity","0142","Groundnuts, excluding shelled","2022","2022","t","0.02","A","Official value",""
"TCL","Crops and livestock products","356","India","5622","Import value","0142","Groundnuts, excluding shelled","2022","2022","1000 USD","0","A","Official value",""
"TCL","Crops and livestock products","356","India","5910","Export quantity","0142","Groundnuts, excluding shelled","2022","2022","t","18380.23","A","Official value",""
"TCL","Crops and livestock products","356","India","5922","Export value","0142","Groundnuts, excluding shelled","2022","2022","1000 USD","15765","A","Official value",""
"TCL","Crops and livestock products","356","India","5610","Import quantity","0142","Groundnuts, excluding shelled","2023","2023","t","20","A","Official value",""
"TCL","Crops and livestock products","356","India","5622","Import value","0142","Groundnuts, excluding shelled","2023","2023","1000 USD","31","A","Official value",""
"TCL","Crops and livestock products","356","India","5910","Export quantity","0142","Groundnuts, excluding shelled","2023","2023","t","22256.98","A","Official value",""
"TCL","Crops and livestock products","356","India","5922","Export value","0142","Groundnuts, excluding shelled","2023","2023","1000 USD","21004","A","Official value",""
"TCL","Crops and livestock products","356","India","5610","Import quantity","0142","Groundnuts, excluding shelled","2024","2024","t","0.03","A","Official value",""
"TCL","Crops and livestock products","356","India","5622","Import value","0142","Groundnuts, excluding shelled","2024","2024","1000 USD","0","A","Official value",""
"TCL","Crops and livestock products","356","India","5910","Export quantity","0142","Groundnuts, excluding shelled","2024","2024","t","21213.28","A","Official value",""
"TCL","Crops and livestock products","356","India","5922","Export value","0142","Groundnuts, excluding shelled","2024","2024","1000 USD","17332","A","Official value",""
"TCL","Crops and livestock products","356","India","5610","Import quantity","21421","Groundnuts, shelled","2022","2022","t","1203.09","A","Official value",""
"TCL","Crops and livestock products","356","India","5622","Import value","21421","Groundnuts, shelled","2022","2022","1000 USD","1645","A","Official value",""
"TCL","Crops and livestock products","356","India","5910","Export quantity","21421","Groundnuts, shelled","2022","2022","t","560911.84","A","Official value",""
"TCL","Crops and livestock products","356","India","5922","Export value","21421","Groundnuts, shelled","2022","2022","1000 USD","695794","A","Official value",""
"TCL","Crops and livestock products","356","India","5610","Import quantity","21421","Groundnuts, shelled","2023","2023","t","1353.87","A","Official value",""
"TCL","Crops and livestock products","356","India","5622","Import value","21421","Groundnuts, shelled","2023","2023","1000 USD","1773","A","Official value",""
"TCL","Crops and livestock products","356","India","5910","Export quantity","21421","Groundnuts, shelled","2023","2023","t","653750.2","A","Official value",""
"TCL","Crops and livestock products","356","India","5922","Export value","21421","Groundnuts, shelled","2023","2023","1000 USD","853441","A","Official value",""
"TCL","Crops and livestock products","356","India","5610","Import quantity","21421","Groundnuts, shelled","2024","2024","t","1361.92","A","Official value",""
"TCL","Crops and livestock products","356","India","5622","Import value","21421","Groundnuts, shelled","2024","2024","1000 USD","1650","A","Official value",""
"TCL","Crops and livestock products","356","India","5910","Export quantity","21421","Groundnuts, shelled","2024","2024","t","729097.9","A","Official value",""
"TCL","Crops and livestock products","356","India","5922","Export value","21421","Groundnuts, shelled","2024","2024","1000 USD","821899","A","Official value",""
"TCL","Crops and livestock products","356","India","5610","Import quantity","26150.01","Hair, carded/combed","2022","2022","t","19.59","A","Official value",""
"TCL","Crops and livestock products","356","India","5622","Import value","26150.01","Hair, carded/combed","2022","2022","1000 USD","865","A","Official value",""
"TCL","Crops and livestock products","356","India","5910","Export quantity","26150.01","Hair, carded/combed","2022","2022","t","123.37","A","Official value",""
"TCL","Crops and livestock products","356","India","5922","Export value","26150.01","Hair, carded/combed","2022","2022","1000 USD","453","A","Official value",""
"TCL","Crops and livestock products","356","India","5610","Import quantity","26150.01","Hair, carded/combed","2023","2023","t","42.99","A","Official value",""
"TCL","Crops and livestock products","356","India","5622","Import value","26150.01","Hair, carded/combed","2023","2023","1000 USD","1793","A","Official value",""
"TCL","Crops and livestock products","356","India","5910","Export quantity","26150.01","Hair, carded/combed","2023","2023","t","212.49","A","Official value",""
"TCL","Crops and livestock products","356","India","5922","Export value","26150.01","Hair, carded/combed","2023","2023","1000 USD","612","A","Official value",""
"TCL","Crops and livestock products","356","India","5610","Import quantity","26150.01","Hair, carded/combed","2024","2024","t","17.98","A","Official value",""
"TCL","Crops and livestock products","356","India","5622","Import value","26150.01","Hair, carded/combed","2024","2024","1000 USD","1123","A","Official value",""
"TCL","Crops and livestock products","356","India","5910","Export quantity","26150.01","Hair, carded/combed","2024","2024","t","269.7","A","Official value",""
"TCL","Crops and livestock products","356","India","5922","Export value","26150.01","Hair, carded/combed","2024","2024","1000 USD","681","A","Official value",""
"TCL","Crops and livestock products","356","India","5610","Import quantity","02942.90","Hair, coarse nes","2022","2022","t","20.8","A","Official value",""
"TCL","Crops and livestock products","356","India","5622","Import value","02942.90","Hair, coarse nes","2022","2022","1000 USD","97","A","Official value",""
"TCL","Crops and livestock products","356","India","5910","Export quantity","02942.90","Hair, coarse nes","2022","2022","t","127.96","A","Official value",""
"TCL","Crops and livestock products","356","India","5922","Export value","02942.90","Hair, coarse nes","2022","2022","1000 USD","394","A","Official value",""
"TCL","Crops and livestock products","356","India","5610","Import quantity","02942.90","Hair, coarse nes","2023","2023","t","41.88","A","Official value",""
"TCL","Crops and livestock products","356","India","5622","Import value","02942.90","Hair, coarse nes","2023","2023","1000 USD","2293","A","Official value",""
"TCL","Crops and livestock products","356","India","5910","Export quantity","02942.90","Hair, coarse nes","2023","2023","t","86.26","A","Official value",""
"TCL","Crops and livestock products","356","India","5922","Export value","02942.90","Hair, coarse nes","2023","2023","1000 USD","191","A","Official value",""
"TCL","Crops and livestock products","356","India","5610","Import quantity","02942.90","Hair, coarse nes","2024","2024","t","93.78","A","Official value",""
"TCL","Crops and livestock products","356","India","5622","Import value","02942.90","Hair, coarse nes","2024","2024","1000 USD","4335","A","Official value",""
"TCL","Crops and livestock products","356","India","5910","Export quantity","02942.90","Hair, coarse nes","2024","2024","t","57.36","A","Official value",""
"TCL","Crops and livestock products","356","India","5922","Export value","02942.90","Hair, coarse nes","2024","2024","1000 USD","80","A","Official value",""
"TCL","Crops and livestock products","356","India","5610","Import quantity","01374","Hazelnuts, in shell","2022","2022","t","0.14","A","Official value",""
"TCL","Crops and livestock products","356","India","5622","Import value","01374","Hazelnuts, in shell","2022","2022","1000 USD","2","A","Official value",""
"TCL","Crops and livestock products","356","India","5910","Export quantity","01374","Hazelnuts, in shell","2022","2022","t","1.01","A","Official value",""
"TCL","Crops and livestock products","356","India","5922","Export value","01374","Hazelnuts, in shell","2022","2022","1000 USD","8","A","Official value",""
"TCL","Crops and livestock products","356","India","5910","Export quantity","01374","Hazelnuts, in shell","2023","2023","t","4.49","A","Official value",""
"TCL","Crops and livestock products","356","India","5922","Export value","01374","Hazelnuts, in shell","2023","2023","1000 USD","41","A","Official value",""
"TCL","Crops and livestock products","356","India","5910","Export quantity","01374","Hazelnuts, in shell","2024","2024","t","4.38","A","Official value",""
"TCL","Crops and livestock products","356","India","5922","Export value","01374","Hazelnuts, in shell","2024","2024","1000 USD","42","A","Official value",""
"TCL","Crops and livestock products","356","India","5610","Import quantity","21423","Hazelnuts, shelled","2022","2022","t","328.08","A","Official value",""
"TCL","Crops and livestock products","356","India","5622","Import value","21423","Hazelnuts, shelled","2022","2022","1000 USD","2382","A","Official value",""
"TCL","Crops and livestock products","356","India","5910","Export quantity","21423","Hazelnuts, shelled","2022","2022","t","9.15","A","Official value",""
"TCL","Crops and livestock products","356","India","5922","Export value","21423","Hazelnuts, shelled","2022","2022","1000 USD","66","A","Official value",""
"TCL","Crops and livestock products","356","India","5610","Import quantity","21423","Hazelnuts, shelled","2023","2023","t","313.33","A","Official value",""
"TCL","Crops and livestock products","356","India","5622","Import value","21423","Hazelnuts, shelled","2023","2023","1000 USD","1863","A","Official value",""
"TCL","Crops and livestock products","356","India","5910","Export quantity","21423","Hazelnuts, shelled","2023","2023","t","4.74","A","Official value",""
"TCL","Crops and livestock products","356","India","5922","Export value","21423","Hazelnuts, shelled","2023","2023","1000 USD","37","A","Official value",""
"TCL","Crops and livestock products","356","India","5610","Import quantity","21423","Hazelnuts, shelled","2024","2024","t","338.72","A","Official value",""
"TCL","Crops and livestock products","356","India","5622","Import value","21423","Hazelnuts, shelled","2024","2024","1000 USD","2637","A","Official value",""
"TCL","Crops and livestock products","356","India","5910","Export quantity","21423","Hazelnuts, shelled","2024","2024","t","1.69","A","Official value",""
"TCL","Crops and livestock products","356","India","5922","Export value","21423","Hazelnuts, shelled","2024","2024","1000 USD","22","A","Official value",""
"TCL","Crops and livestock products","356","India","5610","Import quantity","0231","Hen eggs in shell, fresh","2022","2022","t","1.03","A","Official value",""
"TCL","Crops and livestock products","356","India","5622","Import value","0231","Hen eggs in shell, fresh","2022","2022","1000 USD","504","A","Official value",""
"TCL","Crops and livestock products","356","India","5910","Export quantity","0231","Hen eggs in shell, fresh","2022","2022","t","34027.74","A","Official value",""
"TCL","Crops and livestock products","356","India","5922","Export value","0231","Hen eggs in shell, fresh","2022","2022","1000 USD","51792","A","Official value",""
"TCL","Crops and livestock products","356","India","5610","Import quantity","0231","Hen eggs in shell, fresh","2023","2023","t","2.69","A","Official value",""
"TCL","Crops and livestock products","356","India","5622","Import value","0231","Hen eggs in shell, fresh","2023","2023","1000 USD","357","A","Official value",""
"TCL","Crops and livestock products","356","India","5910","Export quantity","0231","Hen eggs in shell, fresh","2023","2023","t","74711.39","A","Official value",""
"TCL","Crops and livestock products","356","India","5922","Export value","0231","Hen eggs in shell, fresh","2023","2023","1000 USD","96415","A","Official value",""
"TCL","Crops and livestock products","356","India","5610","Import quantity","0231","Hen eggs in shell, fresh","2024","2024","t","3.41","A","Official value",""
"TCL","Crops and livestock products","356","India","5622","Import value","0231","Hen eggs in shell, fresh","2024","2024","1000 USD","702","A","Official value",""
"TCL","Crops and livestock products","356","India","5910","Export quantity","0231","Hen eggs in shell, fresh","2024","2024","t","82400.63","A","Official value",""
"TCL","Crops and livestock products","356","India","5922","Export value","0231","Hen eggs in shell, fresh","2024","2024","1000 USD","102780","A","Official value",""
"TCL","Crops and livestock products","356","India","5610","Import quantity","02959.30","Hides nes, dry salted","2022","2022","t","375.58","A","Official value",""
"TCL","Crops and livestock products","356","India","5622","Import value","02959.30","Hides nes, dry salted","2022","2022","1000 USD","610","A","Official value",""
"TCL","Crops and livestock products","356","India","5910","Export quantity","02959.30","Hides nes, dry salted","2022","2022","t","0.06","A","Official value",""
"TCL","Crops and livestock products","356","India","5922","Export value","02959.30","Hides nes, dry salted","2022","2022","1000 USD","0","A","Official value",""
"TCL","Crops and livestock products","356","India","5610","Import quantity","02959.30","Hides nes, dry salted","2023","2023","t","504.97","A","Official value",""
"TCL","Crops and livestock products","356","India","5622","Import value","02959.30","Hides nes, dry salted","2023","2023","1000 USD","1041","A","Official value",""
"TCL","Crops and livestock products","356","India","5910","Export quantity","02959.30","Hides nes, dry salted","2023","2023","t","1.27","A","Official value",""
"TCL","Crops and livestock products","356","India","5922","Export value","02959.30","Hides nes, dry salted","2023","2023","1000 USD","8","A","Official value",""
"TCL","Crops and livestock products","356","India","5610","Import quantity","02959.30","Hides nes, dry salted","2024","2024","t","559.44","A","Official value",""
"TCL","Crops and livestock products","356","India","5622","Import value","02959.30","Hides nes, dry salted","2024","2024","1000 USD","1178","A","Official value",""
"TCL","Crops and livestock products","356","India","5910","Export quantity","02959.30","Hides nes, dry salted","2024","2024","t","26.14","A","Official value",""
"TCL","Crops and livestock products","356","India","5922","Export value","02959.30","Hides nes, dry salted","2024","2024","1000 USD","50","A","Official value",""
"TCL","Crops and livestock products","356","India","5610","Import quantity","02951.04","Hides, wet-salted of cattle","2022","2022","t","2291.8","A","Official value",""
"TCL","Crops and livestock products","356","India","5622","Import value","02951.04","Hides, wet-salted of cattle","2022","2022","1000 USD","2672","A","Official value",""
"TCL","Crops and livestock products","356","India","5910","Export quantity","02951.04","Hides, wet-salted of cattle","2022","2022","t","3405.59","A","Official value",""
"TCL","Crops and livestock products","356","India","5922","Export value","02951.04","Hides, wet-salted of cattle","2022","2022","1000 USD","775","A","Official value",""
"TCL","Crops and livestock products","356","India","5610","Import quantity","02951.04","Hides, wet-salted of cattle","2023","2023","t","2585.04","A","Official value",""
"TCL","Crops and livestock products","356","India","5622","Import value","02951.04","Hides, wet-salted of cattle","2023","2023","1000 USD","2695","A","Official value",""
"TCL","Crops and livestock products","356","India","5910","Export quantity","02951.04","Hides, wet-salted of cattle","2023","2023","t","3109.85","A","Official value",""
"TCL","Crops and livestock products","356","India","5922","Export value","02951.04","Hides, wet-salted of cattle","2023","2023","1000 USD","454","A","Official value",""
"TCL","Crops and livestock products","356","India","5610","Import quantity","02951.04","Hides, wet-salted of cattle","2024","2024","t","3335.51","A","Official value",""
"TCL","Crops and livestock products","356","India","5622","Import value","02951.04","Hides, wet-salted of cattle","2024","2024","1000 USD","2847","A","Official value",""
"TCL","Crops and livestock products","356","India","5910","Export quantity","02951.04","Hides, wet-salted of cattle","2024","2024","t","1766.98","A","Official value",""
"TCL","Crops and livestock products","356","India","5922","Export value","02951.04","Hides, wet-salted of cattle","2024","2024","1000 USD","267","A","Official value",""
"TCL","Crops and livestock products","356","India","5610","Import quantity","23991.03","Homogenized cooked fruit, prepared","2022","2022","t","34.98","A","Official value",""
"TCL","Crops and livestock products","356","India","5622","Import value","23991.03","Homogenized cooked fruit, prepared","2022","2022","1000 USD","196","A","Official value",""
"TCL","Crops and livestock products","356","India","5910","Export quantity","23991.03","Homogenized cooked fruit, prepared","2022","2022","t","608.17","A","Official value",""
"TCL","Crops and livestock products","356","India","5922","Export value","23991.03","Homogenized cooked fruit, prepared","2022","2022","1000 USD","1529","A","Official value",""
"TCL","Crops and livestock products","356","India","5610","Import quantity","23991.03","Homogenized cooked fruit, prepared","2023","2023","t","6.55","A","Official value",""
"TCL","Crops and livestock products","356","India","5622","Import value","23991.03","Homogenized cooked fruit, prepared","2023","2023","1000 USD","24","A","Official value",""
"TCL","Crops and livestock products","356","India","5910","Export quantity","23991.03","Homogenized cooked fruit, prepared","2023","2023","t","738.79","A","Official value",""
"TCL","Crops and livestock products","356","India","5922","Export value","23991.03","Homogenized cooked fruit, prepared","2023","2023","1000 USD","1598","A","Official value",""
"TCL","Crops and livestock products","356","India","5610","Import quantity","23991.03","Homogenized cooked fruit, prepared","2024","2024","t","12.96","A","Official value",""
"TCL","Crops and livestock products","356","India","5622","Import value","23991.03","Homogenized cooked fruit, prepared","2024","2024","1000 USD","22","A","Official value",""
"TCL","Crops and livestock products","356","India","5910","Export quantity","23991.03","Homogenized cooked fruit, prepared","2024","2024","t","560.68","A","Official value",""
"TCL","Crops and livestock products","356","India","5922","Export value","23991.03","Homogenized cooked fruit, prepared","2024","2024","1000 USD","1409","A","Official value",""
"TCL","Crops and livestock products","356","India","5610","Import quantity","23991.04","Homogenized meat preparations","2022","2022","t","0.2","A","Official value",""
"TCL","Crops and livestock products","356","India","5622","Import value","23991.04","Homogenized meat preparations","2022","2022","1000 USD","1","A","Official value",""
"TCL","Crops and livestock products","356","India","5910","Export quantity","23991.04","Homogenized meat preparations","2022","2022","t","0","A","Official value",""
"TCL","Crops and livestock products","356","India","5922","Export value","23991.04","Homogenized meat preparations","2022","2022","1000 USD","1","A","Official value",""
"TCL","Crops and livestock products","356","India","5910","Export quantity","23991.04","Homogenized meat preparations","2023","2023","t","0.02","A","Official value",""
"TCL","Crops and livestock products","356","India","5922","Export value","23991.04","Homogenized meat preparations","2023","2023","1000 USD","0","A","Official value",""
"TCL","Crops and livestock products","356","India","5610","Import quantity","23991.02","Homogenized vegetable preparations","2022","2022","t","0.47","A","Official value",""
"TCL","Crops and livestock products","356","India","5622","Import value","23991.02","Homogenized vegetable preparations","2022","2022","1000 USD","1","A","Official value",""
"TCL","Crops and livestock products","356","India","5910","Export quantity","23991.02","Homogenized vegetable preparations","2022","2022","t","66.7","A","Official value",""
"TCL","Crops and livestock products","356","India","5922","Export value","23991.02","Homogenized vegetable preparations","2022","2022","1000 USD","156","A","Official value",""
"TCL","Crops and livestock products","356","India","5610","Import quantity","23991.02","Homogenized vegetable preparations","2023","2023","t","0.84","A","Official value",""
"TCL","Crops and livestock products","356","India","5622","Import value","23991.02","Homogenized vegetable preparations","2023","2023","1000 USD","1","A","Official value",""
"TCL","Crops and livestock products","356","India","5910","Export quantity","23991.02","Homogenized vegetable preparations","2023","2023","t","88.67","A","Official value",""
"TCL","Crops and livestock products","356","India","5922","Export value","23991.02","Homogenized vegetable preparations","2023","2023","1000 USD","240","A","Official value",""
"TCL","Crops and livestock products","356","India","5610","Import quantity","23991.02","Homogenized vegetable preparations","2024","2024","t","18.69","A","Official value",""
"TCL","Crops and livestock products","356","India","5622","Import value","23991.02","Homogenized vegetable preparations","2024","2024","1000 USD","26","A","Official value",""
"TCL","Crops and livestock products","356","India","5910","Export quantity","23991.02","Homogenized vegetable preparations","2024","2024","t","145.04","A","Official value",""
"TCL","Crops and livestock products","356","India","5922","Export value","23991.02","Homogenized vegetable preparations","2024","2024","1000 USD","315","A","Official value",""
"TCL","Crops and livestock products","356","India","5610","Import quantity","01659","Hop cones","2022","2022","t","786.94","A","Official value",""
"TCL","Crops and livestock products","356","India","5622","Import value","01659","Hop cones","2022","2022","1000 USD","7808","A","Official value",""
"TCL","Crops and livestock products","356","India","5910","Export quantity","01659","Hop cones","2022","2022","t","10.56","A","Official value",""
"TCL","Crops and livestock products","356","India","5922","Export value","01659","Hop cones","2022","2022","1000 USD","272","A","Official value",""
"TCL","Crops and livestock products","356","India","5610","Import quantity","01659","Hop cones","2023","2023","t","654.61","A","Official value",""
"TCL","Crops and livestock products","356","India","5622","Import value","01659","Hop cones","2023","2023","1000 USD","6607","A","Official value",""
"TCL","Crops and livestock products","356","India","5910","Export quantity","01659","Hop cones","2023","2023","t","20.19","A","Official value",""
"TCL","Crops and livestock products","356","India","5922","Export value","01659","Hop cones","2023","2023","1000 USD","408","A","Official value",""
"TCL","Crops and livestock products","356","India","5610","Import quantity","01659","Hop cones","2024","2024","t","428.12","A","Official value",""
"TCL","Crops and livestock products","356","India","5622","Import value","01659","Hop cones","2024","2024","1000 USD","4399","A","Official value",""
"TCL","Crops and livestock products","356","India","5910","Export quantity","01659","Hop cones","2024","2024","t","8.56","A","Official value",""
"TCL","Crops and livestock products","356","India","5922","Export value","01659","Hop cones","2024","2024","1000 USD","155","A","Official value",""
"TCL","Crops and livestock products","356","India","5910","Export quantity","21118.01","Horse meat, fresh or chilled","2022","2022","t","1","A","Official value",""
"TCL","Crops and livestock products","356","India","5922","Export value","21118.01","Horse meat, fresh or chilled","2022","2022","1000 USD","0","A","Official value",""
"TCL","Crops and livestock products","356","India","5608","Import quantity","02131","Horses","2022","2022","An","1422","I","Value imputed by a receiving agency",""
"TCL","Crops and livestock products","356","India","5622","Import value","02131","Horses","2022","2022","1000 USD","3223","A","Official value",""
"TCL","Crops and livestock products","356","India","5908","Export quantity","02131","Horses","2022","2022","An","135","A","Official value",""
"TCL","Crops and livestock products","356","India","5922","Export value","02131","Horses","2022","2022","1000 USD","178","A","Official value",""
"TCL","Crops and livestock products","356","India","5608","Import quantity","02131","Horses","2023","2023","An","167","A","Official value",""
"TCL","Crops and livestock products","356","India","5622","Import value","02131","Horses","2023","2023","1000 USD","4485","A","Official value",""
"TCL","Crops and livestock products","356","India","5908","Export quantity","02131","Horses","2023","2023","An","46","A","Official value",""
"TCL","Crops and livestock products","356","India","5922","Export value","02131","Horses","2023","2023","1000 USD","231","A","Official value",""
"TCL","Crops and livestock products","356","India","5608","Import quantity","02131","Horses","2024","2024","An","230","A","Official value",""
"TCL","Crops and livestock products","356","India","5622","Import value","02131","Horses","2024","2024","1000 USD","10192","A","Official value",""
"TCL","Crops and livestock products","356","India","5908","Export quantity","02131","Horses","2024","2024","An","19","A","Official value",""
"TCL","Crops and livestock products","356","India","5922","Export value","02131","Horses","2024","2024","1000 USD","38","A","Official value",""
"TCL","Crops and livestock products","356","India","5610","Import quantity","23162","Husked rice","2022","2022","t","350","A","Official value",""
"TCL","Crops and livestock products","356","India","5622","Import value","23162","Husked rice","2022","2022","1000 USD","277","A","Official value",""
"TCL","Crops and livestock products","356","India","5910","Export quantity","23162","Husked rice","2022","2022","t","16164.81","A","Official value",""
"TCL","Crops and livestock products","356","India","5922","Export value","23162","Husked rice","2022","2022","1000 USD","12092","A","Official value",""
"TCL","Crops and livestock products","356","India","5910","Export quantity","23162","Husked rice","2023","2023","t","122770.44","A","Official value",""
"TCL","Crops and livestock products","356","India","5922","Export value","23162","Husked rice","2023","2023","1000 USD","54733","A","Official value",""
"TCL","Crops and livestock products","356","India","5610","Import quantity","23162","Husked rice","2024","2024","t","265.24","A","Official value",""
"TCL","Crops and livestock products","356","India","5622","Import value","23162","Husked rice","2024","2024","1000 USD","136","A","Official value",""
"TCL","Crops and livestock products","356","India","5910","Export quantity","23162","Husked rice","2024","2024","t","416634.03","A","Official value",""
"TCL","Crops and livestock products","356","India","5922","Export value","23162","Husked rice","2024","2024","1000 USD","178614","A","Official value",""
"TCL","Crops and livestock products","356","India","5610","Import quantity","F1275","hydrogenated oils and fats","2022","2022","t","14627.03","A","Official value",""
"TCL","Crops and livestock products","356","India","5622","Import value","F1275","hydrogenated oils and fats","2022","2022","1000 USD","37817","A","Official value",""
"TCL","Crops and livestock products","356","India","5910","Export quantity","F1275","hydrogenated oils and fats","2022","2022","t","46574.44","A","Official value",""
"TCL","Crops and livestock products","356","India","5922","Export value","F1275","hydrogenated oils and fats","2022","2022","1000 USD","104484","A","Official value",""
"TCL","Crops and livestock products","356","India","5610","Import quantity","F1275","hydrogenated oils and fats","2023","2023","t","7562.75","A","Official value",""
"TCL","Crops and livestock products","356","India","5622","Import value","F1275","hydrogenated oils and fats","2023","2023","1000 USD","21578","A","Official value",""
"TCL","Crops and livestock products","356","India","5910","Export quantity","F1275","hydrogenated oils and fats","2023","2023","t","45126.32","A","Official value",""
"TCL","Crops and livestock products","356","India","5922","Export value","F1275","hydrogenated oils and fats","2023","2023","1000 USD","134928","A","Official value",""
"TCL","Crops and livestock products","356","India","5610","Import quantity","F1275","hydrogenated oils and fats","2024","2024","t","14636.4","A","Official value",""
"TCL","Crops and livestock products","356","India","5622","Import value","F1275","hydrogenated oils and fats","2024","2024","1000 USD","27642","A","Official value",""
"TCL","Crops and livestock products","356","India","5910","Export quantity","F1275","hydrogenated oils and fats","2024","2024","t","60652.85","A","Official value",""
"TCL","Crops and livestock products","356","India","5922","Export value","F1275","hydrogenated oils and fats","2024","2024","1000 USD","110093","A","Official value",""
"TCL","Crops and livestock products","356","India","5610","Import quantity","22270","Ice cream and other edible ice","2022","2022","t","1894.29","A","Official value",""
"TCL","Crops and livestock products","356","India","5622","Import value","22270","Ice cream and other edible ice","2022","2022","1000 USD","8744","A","Official value",""
"TCL","Crops and livestock products","356","India","5910","Export quantity","22270","Ice cream and other edible ice","2022","2022","t","2693.34","A","Official value",""
"TCL","Crops and livestock products","356","India","5922","Export value","22270","Ice cream and other edible ice","2022","2022","1000 USD","9547","A","Official value",""
"TCL","Crops and livestock products","356","India","5610","Import quantity","22270","Ice cream and other edible ice","2023","2023","t","1587.52","A","Official value",""
"TCL","Crops and livestock products","356","India","5622","Import value","22270","Ice cream and other edible ice","2023","2023","1000 USD","6958","A","Official value",""
"TCL","Crops and livestock products","356","India","5910","Export quantity","22270","Ice cream and other edible ice","2023","2023","t","2872.95","A","Official value",""
"TCL","Crops and livestock products","356","India","5922","Export value","22270","Ice cream and other edible ice","2023","2023","1000 USD","10396","A","Official value",""
"TCL","Crops and livestock products","356","India","5610","Import quantity","22270","Ice cream and other edible ice","2024","2024","t","1730.25","A","Official value",""
"TCL","Crops and livestock products","356","India","5622","Import value","22270","Ice cream and other edible ice","2024","2024","1000 USD","7756","A","Official value",""
"TCL","Crops and livestock products","356","India","5910","Export quantity","22270","Ice cream and other edible ice","2024","2024","t","3187.22","A","Official value",""
"TCL","Crops and livestock products","356","India","5922","Export value","22270","Ice cream and other edible ice","2024","2024","1000 USD","12126","A","Official value",""
"TCL","Crops and livestock products","356","India","5610","Import quantity","34120","Industrial monocarboxylic fatty acids; acid oils from refining","2022","2022","t","565816.78","A","Official value",""
"TCL","Crops and livestock products","356","India","5622","Import value","34120","Industrial monocarboxylic fatty acids; acid oils from refining","2022","2022","1000 USD","740892","A","Official value",""
"TCL","Crops and livestock products","356","India","5910","Export quantity","34120","Industrial monocarboxylic fatty acids; acid oils from refining","2022","2022","t","180141.28","A","Official value",""
"TCL","Crops and livestock products","356","India","5922","Export value","34120","Industrial monocarboxylic fatty acids; acid oils from refining","2022","2022","1000 USD","343639","A","Official value",""
"TCL","Crops and livestock products","356","India","5610","Import quantity","34120","Industrial monocarboxylic fatty acids; acid oils from refining","2023","2023","t","539373.61","A","Official value",""
"TCL","Crops and livestock products","356","India","5622","Import value","34120","Industrial monocarboxylic fatty acids; acid oils from refining","2023","2023","1000 USD","501249","A","Official value",""
"TCL","Crops and livestock products","356","India","5910","Export quantity","34120","Industrial monocarboxylic fatty acids; acid oils from refining","2023","2023","t","158837.31","A","Official value",""
"TCL","Crops and livestock products","356","India","5922","Export value","34120","Industrial monocarboxylic fatty acids; acid oils from refining","2023","2023","1000 USD","251431","A","Official value",""
"TCL","Crops and livestock products","356","India","5610","Import quantity","34120","Industrial monocarboxylic fatty acids; acid oils from refining","2024","2024","t","641469.41","A","Official value",""
"TCL","Crops and livestock products","356","India","5622","Import value","34120","Industrial monocarboxylic fatty acids; acid oils from refining","2024","2024","1000 USD","646446","A","Official value",""
"TCL","Crops and livestock products","356","India","5910","Export quantity","34120","Industrial monocarboxylic fatty acids; acid oils from refining","2024","2024","t","198144.43","A","Official value",""
"TCL","Crops and livestock products","356","India","5922","Export value","34120","Industrial monocarboxylic fatty acids; acid oils from refining","2024","2024","1000 USD","308149","A","Official value",""
"TCL","Crops and livestock products","356","India","5610","Import quantity","23991.01","Infant food","2022","2022","t","2464.28","A","Official value",""
"TCL","Crops and livestock products","356","India","5622","Import value","23991.01","Infant food","2022","2022","1000 USD","34216","A","Official value",""
"TCL","Crops and livestock products","356","India","5910","Export quantity","23991.01","Infant food","2022","2022","t","3113.27","A","Official value",""
"TCL","Crops and livestock products","356","India","5922","Export value","23991.01","Infant food","2022","2022","1000 USD","18417","A","Official value",""
"TCL","Crops and livestock products","356","India","5610","Import quantity","23991.01","Infant food","2023","2023","t","2129.79","A","Official value",""
"TCL","Crops and livestock products","356","India","5622","Import value","23991.01","Infant food","2023","2023","1000 USD","27612","A","Official value",""
"TCL","Crops and livestock products","356","India","5910","Export quantity","23991.01","Infant food","2023","2023","t","2565.66","A","Official value",""
"TCL","Crops and livestock products","356","India","5922","Export value","23991.01","Infant food","2023","2023","1000 USD","22207","A","Official value",""
"TCL","Crops and livestock products","356","India","5610","Import quantity","23991.01","Infant food","2024","2024","t","1261.87","A","Official value",""
"TCL","Crops and livestock products","356","India","5622","Import value","23991.01","Infant food","2024","2024","1000 USD","14884","A","Official value",""
"TCL","Crops and livestock products","356","India","5910","Export quantity","23991.01","Infant food","2024","2024","t","2524.66","A","Official value",""
"TCL","Crops and livestock products","356","India","5922","Export value","23991.01","Infant food","2024","2024","1000 USD","19375","A","Official value",""
"TCL","Crops and livestock products","356","India","5910","Export quantity","21691.06","Jojoba oil","2022","2022","t","0","A","Official value",""
"TCL","Crops and livestock products","356","India","5922","Export value","21691.06","Jojoba oil","2022","2022","1000 USD","0","A","Official value",""
"TCL","Crops and livestock products","356","India","5610","Import quantity","21691.06","Jojoba oil","2023","2023","t","23.86","A","Official value",""
"TCL","Crops and livestock products","356","India","5622","Import value","21691.06","Jojoba oil","2023","2023","1000 USD","537","A","Official value",""
"TCL","Crops and livestock products","356","India","5910","Export quantity","21691.06","Jojoba oil","2023","2023","t","18.08","A","Official value",""
"TCL","Crops and livestock products","356","India","5922","Export value","21691.06","Jojoba oil","2023","2023","1000 USD","1100","A","Official value",""
"TCL","Crops and livestock products","356","India","5610","Import quantity","21691.06","Jojoba oil","2024","2024","t","35.04","A","Official value",""
"TCL","Crops and livestock products","356","India","5622","Import value","21691.06","Jojoba oil","2024","2024","1000 USD","804","A","Official value",""
"TCL","Crops and livestock products","356","India","5910","Export quantity","21691.06","Jojoba oil","2024","2024","t","15.15","A","Official value",""
"TCL","Crops and livestock products","356","India","5922","Export value","21691.06","Jojoba oil","2024","2024","1000 USD","977","A","Official value",""
"TCL","Crops and livestock products","356","India","5610","Import quantity","21439.04","Juice of citrus fruit n.e.c.","2022","2022","t","0.06","A","Official value",""
"TCL","Crops and livestock products","356","India","5622","Import value","21439.04","Juice of citrus fruit n.e.c.","2022","2022","1000 USD","3","A","Official value",""
"TCL","Crops and livestock products","356","India","5910","Export quantity","21439.04","Juice of citrus fruit n.e.c.","2022","2022","t","841.34","A","Official value",""
"TCL","Crops and livestock products","356","India","5922","Export value","21439.04","Juice of citrus fruit n.e.c.","2022","2022","1000 USD","977","A","Official value",""
"TCL","Crops and livestock products","356","India","5610","Import quantity","21439.04","Juice of citrus fruit n.e.c.","2023","2023","t","94.48","A","Official value",""
"TCL","Crops and livestock products","356","India","5622","Import value","21439.04","Juice of citrus fruit n.e.c.","2023","2023","1000 USD","112","A","Official value",""
"TCL","Crops and livestock products","356","India","5910","Export quantity","21439.04","Juice of citrus fruit n.e.c.","2023","2023","t","1107.68","A","Official value",""
"TCL","Crops and livestock products","356","India","5922","Export value","21439.04","Juice of citrus fruit n.e.c.","2023","2023","1000 USD","1332","A","Official value",""
"TCL","Crops and livestock products","356","India","5610","Import quantity","21439.04","Juice of citrus fruit n.e.c.","2024","2024","t","19.34","A","Official value",""
"TCL","Crops and livestock products","356","India","5622","Import value","21439.04","Juice of citrus fruit n.e.c.","2024","2024","1000 USD","18","A","Official value",""
"TCL","Crops and livestock products","356","India","5910","Export quantity","21439.04","Juice of citrus fruit n.e.c.","2024","2024","t","1235.11","A","Official value",""
"TCL","Crops and livestock products","356","India","5922","Export value","21439.04","Juice of citrus fruit n.e.c.","2024","2024","1000 USD","1437","A","Official value",""
"TCL","Crops and livestock products","356","India","5610","Import quantity","21439.90","Juice of fruits n.e.c.","2022","2022","t","5592.71","A","Official value",""
"TCL","Crops and livestock products","356","India","5622","Import value","21439.90","Juice of fruits n.e.c.","2022","2022","1000 USD","13448","A","Official value",""
"TCL","Crops and livestock products","356","India","5910","Export quantity","21439.90","Juice of fruits n.e.c.","2022","2022","t","4632.51","A","Official value",""
"TCL","Crops and livestock products","356","India","5922","Export value","21439.90","Juice of fruits n.e.c.","2022","2022","1000 USD","12740","A","Official value",""
"TCL","Crops and livestock products","356","India","5610","Import quantity","21439.90","Juice of fruits n.e.c.","2023","2023","t","6529.71","A","Official value",""
"TCL","Crops and livestock products","356","India","5622","Import value","21439.90","Juice of fruits n.e.c.","2023","2023","1000 USD","14468","A","Official value",""
"TCL","Crops and livestock products","356","India","5910","Export quantity","21439.90","Juice of fruits n.e.c.","2023","2023","t","7447.77","A","Official value",""
"TCL","Crops and livestock products","356","India","5922","Export value","21439.90","Juice of fruits n.e.c.","2023","2023","1000 USD","16884","A","Official value",""
"TCL","Crops and livestock products","356","India","5610","Import quantity","21439.90","Juice of fruits n.e.c.","2024","2024","t","5826.82","A","Official value",""
"TCL","Crops and livestock products","356","India","5622","Import value","21439.90","Juice of fruits n.e.c.","2024","2024","1000 USD","12909","A","Official value",""
"TCL","Crops and livestock products","356","India","5910","Export quantity","21439.90","Juice of fruits n.e.c.","2024","2024","t","10419.29","A","Official value",""
"TCL","Crops and livestock products","356","India","5922","Export value","21439.90","Juice of fruits n.e.c.","2024","2024","1000 USD","20883","A","Official value",""
"TCL","Crops and livestock products","356","India","5610","Import quantity","21433.01","Juice of pineapples, concentrated","2022","2022","t","440.62","A","Official value",""
"TCL","Crops and livestock products","356","India","5622","Import value","21433.01","Juice of pineapples, concentrated","2022","2022","1000 USD","1046","A","Official value",""
"TCL","Crops and livestock products","356","India","5910","Export quantity","21433.01","Juice of pineapples, concentrated","2022","2022","t","65.81","A","Official value",""
"TCL","Crops and livestock products","356","India","5922","Export value","21433.01","Juice of pineapples, concentrated","2022","2022","1000 USD","83","A","Official value",""
"TCL","Crops and livestock products","356","India","5610","Import quantity","21433.01","Juice of pineapples, concentrated","2023","2023","t","399.02","A","Official value",""
"TCL","Crops and livestock products","356","India","5622","Import value","21433.01","Juice of pineapples, concentrated","2023","2023","1000 USD","911","A","Official value",""
"TCL","Crops and livestock products","356","India","5910","Export quantity","21433.01","Juice of pineapples, concentrated","2023","2023","t","11.64","A","Official value",""
"TCL","Crops and livestock products","356","India","5922","Export value","21433.01","Juice of pineapples, concentrated","2023","2023","1000 USD","15","A","Official value",""
"TCL","Crops and livestock products","356","India","5610","Import quantity","21433.01","Juice of pineapples, concentrated","2024","2024","t","362.07","A","Official value",""
"TCL","Crops and livestock products","356","India","5622","Import value","21433.01","Juice of pineapples, concentrated","2024","2024","1000 USD","908","A","Official value",""
"TCL","Crops and livestock products","356","India","5910","Export quantity","21433.01","Juice of pineapples, concentrated","2024","2024","t","9.48","A","Official value",""
"TCL","Crops and livestock products","356","India","5922","Export value","21433.01","Juice of pineapples, concentrated","2024","2024","1000 USD","32","A","Official value",""
"TCL","Crops and livestock products","356","India","5610","Import quantity","01922.01","Jute, raw or retted","2022","2022","t","105673.98","A","Official value",""
"TCL","Crops and livestock products","356","India","5622","Import value","01922.01","Jute, raw or retted","2022","2022","1000 USD","96194","A","Official value",""
"TCL","Crops and livestock products","356","India","5910","Export quantity","01922.01","Jute, raw or retted","2022","2022","t","32124.05","I","Value imputed by a receiving agency",""
"TCL","Crops and livestock products","356","India","5922","Export value","01922.01","Jute, raw or retted","2022","2022","1000 USD","26629","A","Official value",""
"TCL","Crops and livestock products","356","India","5610","Import quantity","01922.01","Jute, raw or retted","2023","2023","t","137945.17","A","Official value",""
"TCL","Crops and livestock products","356","India","5622","Import value","01922.01","Jute, raw or retted","2023","2023","1000 USD","93696","A","Official value",""
"TCL","Crops and livestock products","356","India","5910","Export quantity","01922.01","Jute, raw or retted","2023","2023","t","25786.31","A","Official value",""
"TCL","Crops and livestock products","356","India","5922","Export value","01922.01","Jute, raw or retted","2023","2023","1000 USD","16586","A","Official value",""
"TCL","Crops and livestock products","356","India","5610","Import quantity","01922.01","Jute, raw or retted","2024","2024","t","129522.13","A","Official value",""
"TCL","Crops and livestock products","356","India","5622","Import value","01922.01","Jute, raw or retted","2024","2024","1000 USD","87437","A","Official value",""
"TCL","Crops and livestock products","356","India","5910","Export quantity","01922.01","Jute, raw or retted","2024","2024","t","21244.37","A","Official value",""
"TCL","Crops and livestock products","356","India","5922","Export value","01922.01","Jute, raw or retted","2024","2024","1000 USD","14347","A","Official value",""
"TCL","Crops and livestock products","356","India","5610","Import quantity","01352","Kiwi fruit","2022","2022","t","45935.79","A","Official value",""
"TCL","Crops and livestock products","356","India","5622","Import value","01352","Kiwi fruit","2022","2022","1000 USD","63051","A","Official value",""
"TCL","Crops and livestock products","356","India","5910","Export quantity","01352","Kiwi fruit","2022","2022","t","134","A","Official value",""
"TCL","Crops and livestock products","356","India","5922","Export value","01352","Kiwi fruit","2022","2022","1000 USD","169","A","Official value",""
"TCL","Crops and livestock products","356","India","5610","Import quantity","01352","Kiwi fruit","2023","2023","t","49167.06","A","Official value",""
"TCL","Crops and livestock products","356","India","5622","Import value","01352","Kiwi fruit","2023","2023","1000 USD","61303","A","Official value",""
"TCL","Crops and livestock products","356","India","5910","Export quantity","01352","Kiwi fruit","2023","2023","t","527.95","A","Official value",""
"TCL","Crops and livestock products","356","India","5922","Export value","01352","Kiwi fruit","2023","2023","1000 USD","356","A","Official value",""
"TCL","Crops and livestock products","356","India","5610","Import quantity","01352","Kiwi fruit","2024","2024","t","49143.07","A","Official value",""
"TCL","Crops and livestock products","356","India","5622","Import value","01352","Kiwi fruit","2024","2024","1000 USD","60509","A","Official value",""
"TCL","Crops and livestock products","356","India","5910","Export quantity","01352","Kiwi fruit","2024","2024","t","56.49","I","Value imputed by a receiving agency",""
"TCL","Crops and livestock products","356","India","5922","Export value","01352","Kiwi fruit","2024","2024","1000 USD","118","A","Official value",""
"TCL","Crops and livestock products","356","India","5610","Import quantity","01379.02","Kola nuts","2022","2022","t","9.6","A","Official value",""
"TCL","Crops and livestock products","356","India","5622","Import value","01379.02","Kola nuts","2022","2022","1000 USD","131","A","Official value",""
"TCL","Crops and livestock products","356","India","5910","Export quantity","01379.02","Kola nuts","2022","2022","t","4","A","Official value",""
"TCL","Crops and livestock products","356","India","5922","Export value","01379.02","Kola nuts","2022","2022","1000 USD","4","A","Official value",""
"TCL","Crops and livestock products","356","India","5610","Import quantity","01379.02","Kola nuts","2023","2023","t","9.6","A","Official value",""
"TCL","Crops and livestock products","356","India","5622","Import value","01379.02","Kola nuts","2023","2023","1000 USD","134","A","Official value",""
"TCL","Crops and livestock products","356","India","5910","Export quantity","01379.02","Kola nuts","2023","2023","t","0.4","A","Official value",""
"TCL","Crops and livestock products","356","India","5922","Export value","01379.02","Kola nuts","2023","2023","1000 USD","0","A","Official value",""
"TCL","Crops and livestock products","356","India","5610","Import quantity","23210.06","Lactose","2022","2022","t","41899.02","A","Official value",""
"TCL","Crops and livestock products","356","India","5622","Import value","23210.06","Lactose","2022","2022","1000 USD","87359","A","Official value",""
"TCL","Crops and livestock products","356","India","5910","Export quantity","23210.06","Lactose","2022","2022","t","1393.89","I","Value imputed by a receiving agency",""
"TCL","Crops and livestock products","356","India","5922","Export value","23210.06","Lactose","2022","2022","1000 USD","4493","A","Official value",""
"TCL","Crops and livestock products","356","India","5610","Import quantity","23210.06","Lactose","2023","2023","t","67585.11","I","Value imputed by a receiving agency",""
"TCL","Crops and livestock products","356","India","5622","Import value","23210.06","Lactose","2023","2023","1000 USD","129794","A","Official value",""
"TCL","Crops and livestock products","356","India","5910","Export quantity","23210.06","Lactose","2023","2023","t","3138.99","A","Official value",""
"TCL","Crops and livestock products","356","India","5922","Export value","23210.06","Lactose","2023","2023","1000 USD","9703","A","Official value",""
"TCL","Crops and livestock products","356","India","5610","Import quantity","23210.06","Lactose","2024","2024","t","68379.03","A","Official value",""
"TCL","Crops and livestock products","356","India","5622","Import value","23210.06","Lactose","2024","2024","1000 USD","110482","A","Official value",""
"TCL","Crops and livestock products","356","India","5910","Export quantity","23210.06","Lactose","2024","2024","t","3210.07","A","Official value",""
"TCL","Crops and livestock products","356","India","5922","Export value","23210.06","Lactose","2024","2024","1000 USD","7692","A","Official value",""
"TCL","Crops and livestock products","356","India","5610","Import quantity","F1217","Leather used & waste","2022","2022","t","1651.34","A","Official value",""
"TCL","Crops and livestock products","356","India","5622","Import value","F1217","Leather used & waste","2022","2022","1000 USD","849","A","Official value",""
"TCL","Crops and livestock products","356","India","5910","Export quantity","F1217","Leather used & waste","2022","2022","t","5.27","A","Official value",""
"TCL","Crops and livestock products","356","India","5922","Export value","F1217","Leather used & waste","2022","2022","1000 USD","19","A","Official value",""
"TCL","Crops and livestock products","356","India","5610","Import quantity","F1217","Leather used & waste","2023","2023","t","419.86","A","Official value",""
"TCL","Crops and livestock products","356","India","5622","Import value","F1217","Leather used & waste","2023","2023","1000 USD","170","A","Official value",""
"TCL","Crops and livestock products","356","India","5910","Export quantity","F1217","Leather used & waste","2023","2023","t","224.12","A","Official value",""
"TCL","Crops and livestock products","356","India","5922","Export value","F1217","Leather used & waste","2023","2023","1000 USD","112","A","Official value",""
"TCL","Crops and livestock products","356","India","5610","Import quantity","F1217","Leather used & waste","2024","2024","t","753.73","A","Official value",""
"TCL","Crops and livestock products","356","India","5622","Import value","F1217","Leather used & waste","2024","2024","1000 USD","508","A","Official value",""
"TCL","Crops and livestock products","356","India","5910","Export quantity","F1217","Leather used & waste","2024","2024","t","214.18","A","Official value",""
"TCL","Crops and livestock products","356","India","5922","Export value","F1217","Leather used & waste","2024","2024","1000 USD","77","A","Official value",""
"TCL","Crops and livestock products","356","India","5910","Export quantity","01254","Leeks and other alliaceous vegetables","2022","2022","t","52.76","A","Official value",""
"TCL","Crops and livestock products","356","India","5922","Export value","01254","Leeks and other alliaceous vegetables","2022","2022","1000 USD","22","A","Official value",""
"TCL","Crops and livestock products","356","India","5910","Export quantity","01254","Leeks and other alliaceous vegetables","2023","2023","t","55.14","A","Official value",""
"TCL","Crops and livestock products","356","India","5922","Export value","01254","Leeks and other alliaceous vegetables","2023","2023","1000 USD","13","A","Official value",""
"TCL","Crops and livestock products","356","India","5910","Export quantity","01254","Leeks and other alliaceous vegetables","2024","2024","t","25.99","A","Official value",""
"TCL","Crops and livestock products","356","India","5922","Export value","01254","Leeks and other alliaceous vegetables","2024","2024","1000 USD","42","A","Official value",""
"TCL","Crops and livestock products","356","India","5610","Import quantity","01322","Lemons and limes","2022","2022","t","476.58","A","Official value",""
"TCL","Crops and livestock products","356","India","5622","Import value","01322","Lemons and limes","2022","2022","1000 USD","222","A","Official value",""
"TCL","Crops and livestock products","356","India","5910","Export quantity","01322","Lemons and limes","2022","2022","t","12144.19","A","Official value",""
"TCL","Crops and livestock products","356","India","5922","Export value","01322","Lemons and limes","2022","2022","1000 USD","6202","A","Official value",""
"TCL","Crops and livestock products","356","India","5610","Import quantity","01322","Lemons and limes","2023","2023","t","146.44","A","Official value",""
"TCL","Crops and livestock products","356","India","5622","Import value","01322","Lemons and limes","2023","2023","1000 USD","90","A","Official value",""
"TCL","Crops and livestock products","356","India","5910","Export quantity","01322","Lemons and limes","2023","2023","t","10992.36","A","Official value",""
"TCL","Crops and livestock products","356","India","5922","Export value","01322","Lemons and limes","2023","2023","1000 USD","5022","A","Official value",""
"TCL","Crops and livestock products","356","India","5610","Import quantity","01322","Lemons and limes","2024","2024","t","400.9","A","Official value",""
"TCL","Crops and livestock products","356","India","5622","Import value","01322","Lemons and limes","2024","2024","1000 USD","216","A","Official value",""
"TCL","Crops and livestock products","356","India","5910","Export quantity","01322","Lemons and limes","2024","2024","t","7898.4","A","Official value",""
"TCL","Crops and livestock products","356","India","5922","Export value","01322","Lemons and limes","2024","2024","1000 USD","3214","A","Official value",""
"TCL","Crops and livestock products","356","India","5610","Import quantity","01704","Lentils, dry","2022","2022","t","656755.93","A","Official value",""
"TCL","Crops and livestock products","356","India","5622","Import value","01704","Lentils, dry","2022","2022","1000 USD","543421","A","Official value",""
"TCL","Crops and livestock products","356","India","5910","Export quantity","01704","Lentils, dry","2022","2022","t","64891.49","A","Official value",""
"TCL","Crops and livestock products","356","India","5922","Export value","01704","Lentils, dry","2022","2022","1000 USD","68845","A","Official value",""
"TCL","Crops and livestock products","356","India","5610","Import quantity","01704","Lentils, dry","2023","2023","t","1681197.35","A","Official value",""
"TCL","Crops and livestock products","356","India","5622","Import value","01704","Lentils, dry","2023","2023","1000 USD","1253096","A","Official value",""
"TCL","Crops and livestock products","356","India","5910","Export quantity","01704","Lentils, dry","2023","2023","t","155090.76","A","Official value",""
"TCL","Crops and livestock products","356","India","5922","Export value","01704","Lentils, dry","2023","2023","1000 USD","137621","A","Official value",""
"TCL","Crops and livestock products","356","India","5610","Import quantity","01704","Lentils, dry","2024","2024","t","1060260.18","A","Official value",""
"TCL","Crops and livestock products","356","India","5622","Import value","01704","Lentils, dry","2024","2024","1000 USD","811004","A","Official value",""
"TCL","Crops and livestock products","356","India","5910","Export quantity","01704","Lentils, dry","2024","2024","t","168505.33","A","Official value",""
"TCL","Crops and livestock products","356","India","5922","Export value","01704","Lentils, dry","2024","2024","1000 USD","148657","A","Official value",""
"TCL","Crops and livestock products","356","India","5910","Export quantity","01214","Lettuce and chicory","2022","2022","t","520.93","A","Official value",""
"TCL","Crops and livestock products","356","India","5922","Export value","01214","Lettuce and chicory","2022","2022","1000 USD","197","A","Official value",""
"TCL","Crops and livestock products","356","India","5610","Import quantity","01214","Lettuce and chicory","2023","2023","t","441.24","A","Official value",""
"TCL","Crops and livestock products","356","India","5622","Import value","01214","Lettuce and chicory","2023","2023","1000 USD","35","A","Official value",""
"TCL","Crops and livestock products","356","India","5910","Export quantity","01214","Lettuce and chicory","2023","2023","t","459.54","A","Official value",""
"TCL","Crops and livestock products","356","India","5922","Export value","01214","Lettuce and chicory","2023","2023","1000 USD","114","A","Official value",""
"TCL","Crops and livestock products","356","India","5610","Import quantity","01214","Lettuce and chicory","2024","2024","t","9.49","A","Official value",""
"TCL","Crops and livestock products","356","India","5622","Import value","01214","Lettuce and chicory","2024","2024","1000 USD","24","A","Official value",""
"TCL","Crops and livestock products","356","India","5910","Export quantity","01214","Lettuce and chicory","2024","2024","t","664.75","A","Official value",""
"TCL","Crops and livestock products","356","India","5922","Export value","01214","Lettuce and chicory","2024","2024","1000 USD","198","A","Official value",""
"TCL","Crops and livestock products","356","India","5610","Import quantity","01441","Linseed","2022","2022","t","40.09","A","Official value",""
"TCL","Crops and livestock products","356","India","5622","Import value","01441","Linseed","2022","2022","1000 USD","73","A","Official value",""
"TCL","Crops and livestock products","356","India","5910","Export quantity","01441","Linseed","2022","2022","t","13108.02","A","Official value",""
"TCL","Crops and livestock products","356","India","5922","Export value","01441","Linseed","2022","2022","1000 USD","21255","A","Official value",""
"TCL","Crops and livestock products","356","India","5610","Import quantity","01441","Linseed","2023","2023","t","78.34","A","Official value",""
"TCL","Crops and livestock products","356","India","5622","Import value","01441","Linseed","2023","2023","1000 USD","108","A","Official value",""
"TCL","Crops and livestock products","356","India","5910","Export quantity","01441","Linseed","2023","2023","t","14477.28","A","Official value",""
"TCL","Crops and livestock products","356","India","5922","Export value","01441","Linseed","2023","2023","1000 USD","16562","A","Official value",""
"TCL","Crops and livestock products","356","India","5610","Import quantity","01441","Linseed","2024","2024","t","8.06","A","Official value",""
"TCL","Crops and livestock products","356","India","5622","Import value","01441","Linseed","2024","2024","1000 USD","7","A","Official value",""
"TCL","Crops and livestock products","356","India","5910","Export quantity","01441","Linseed","2024","2024","t","18873.33","A","Official value",""
"TCL","Crops and livestock products","356","India","5922","Export value","01441","Linseed","2024","2024","1000 USD","21336","A","Official value",""
"TCL","Crops and livestock products","356","India","5610","Import quantity","23320","Lucerne (alfalfa) meal and pellets","2022","2022","t","51.04","A","Official value",""
"TCL","Crops and livestock products","356","India","5622","Import value","23320","Lucerne (alfalfa) meal and pellets","2022","2022","1000 USD","25","A","Official value",""
"TCL","Crops and livestock products","356","India","5910","Export quantity","23320","Lucerne (alfalfa) meal and pellets","2022","2022","t","20.68","A","Official value",""
"TCL","Crops and livestock products","356","India","5922","Export value","23320","Lucerne (alfalfa) meal and pellets","2022","2022","1000 USD","86","A","Official value",""
"TCL","Crops and livestock products","356","India","5610","Import quantity","23320","Lucerne (alfalfa) meal and pellets","2023","2023","t","27.6","A","Official value",""
"TCL","Crops and livestock products","356","India","5622","Import value","23320","Lucerne (alfalfa) meal and pellets","2023","2023","1000 USD","18","A","Official value",""
"TCL","Crops and livestock products","356","India","5910","Export quantity","23320","Lucerne (alfalfa) meal and pellets","2023","2023","t","82.72","A","Official value",""
"TCL","Crops and livestock products","356","India","5922","Export value","23320","Lucerne (alfalfa) meal and pellets","2023","2023","1000 USD","40","A","Official value",""
"TCL","Crops and livestock products","356","India","5610","Import quantity","23320","Lucerne (alfalfa) meal and pellets","2024","2024","t","52.22","A","Official value",""
"TCL","Crops and livestock products","356","India","5622","Import value","23320","Lucerne (alfalfa) meal and pellets","2024","2024","1000 USD","27","A","Official value",""
"TCL","Crops and livestock products","356","India","5910","Export quantity","23320","Lucerne (alfalfa) meal and pellets","2024","2024","t","12.5","A","Official value",""
"TCL","Crops and livestock products","356","India","5922","Export value","23320","Lucerne (alfalfa) meal and pellets","2024","2024","1000 USD","78","A","Official value",""
"TCL","Crops and livestock products","356","India","5610","Import quantity","0112","Maize (corn)","2022","2022","t","17359.1","A","Official value",""
"TCL","Crops and livestock products","356","India","5622","Import value","0112","Maize (corn)","2022","2022","1000 USD","11568","A","Official value",""
"TCL","Crops and livestock products","356","India","5910","Export quantity","0112","Maize (corn)","2022","2022","t","3486496.42","A","Official value",""
"TCL","Crops and livestock products","356","India","5922","Export value","0112","Maize (corn)","2022","2022","1000 USD","1118312","A","Official value",""
"TCL","Crops and livestock products","356","India","5610","Import quantity","0112","Maize (corn)","2023","2023","t","11138.12","A","Official value",""
"TCL","Crops and livestock products","356","India","5622","Import value","0112","Maize (corn)","2023","2023","1000 USD","8048","A","Official value",""
"TCL","Crops and livestock products","356","India","5910","Export quantity","0112","Maize (corn)","2023","2023","t","2311640.98","A","Official value",""
"TCL","Crops and livestock products","356","India","5922","Export value","0112","Maize (corn)","2023","2023","1000 USD","701052","A","Official value",""
"TCL","Crops and livestock products","356","India","5610","Import quantity","0112","Maize (corn)","2024","2024","t","895523.5","A","Official value",""
"TCL","Crops and livestock products","356","India","5622","Import value","0112","Maize (corn)","2024","2024","1000 USD","231197","A","Official value",""
"TCL","Crops and livestock products","356","India","5910","Export quantity","0112","Maize (corn)","2024","2024","t","501298.91","A","Official value",""
"TCL","Crops and livestock products","356","India","5922","Export value","0112","Maize (corn)","2024","2024","1000 USD","182977","A","Official value",""
"TCL","Crops and livestock products","356","India","5610","Import quantity","24320","Malt, whether or not roasted","2022","2022","t","12517.83","A","Official value",""
"TCL","Crops and livestock products","356","India","5622","Import value","24320","Malt, whether or not roasted","2022","2022","1000 USD","9803","A","Official value",""
"TCL","Crops and livestock products","356","India","5910","Export quantity","24320","Malt, whether or not roasted","2022","2022","t","22503.22","A","Official value",""
"TCL","Crops and livestock products","356","India","5922","Export value","24320","Malt, whether or not roasted","2022","2022","1000 USD","14409","A","Official value",""
"TCL","Crops and livestock products","356","India","5610","Import quantity","24320","Malt, whether or not roasted","2023","2023","t","5375.24","A","Official value",""
"TCL","Crops and livestock products","356","India","5622","Import value","24320","Malt, whether or not roasted","2023","2023","1000 USD","4967","A","Official value",""
"TCL","Crops and livestock products","356","India","5910","Export quantity","24320","Malt, whether or not roasted","2023","2023","t","19105.52","A","Official value",""
"TCL","Crops and livestock products","356","India","5922","Export value","24320","Malt, whether or not roasted","2023","2023","1000 USD","11624","A","Official value",""
"TCL","Crops and livestock products","356","India","5610","Import quantity","24320","Malt, whether or not roasted","2024","2024","t","3493.74","A","Official value",""
"TCL","Crops and livestock products","356","India","5622","Import value","24320","Malt, whether or not roasted","2024","2024","1000 USD","2989","A","Official value",""
"TCL","Crops and livestock products","356","India","5910","Export quantity","24320","Malt, whether or not roasted","2024","2024","t","22055.31","A","Official value",""
"TCL","Crops and livestock products","356","India","5922","Export value","24320","Malt, whether or not roasted","2024","2024","1000 USD","11039","A","Official value",""
"TCL","Crops and livestock products","356","India","5610","Import quantity","01316","Mangoes, guavas and mangosteens","2022","2022","t","404.86","A","Official value",""
"TCL","Crops and livestock products","356","India","5622","Import value","01316","Mangoes, guavas and mangosteens","2022","2022","1000 USD","750","A","Official value",""
"TCL","Crops and livestock products","356","India","5910","Export quantity","01316","Mangoes, guavas and mangosteens","2022","2022","t","171748.68","A","Official value",""
"TCL","Crops and livestock products","356","India","5922","Export value","01316","Mangoes, guavas and mangosteens","2022","2022","1000 USD","220198","A","Official value",""
"TCL","Crops and livestock products","356","India","5610","Import quantity","01316","Mangoes, guavas and mangosteens","2023","2023","t","373.12","A","Official value",""
"TCL","Crops and livestock products","356","India","5622","Import value","01316","Mangoes, guavas and mangosteens","2023","2023","1000 USD","1072","A","Official value",""
"TCL","Crops and livestock products","356","India","5910","Export quantity","01316","Mangoes, guavas and mangosteens","2023","2023","t","111759.37","A","Official value",""
"TCL","Crops and livestock products","356","India","5922","Export value","01316","Mangoes, guavas and mangosteens","2023","2023","1000 USD","154231","A","Official value",""
"TCL","Crops and livestock products","356","India","5610","Import quantity","01316","Mangoes, guavas and mangosteens","2024","2024","t","660.86","A","Official value",""
"TCL","Crops and livestock products","356","India","5622","Import value","01316","Mangoes, guavas and mangosteens","2024","2024","1000 USD","1615","A","Official value",""
"TCL","Crops and livestock products","356","India","5910","Export quantity","01316","Mangoes, guavas and mangosteens","2024","2024","t","107294.59","A","Official value",""
"TCL","Crops and livestock products","356","India","5922","Export value","01316","Mangoes, guavas and mangosteens","2024","2024","1000 USD","154388","A","Official value",""
"TCL","Crops and livestock products","356","India","5610","Import quantity","21700.02","Margarine and shortening","2022","2022","t","56.72","A","Official value",""
"TCL","Crops and livestock products","356","India","5622","Import value","21700.02","Margarine and shortening","2022","2022","1000 USD","297","A","Official value",""
"TCL","Crops and livestock products","356","India","5910","Export quantity","21700.02","Margarine and shortening","2022","2022","t","241.67","I","Value imputed by a receiving agency",""
"TCL","Crops and livestock products","356","India","5922","Export value","21700.02","Margarine and shortening","2022","2022","1000 USD","657","A","Official value",""
"TCL","Crops and livestock products","356","India","5610","Import quantity","21700.02","Margarine and shortening","2023","2023","t","30.49","A","Official value",""
"TCL","Crops and livestock products","356","India","5622","Import value","21700.02","Margarine and shortening","2023","2023","1000 USD","129","A","Official value",""
"TCL","Crops and livestock products","356","India","5910","Export quantity","21700.02","Margarine and shortening","2023","2023","t","337.06","A","Official value",""
"TCL","Crops and livestock products","356","India","5922","Export value","21700.02","Margarine and shortening","2023","2023","1000 USD","1483","A","Official value",""
"TCL","Crops and livestock products","356","India","5610","Import quantity","21700.02","Margarine and shortening","2024","2024","t","8.17","A","Official value",""
"TCL","Crops and livestock products","356","India","5622","Import value","21700.02","Margarine and shortening","2024","2024","1000 USD","19","A","Official value",""
"TCL","Crops and livestock products","356","India","5910","Export quantity","21700.02","Margarine and shortening","2024","2024","t","223.36","A","Official value",""
"TCL","Crops and livestock products","356","India","5922","Export value","21700.02","Margarine and shortening","2024","2024","1000 USD","482","A","Official value",""
"TCL","Crops and livestock products","356","India","5610","Import quantity","01630","Maté leaves","2022","2022","t","2.5","A","Official value",""
"TCL","Crops and livestock products","356","India","5622","Import value","01630","Maté leaves","2022","2022","1000 USD","25","A","Official value",""
"TCL","Crops and livestock products","356","India","5910","Export quantity","01630","Maté leaves","2022","2022","t","3.36","A","Official value",""
"TCL","Crops and livestock products","356","India","5922","Export value","01630","Maté leaves","2022","2022","1000 USD","9","A","Official value",""
"TCL","Crops and livestock products","356","India","5610","Import quantity","01630","Maté leaves","2023","2023","t","2.08","A","Official value",""
"TCL","Crops and livestock products","356","India","5622","Import value","01630","Maté leaves","2023","2023","1000 USD","6","A","Official value",""
"TCL","Crops and livestock products","356","India","5910","Export quantity","01630","Maté leaves","2023","2023","t","1.2","A","Official value",""
"TCL","Crops and livestock products","356","India","5922","Export value","01630","Maté leaves","2023","2023","1000 USD","13","A","Official value",""
"TCL","Crops and livestock products","356","India","5610","Import quantity","01630","Maté leaves","2024","2024","t","2.5","A","Official value",""
"TCL","Crops and livestock products","356","India","5622","Import value","01630","Maté leaves","2024","2024","1000 USD","7","A","Official value",""
"TCL","Crops and livestock products","356","India","5910","Export quantity","01630","Maté leaves","2024","2024","t","0.46","A","Official value",""
"TCL","Crops and livestock products","356","India","5922","Export value","01630","Maté leaves","2024","2024","1000 USD","7","A","Official value",""
"TCL","Crops and livestock products","356","India","5910","Export quantity","21190.01","Meat meal","2022","2022","t","699.88","A","Official value",""
"TCL","Crops and livestock products","356","India","5922","Export value","21190.01","Meat meal","2022","2022","1000 USD","872","A","Official value",""
"TCL","Crops and livestock products","356","India","5610","Import quantity","21190.01","Meat meal","2023","2023","t","64.99","A","Official value",""
"TCL","Crops and livestock products","356","India","5622","Import value","21190.01","Meat meal","2023","2023","1000 USD","76","A","Official value",""
"TCL","Crops and livestock products","356","India","5910","Export quantity","21190.01","Meat meal","2023","2023","t","451","A","Official value",""
"TCL","Crops and livestock products","356","India","5922","Export value","21190.01","Meat meal","2023","2023","1000 USD","425","A","Official value",""
"TCL","Crops and livestock products","356","India","5910","Export quantity","21190.01","Meat meal","2024","2024","t","1009.55","A","Official value",""
"TCL","Crops and livestock products","356","India","5922","Export value","21190.01","Meat meal","2024","2024","1000 USD","820","A","Official value",""
"TCL","Crops and livestock products","356","India","5910","Export quantity","21112","Meat of buffalo, fresh or chilled","2022","2022","t","1059966.32","A","Official value",""
"TCL","Crops and livestock products","356","India","5922","Export value","21112","Meat of buffalo, fresh or chilled","2022","2022","1000 USD","2949332","A","Official value",""
"TCL","Crops and livestock products","356","India","5910","Export quantity","21112","Meat of buffalo, fresh or chilled","2023","2023","t","1140026.76","A","Official value",""
"TCL","Crops and livestock products","356","India","5922","Export value","21112","Meat of buffalo, fresh or chilled","2023","2023","1000 USD","3306257","A","Official value",""
"TCL","Crops and livestock products","356","India","5910","Export quantity","21112","Meat of buffalo, fresh or chilled","2024","2024","t","1120337.41","A","Official value",""
"TCL","Crops and livestock products","356","India","5922","Export value","21112","Meat of buffalo, fresh or chilled","2024","2024","1000 USD","3616713","A","Official value",""
"TCL","Crops and livestock products","356","India","5910","Export quantity","21111.01","Meat of cattle with the bone, fresh or chilled","2022","2022","t","113.54","A","Official value",""
"TCL","Crops and livestock products","356","India","5922","Export value","21111.01","Meat of cattle with the bone, fresh or chilled","2022","2022","1000 USD","235","A","Official value",""
"TCL","Crops and livestock products","356","India","5910","Export quantity","21111.01","Meat of cattle with the bone, fresh or chilled","2023","2023","t","136.93","A","Official value",""
"TCL","Crops and livestock products","356","India","5922","Export value","21111.01","Meat of cattle with the bone, fresh or chilled","2023","2023","1000 USD","431","A","Official value",""
"TCL","Crops and livestock products","356","India","5910","Export quantity","21111.01","Meat of cattle with the bone, fresh or chilled","2024","2024","t","63.68","A","Official value",""
"TCL","Crops and livestock products","356","India","5922","Export value","21111.01","Meat of cattle with the bone, fresh or chilled","2024","2024","1000 USD","216","A","Official value",""
"TCL","Crops and livestock products","356","India","5610","Import quantity","21121","Meat of chickens, fresh or chilled","2022","2022","t","28.26","A","Official value",""
"TCL","Crops and livestock products","356","India","5622","Import value","21121","Meat of chickens, fresh or chilled","2022","2022","1000 USD","57","A","Official value",""
"TCL","Crops and livestock products","356","India","5910","Export quantity","21121","Meat of chickens, fresh or chilled","2022","2022","t","4751.51","A","Official value",""
"TCL","Crops and livestock products","356","India","5922","Export value","21121","Meat of chickens, fresh or chilled","2022","2022","1000 USD","9538","A","Official value",""
"TCL","Crops and livestock products","356","India","5610","Import quantity","21121","Meat of chickens, fresh or chilled","2023","2023","t","25.02","A","Official value",""
"TCL","Crops and livestock products","356","India","5622","Import value","21121","Meat of chickens, fresh or chilled","2023","2023","1000 USD","52","A","Official value",""
"TCL","Crops and livestock products","356","India","5910","Export quantity","21121","Meat of chickens, fresh or chilled","2023","2023","t","4685.91","A","Official value",""
"TCL","Crops and livestock products","356","India","5922","Export value","21121","Meat of chickens, fresh or chilled","2023","2023","1000 USD","7847","A","Official value",""
"TCL","Crops and livestock products","356","India","5610","Import quantity","21121","Meat of chickens, fresh or chilled","2024","2024","t","1.86","A","Official value",""
"TCL","Crops and livestock products","356","India","5622","Import value","21121","Meat of chickens, fresh or chilled","2024","2024","1000 USD","11","A","Official value",""
"TCL","Crops and livestock products","356","India","5910","Export quantity","21121","Meat of chickens, fresh or chilled","2024","2024","t","8073.74","A","Official value",""
"TCL","Crops and livestock products","356","India","5922","Export value","21121","Meat of chickens, fresh or chilled","2024","2024","1000 USD","14378","A","Official value",""
"TCL","Crops and livestock products","356","India","5610","Import quantity","21122","Meat of ducks, fresh or chilled","2022","2022","t","7.3","A","Official value",""
"TCL","Crops and livestock products","356","India","5622","Import value","21122","Meat of ducks, fresh or chilled","2022","2022","1000 USD","71","A","Official value",""
"TCL","Crops and livestock products","356","India","5610","Import quantity","21122","Meat of ducks, fresh or chilled","2023","2023","t","12.26","A","Official value",""
"TCL","Crops and livestock products","356","India","5622","Import value","21122","Meat of ducks, fresh or chilled","2023","2023","1000 USD","120","A","Official value",""
"TCL","Crops and livestock products","356","India","5910","Export quantity","21122","Meat of ducks, fresh or chilled","2023","2023","t","0.37","A","Official value",""
"TCL","Crops and livestock products","356","India","5922","Export value","21122","Meat of ducks, fresh or chilled","2023","2023","1000 USD","2","A","Official value",""
"TCL","Crops and livestock products","356","India","5610","Import quantity","21122","Meat of ducks, fresh or chilled","2024","2024","t","11.67","A","Official value",""
"TCL","Crops and livestock products","356","India","5622","Import value","21122","Meat of ducks, fresh or chilled","2024","2024","1000 USD","104","A","Official value",""
"TCL","Crops and livestock products","356","India","5910","Export quantity","21122","Meat of ducks, fresh or chilled","2024","2024","t","0.02","A","Official value",""
"TCL","Crops and livestock products","356","India","5922","Export value","21122","Meat of ducks, fresh or chilled","2024","2024","1000 USD","0","A","Official value",""
"TCL","Crops and livestock products","356","India","5910","Export quantity","21123","Meat of geese, fresh or chilled","2023","2023","t","2.2","A","Official value",""
"TCL","Crops and livestock products","356","India","5922","Export value","21123","Meat of geese, fresh or chilled","2023","2023","1000 USD","63","A","Official value",""
"TCL","Crops and livestock products","356","India","5910","Export quantity","21116","Meat of goat, fresh or chilled","2022","2022","t","183.5","A","Official value",""
"TCL","Crops and livestock products","356","India","5922","Export value","21116","Meat of goat, fresh or chilled","2022","2022","1000 USD","309","A","Official value",""
"TCL","Crops and livestock products","356","India","5610","Import quantity","21116","Meat of goat, fresh or chilled","2023","2023","t","0.53","A","Official value",""
"TCL","Crops and livestock products","356","India","5622","Import value","21116","Meat of goat, fresh or chilled","2023","2023","1000 USD","4","A","Official value",""
"TCL","Crops and livestock products","356","India","5910","Export quantity","21116","Meat of goat, fresh or chilled","2023","2023","t","358.8","A","Official value",""
"TCL","Crops and livestock products","356","India","5922","Export value","21116","Meat of goat, fresh or chilled","2023","2023","1000 USD","744","A","Official value",""
"TCL","Crops and livestock products","356","India","5610","Import quantity","21116","Meat of goat, fresh or chilled","2024","2024","t","0.51","A","Official value",""
"TCL","Crops and livestock products","356","India","5622","Import value","21116","Meat of goat, fresh or chilled","2024","2024","1000 USD","2","A","Official value",""
"TCL","Crops and livestock products","356","India","5910","Export quantity","21116","Meat of goat, fresh or chilled","2024","2024","t","179.88","A","Official value",""
"TCL","Crops and livestock products","356","India","5922","Export value","21116","Meat of goat, fresh or chilled","2024","2024","1000 USD","775","A","Official value",""
"TCL","Crops and livestock products","356","India","5910","Export quantity","21113.02","Meat of pig boneless, fresh or chilled","2022","2022","t","13.38","A","Official value",""
"TCL","Crops and livestock products","356","India","5922","Export value","21113.02","Meat of pig boneless, fresh or chilled","2022","2022","1000 USD","46","A","Official value",""
"TCL","Crops and livestock products","356","India","5610","Import quantity","21113.01","Meat of pig with the bone, fresh or chilled","2022","2022","t","695.84","A","Official value",""
"TCL","Crops and livestock products","356","India","5622","Import value","21113.01","Meat of pig with the bone, fresh or chilled","2022","2022","1000 USD","3197","A","Official value",""
"TCL","Crops and livestock products","356","India","5910","Export quantity","21113.01","Meat of pig with the bone, fresh or chilled","2022","2022","t","1212.72","A","Official value",""
"TCL","Crops and livestock products","356","India","5922","Export value","21113.01","Meat of pig with the bone, fresh or chilled","2022","2022","1000 USD","3702","A","Official value",""
"TCL","Crops and livestock products","356","India","5610","Import quantity","21113.01","Meat of pig with the bone, fresh or chilled","2023","2023","t","558.01","A","Official value",""
"TCL","Crops and livestock products","356","India","5622","Import value","21113.01","Meat of pig with the bone, fresh or chilled","2023","2023","1000 USD","2633","A","Official value",""
"TCL","Crops and livestock products","356","India","5610","Import quantity","21113.01","Meat of pig with the bone, fresh or chilled","2024","2024","t","957.92","A","Official value",""
"TCL","Crops and livestock products","356","India","5622","Import value","21113.01","Meat of pig with the bone, fresh or chilled","2024","2024","1000 USD","4191","A","Official value",""
"TCL","Crops and livestock products","356","India","5910","Export quantity","21113.01","Meat of pig with the bone, fresh or chilled","2024","2024","t","222.02","A","Official value",""
"TCL","Crops and livestock products","356","India","5922","Export value","21113.01","Meat of pig with the bone, fresh or chilled","2024","2024","1000 USD","797","A","Official value",""
"TCL","Crops and livestock products","356","India","5610","Import quantity","21115","Meat of sheep, fresh or chilled","2022","2022","t","129.41","A","Official value",""
"TCL","Crops and livestock products","356","India","5622","Import value","21115","Meat of sheep, fresh or chilled","2022","2022","1000 USD","1372","A","Official value",""
"TCL","Crops and livestock products","356","India","5910","Export quantity","21115","Meat of sheep, fresh or chilled","2022","2022","t","9191.44","A","Official value",""
"TCL","Crops and livestock products","356","India","5922","Export value","21115","Meat of sheep, fresh or chilled","2022","2022","1000 USD","64713","A","Official value",""
"TCL","Crops and livestock products","356","India","5610","Import quantity","21115","Meat of sheep, fresh or chilled","2023","2023","t","349.93","A","Official value",""
"TCL","Crops and livestock products","356","India","5622","Import value","21115","Meat of sheep, fresh or chilled","2023","2023","1000 USD","3104","A","Official value",""
"TCL","Crops and livestock products","356","India","5910","Export quantity","21115","Meat of sheep, fresh or chilled","2023","2023","t","9960.73","A","Official value",""
"TCL","Crops and livestock products","356","India","5922","Export value","21115","Meat of sheep, fresh or chilled","2023","2023","1000 USD","71978","A","Official value",""
"TCL","Crops and livestock products","356","India","5610","Import quantity","21115","Meat of sheep, fresh or chilled","2024","2024","t","304.81","A","Official value",""
"TCL","Crops and livestock products","356","India","5622","Import value","21115","Meat of sheep, fresh or chilled","2024","2024","1000 USD","2406","A","Official value",""
"TCL","Crops and livestock products","356","India","5910","Export quantity","21115","Meat of sheep, fresh or chilled","2024","2024","t","11049.67","A","Official value",""
"TCL","Crops and livestock products","356","India","5922","Export value","21115","Meat of sheep, fresh or chilled","2024","2024","1000 USD","79914","A","Official value",""
"TCL","Crops and livestock products","356","India","5610","Import quantity","21124","Meat of turkeys, fresh or chilled","2022","2022","t","149.6","A","Official value",""
"TCL","Crops and livestock products","356","India","5622","Import value","21124","Meat of turkeys, fresh or chilled","2022","2022","1000 USD","642","A","Official value",""
"TCL","Crops and livestock products","356","India","5610","Import quantity","21124","Meat of turkeys, fresh or chilled","2023","2023","t","167.04","A","Official value",""
"TCL","Crops and livestock products","356","India","5622","Import value","21124","Meat of turkeys, fresh or chilled","2023","2023","1000 USD","850","A","Official value",""
"TCL","Crops and livestock products","356","India","5910","Export quantity","21124","Meat of turkeys, fresh or chilled","2023","2023","t","0.01","A","Official value",""
"TCL","Crops and livestock products","356","India","5922","Export value","21124","Meat of turkeys, fresh or chilled","2023","2023","1000 USD","0","A","Official value",""
"TCL","Crops and livestock products","356","India","5610","Import quantity","21124","Meat of turkeys, fresh or chilled","2024","2024","t","145.17","A","Official value",""
"TCL","Crops and livestock products","356","India","5622","Import value","21124","Meat of turkeys, fresh or chilled","2024","2024","1000 USD","551","A","Official value",""
"TCL","Crops and livestock products","356","India","5910","Export quantity","21124","Meat of turkeys, fresh or chilled","2024","2024","t","0.29","A","Official value",""
"TCL","Crops and livestock products","356","India","5922","Export value","21124","Meat of turkeys, fresh or chilled","2024","2024","1000 USD","2","A","Official value",""
"TCL","Crops and livestock products","356","India","5610","Import quantity","F1172","Meat prepared n.e.c.","2022","2022","t","1.15","A","Official value",""
"TCL","Crops and livestock products","356","India","5622","Import value","F1172","Meat prepared n.e.c.","2022","2022","1000 USD","9","A","Official value",""
"TCL","Crops and livestock products","356","India","5910","Export quantity","F1172","Meat prepared n.e.c.","2023","2023","t","0.01","A","Official value",""
"TCL","Crops and livestock products","356","India","5922","Export value","F1172","Meat prepared n.e.c.","2023","2023","1000 USD","0","A","Official value",""
"TCL","Crops and livestock products","356","India","5910","Export quantity","F1172","Meat prepared n.e.c.","2024","2024","t","10.5","A","Official value",""
"TCL","Crops and livestock products","356","India","5922","Export value","F1172","Meat prepared n.e.c.","2024","2024","1000 USD","82","A","Official value",""
"TCL","Crops and livestock products","356","India","5610","Import quantity","01449.01","Melonseed","2022","2022","t","74425.83","A","Official value",""
"TCL","Crops and livestock products","356","India","5622","Import value","01449.01","Melonseed","2022","2022","1000 USD","65662","A","Official value",""
"TCL","Crops and livestock products","356","India","5910","Export quantity","01449.01","Melonseed","2022","2022","t","1046.68","A","Official value",""
"TCL","Crops and livestock products","356","India","5922","Export value","01449.01","Melonseed","2022","2022","1000 USD","12373","A","Official value",""
"TCL","Crops and livestock products","356","India","5610","Import quantity","01449.01","Melonseed","2023","2023","t","35455.46","A","Official value",""
"TCL","Crops and livestock products","356","India","5622","Import value","01449.01","Melonseed","2023","2023","1000 USD","85489","A","Official value",""
"TCL","Crops and livestock products","356","India","5910","Export quantity","01449.01","Melonseed","2023","2023","t","827.1","A","Official value",""
"TCL","Crops and livestock products","356","India","5922","Export value","01449.01","Melonseed","2023","2023","1000 USD","10489","A","Official value",""
"TCL","Crops and livestock products","356","India","5610","Import quantity","01449.01","Melonseed","2024","2024","t","86264.02","A","Official value",""
"TCL","Crops and livestock products","356","India","5622","Import value","01449.01","Melonseed","2024","2024","1000 USD","166261","A","Official value",""
"TCL","Crops and livestock products","356","India","5910","Export quantity","01449.01","Melonseed","2024","2024","t","1581.77","A","Official value",""
"TCL","Crops and livestock products","356","India","5922","Export value","01449.01","Melonseed","2024","2024","1000 USD","12861","A","Official value",""
"TCL","Crops and livestock products","356","India","5610","Import quantity","0118","Millet","2022","2022","t","329.01","A","Official value",""
"TCL","Crops and livestock products","356","India","5622","Import value","0118","Millet","2022","2022","1000 USD","156","A","Official value",""
"TCL","Crops and livestock products","356","India","5910","Export quantity","0118","Millet","2022","2022","t","100161.37","A","Official value",""
"TCL","Crops and livestock products","356","India","5922","Export value","0118","Millet","2022","2022","1000 USD","36615","A","Official value",""
"TCL","Crops and livestock products","356","India","5610","Import quantity","0118","Millet","2023","2023","t","217.47","A","Official value",""
"TCL","Crops and livestock products","356","India","5622","Import value","0118","Millet","2023","2023","1000 USD","177","A","Official value",""
"TCL","Crops and livestock products","356","India","5910","Export quantity","0118","Millet","2023","2023","t","103057.81","A","Official value",""
"TCL","Crops and livestock products","356","India","5922","Export value","0118","Millet","2023","2023","1000 USD","42934","A","Official value",""
"TCL","Crops and livestock products","356","India","5610","Import quantity","0118","Millet","2024","2024","t","1320.78","A","Official value",""
"TCL","Crops and livestock products","356","India","5622","Import value","0118","Millet","2024","2024","1000 USD","543","A","Official value",""
"TCL","Crops and livestock products","356","India","5910","Export quantity","0118","Millet","2024","2024","t","79567.63","A","Official value",""
"TCL","Crops and livestock products","356","India","5922","Export value","0118","Millet","2024","2024","1000 USD","38092","A","Official value",""
"TCL","Crops and livestock products","356","India","5610","Import quantity","23180","Mixes and doughs for the preparation of bakers' wares","2022","2022","t","1931.73","A","Official value",""
"TCL","Crops and livestock products","356","India","5622","Import value","23180","Mixes and doughs for the preparation of bakers' wares","2022","2022","1000 USD","4393","A","Official value",""
"TCL","Crops and livestock products","356","India","5910","Export quantity","23180","Mixes and doughs for the preparation of bakers' wares","2022","2022","t","7300.25","A","Official value",""
"TCL","Crops and livestock products","356","India","5922","Export value","23180","Mixes and doughs for the preparation of bakers' wares","2022","2022","1000 USD","11752","A","Official value",""
"TCL","Crops and livestock products","356","India","5610","Import quantity","23180","Mixes and doughs for the preparation of bakers' wares","2023","2023","t","2494.45","A","Official value",""
"TCL","Crops and livestock products","356","India","5622","Import value","23180","Mixes and doughs for the preparation of bakers' wares","2023","2023","1000 USD","5752","A","Official value",""
"TCL","Crops and livestock products","356","India","5910","Export quantity","23180","Mixes and doughs for the preparation of bakers' wares","2023","2023","t","9196.77","A","Official value",""
"TCL","Crops and livestock products","356","India","5922","Export value","23180","Mixes and doughs for the preparation of bakers' wares","2023","2023","1000 USD","14626","A","Official value",""
"TCL","Crops and livestock products","356","India","5610","Import quantity","23180","Mixes and doughs for the preparation of bakers' wares","2024","2024","t","2478.51","A","Official value",""
"TCL","Crops and livestock products","356","India","5622","Import value","23180","Mixes and doughs for the preparation of bakers' wares","2024","2024","1000 USD","5964","A","Official value",""
"TCL","Crops and livestock products","356","India","5910","Export quantity","23180","Mixes and doughs for the preparation of bakers' wares","2024","2024","t","8778.41","A","Official value",""
"TCL","Crops and livestock products","356","India","5922","Export value","23180","Mixes and doughs for the preparation of bakers' wares","2024","2024","1000 USD","14203","A","Official value",""
"TCL","Crops and livestock products","356","India","5610","Import quantity","23540","Molasses","2022","2022","t","5971.49","A","Official value",""
"TCL","Crops and livestock products","356","India","5622","Import value","23540","Molasses","2022","2022","1000 USD","672","A","Official value",""
"TCL","Crops and livestock products","356","India","5910","Export quantity","23540","Molasses","2022","2022","t","1675096.28","A","Official value",""
"TCL","Crops and livestock products","356","India","5922","Export value","23540","Molasses","2022","2022","1000 USD","265552","A","Official value",""
"TCL","Crops and livestock products","356","India","5610","Import quantity","23540","Molasses","2023","2023","t","9625.53","A","Official value",""
"TCL","Crops and livestock products","356","India","5622","Import value","23540","Molasses","2023","2023","1000 USD","1092","A","Official value",""
"TCL","Crops and livestock products","356","India","5910","Export quantity","23540","Molasses","2023","2023","t","1161463.9","A","Official value",""
"TCL","Crops and livestock products","356","India","5922","Export value","23540","Molasses","2023","2023","1000 USD","189622","A","Official value",""
"TCL","Crops and livestock products","356","India","5610","Import quantity","23540","Molasses","2024","2024","t","14346.25","A","Official value",""
"TCL","Crops and livestock products","356","India","5622","Import value","23540","Molasses","2024","2024","1000 USD","1685","A","Official value",""
"TCL","Crops and livestock products","356","India","5910","Export quantity","23540","Molasses","2024","2024","t","219137.09","A","Official value",""
"TCL","Crops and livestock products","356","India","5922","Export value","23540","Molasses","2024","2024","1000 USD","40163","A","Official value",""
"TCL","Crops and livestock products","356","India","5908","Export quantity","02133","Mules and hinnies","2024","2024","An","1","A","Official value",""
"TCL","Crops and livestock products","356","India","5922","Export value","02133","Mules and hinnies","2024","2024","1000 USD","0","A","Official value",""
"TCL","Crops and livestock products","356","India","5610","Import quantity","01270","Mushrooms and truffles","2022","2022","t","19.34","A","Official value",""
"TCL","Crops and livestock products","356","India","5622","Import value","01270","Mushrooms and truffles","2022","2022","1000 USD","80","A","Official value",""
"TCL","Crops and livestock products","356","India","5910","Export quantity","01270","Mushrooms and truffles","2022","2022","t","1250.25","A","Official value",""
"TCL","Crops and livestock products","356","India","5922","Export value","01270","Mushrooms and truffles","2022","2022","1000 USD","1757","A","Official value",""
"TCL","Crops and livestock products","356","India","5610","Import quantity","01270","Mushrooms and truffles","2023","2023","t","28.84","A","Official value",""
"TCL","Crops and livestock products","356","India","5622","Import value","01270","Mushrooms and truffles","2023","2023","1000 USD","98","A","Official value",""
"TCL","Crops and livestock products","356","India","5910","Export quantity","01270","Mushrooms and truffles","2023","2023","t","613.74","A","Official value",""
"TCL","Crops and livestock products","356","India","5922","Export value","01270","Mushrooms and truffles","2023","2023","1000 USD","619","A","Official value",""
"TCL","Crops and livestock products","356","India","5610","Import quantity","01270","Mushrooms and truffles","2024","2024","t","29.41","A","Official value",""
"TCL","Crops and livestock products","356","India","5622","Import value","01270","Mushrooms and truffles","2024","2024","1000 USD","123","A","Official value",""
"TCL","Crops and livestock products","356","India","5910","Export quantity","01270","Mushrooms and truffles","2024","2024","t","541.6","A","Official value",""
"TCL","Crops and livestock products","356","India","5922","Export value","01270","Mushrooms and truffles","2024","2024","1000 USD","724","A","Official value",""
"TCL","Crops and livestock products","356","India","5610","Import quantity","24212.01","Must of grape","2022","2022","t","2.13","A","Official value",""
"TCL","Crops and livestock products","356","India","5622","Import value","24212.01","Must of grape","2022","2022","1000 USD","2","A","Official value",""
"TCL","Crops and livestock products","356","India","5910","Export quantity","24212.01","Must of grape","2022","2022","t","0.03","A","Official value",""
"TCL","Crops and livestock products","356","India","5922","Export value","24212.01","Must of grape","2022","2022","1000 USD","2","A","Official value",""
"TCL","Crops and livestock products","356","India","5610","Import quantity","24212.01","Must of grape","2023","2023","t","0.25","A","Official value",""
"TCL","Crops and livestock products","356","India","5622","Import value","24212.01","Must of grape","2023","2023","1000 USD","0","A","Official value",""
"TCL","Crops and livestock products","356","India","5610","Import quantity","24212.01","Must of grape","2024","2024","t","34.6","A","Official value",""
"TCL","Crops and livestock products","356","India","5622","Import value","24212.01","Must of grape","2024","2024","1000 USD","32","A","Official value",""
"TCL","Crops and livestock products","356","India","5610","Import quantity","01442","Mustard seed","2022","2022","t","160.83","A","Official value",""
"TCL","Crops and livestock products","356","India","5622","Import value","01442","Mustard seed","2022","2022","1000 USD","203","A","Official value",""
"TCL","Crops and livestock products","356","India","5910","Export quantity","01442","Mustard seed","2022","2022","t","55443.79","A","Official value",""
"TCL","Crops and livestock products","356","India","5922","Export value","01442","Mustard seed","2022","2022","1000 USD","51134","A","Official value",""
"TCL","Crops and livestock products","356","India","5610","Import quantity","01442","Mustard seed","2023","2023","t","337.42","A","Official value",""
"TCL","Crops and livestock products","356","India","5622","Import value","01442","Mustard seed","2023","2023","1000 USD","384","A","Official value",""
"TCL","Crops and livestock products","356","India","5910","Export quantity","01442","Mustard seed","2023","2023","t","41887.65","A","Official value",""
"TCL","Crops and livestock products","356","India","5922","Export value","01442","Mustard seed","2023","2023","1000 USD","32229","A","Official value",""
"TCL","Crops and livestock products","356","India","5610","Import quantity","01442","Mustard seed","2024","2024","t","1758.52","A","Official value",""
"TCL","Crops and livestock products","356","India","5622","Import value","01442","Mustard seed","2024","2024","1000 USD","1833","A","Official value",""
"TCL","Crops and livestock products","356","India","5910","Export quantity","01442","Mustard seed","2024","2024","t","24274.77","A","Official value",""
"TCL","Crops and livestock products","356","India","5922","Export value","01442","Mustard seed","2024","2024","1000 USD","19969","A","Official value",""
"TCL","Crops and livestock products","356","India","5610","Import quantity","21641.02","Mustard seed oil, crude","2022","2022","t","85.54","A","Official value",""
"TCL","Crops and livestock products","356","India","5622","Import value","21641.02","Mustard seed oil, crude","2022","2022","1000 USD","204","A","Official value",""
"TCL","Crops and livestock products","356","India","5910","Export quantity","21641.02","Mustard seed oil, crude","2022","2022","t","5538.34","A","Official value",""
"TCL","Crops and livestock products","356","India","5922","Export value","21641.02","Mustard seed oil, crude","2022","2022","1000 USD","15193","A","Official value",""
"TCL","Crops and livestock products","356","India","5610","Import quantity","21641.02","Mustard seed oil, crude","2023","2023","t","15.57","A","Official value",""
"TCL","Crops and livestock products","356","India","5622","Import value","21641.02","Mustard seed oil, crude","2023","2023","1000 USD","35","A","Official value",""
"TCL","Crops and livestock products","356","India","5910","Export quantity","21641.02","Mustard seed oil, crude","2023","2023","t","7687.6","A","Official value",""
"TCL","Crops and livestock products","356","India","5922","Export value","21641.02","Mustard seed oil, crude","2023","2023","1000 USD","16983","A","Official value",""
"TCL","Crops and livestock products","356","India","5910","Export quantity","21641.02","Mustard seed oil, crude","2024","2024","t","8690.07","A","Official value",""
"TCL","Crops and livestock products","356","India","5922","Export value","21641.02","Mustard seed oil, crude","2024","2024","1000 USD","18161","A","Official value",""
"TCL","Crops and livestock products","356","India","5610","Import quantity","02910","Natural honey","2022","2022","t","1138.15","A","Official value",""
"TCL","Crops and livestock products","356","India","5622","Import value","02910","Natural honey","2022","2022","1000 USD","3805","A","Official value",""
"TCL","Crops and livestock products","356","India","5910","Export quantity","02910","Natural honey","2022","2022","t","86182.9","A","Official value",""
"TCL","Crops and livestock products","356","India","5922","Export value","02910","Natural honey","2022","2022","1000 USD","229261","A","Official value",""
"TCL","Crops and livestock products","356","India","5610","Import quantity","02910","Natural honey","2023","2023","t","522.46","A","Official value",""
"TCL","Crops and livestock products","356","India","5622","Import value","02910","Natural honey","2023","2023","1000 USD","2466","A","Official value",""
"TCL","Crops and livestock products","356","India","5910","Export quantity","02910","Natural honey","2023","2023","t","98273.45","A","Official value",""
"TCL","Crops and livestock products","356","India","5922","Export value","02910","Natural honey","2023","2023","1000 USD","170946","A","Official value",""
"TCL","Crops and livestock products","356","India","5610","Import quantity","02910","Natural honey","2024","2024","t","356.87","A","Official value",""
"TCL","Crops and livestock products","356","India","5622","Import value","02910","Natural honey","2024","2024","1000 USD","1881","A","Official value",""
"TCL","Crops and livestock products","356","India","5910","Export quantity","02910","Natural honey","2024","2024","t","94778.45","A","Official value",""
"TCL","Crops and livestock products","356","India","5922","Export value","02910","Natural honey","2024","2024","1000 USD","179776","A","Official value",""
"TCL","Crops and livestock products","356","India","5610","Import quantity","01950.02","Natural rubber in other forms","2022","2022","t","551240.66","A","Official value",""
"TCL","Crops and livestock products","356","India","5622","Import value","01950.02","Natural rubber in other forms","2022","2022","1000 USD","1035984","A","Official value",""
"TCL","Crops and livestock products","356","India","5910","Export quantity","01950.02","Natural rubber in other forms","2022","2022","t","1445.48","A","Official value",""
"TCL","Crops and livestock products","356","India","5922","Export value","01950.02","Natural rubber in other forms","2022","2022","1000 USD","3073","A","Official value",""
"TCL","Crops and livestock products","356","India","5610","Import quantity","01950.02","Natural rubber in other forms","2023","2023","t","470621.99","A","Official value",""
"TCL","Crops and livestock products","356","India","5622","Import value","01950.02","Natural rubber in other forms","2023","2023","1000 USD","702133","A","Official value",""
"TCL","Crops and livestock products","356","India","5910","Export quantity","01950.02","Natural rubber in other forms","2023","2023","t","3333.02","A","Official value",""
"TCL","Crops and livestock products","356","India","5922","Export value","01950.02","Natural rubber in other forms","2023","2023","1000 USD","5316","A","Official value",""
"TCL","Crops and livestock products","356","India","5610","Import quantity","01950.02","Natural rubber in other forms","2024","2024","t","570082.95","A","Official value",""
"TCL","Crops and livestock products","356","India","5622","Import value","01950.02","Natural rubber in other forms","2024","2024","1000 USD","1033670","A","Official value",""
"TCL","Crops and livestock products","356","India","5910","Export quantity","01950.02","Natural rubber in other forms","2024","2024","t","2993.27","A","Official value",""
"TCL","Crops and livestock products","356","India","5922","Export value","01950.02","Natural rubber in other forms","2024","2024","1000 USD","5175","A","Official value",""
"TCL","Crops and livestock products","356","India","5610","Import quantity","01950.01","Natural rubber in primary forms","2022","2022","t","8373.63","A","Official value",""
"TCL","Crops and livestock products","356","India","5622","Import value","01950.01","Natural rubber in primary forms","2022","2022","1000 USD","11791","A","Official value",""
"TCL","Crops and livestock products","356","India","5910","Export quantity","01950.01","Natural rubber in primary forms","2022","2022","t","1088.9","I","Value imputed by a receiving agency",""
"TCL","Crops and livestock products","356","India","5922","Export value","01950.01","Natural rubber in primary forms","2022","2022","1000 USD","1757","A","Official value",""
"TCL","Crops and livestock products","356","India","5610","Import quantity","01950.01","Natural rubber in primary forms","2023","2023","t","11084.73","A","Official value",""
"TCL","Crops and livestock products","356","India","5622","Import value","01950.01","Natural rubber in primary forms","2023","2023","1000 USD","12004","A","Official value",""
"TCL","Crops and livestock products","356","India","5910","Export quantity","01950.01","Natural rubber in primary forms","2023","2023","t","869.15","A","Official value",""
"TCL","Crops and livestock products","356","India","5922","Export value","01950.01","Natural rubber in primary forms","2023","2023","1000 USD","1236","A","Official value",""
"TCL","Crops and livestock products","356","India","5610","Import quantity","01950.01","Natural rubber in primary forms","2024","2024","t","7620.6","A","Official value",""
"TCL","Crops and livestock products","356","India","5622","Import value","01950.01","Natural rubber in primary forms","2024","2024","1000 USD","10810","A","Official value",""
"TCL","Crops and livestock products","356","India","5910","Export quantity","01950.01","Natural rubber in primary forms","2024","2024","t","1918.23","A","Official value",""
"TCL","Crops and livestock products","356","India","5922","Export value","01950.01","Natural rubber in primary forms","2024","2024","1000 USD","3119","A","Official value",""
"TCL","Crops and livestock products","356","India","5610","Import quantity","01653","Nutmeg, mace, cardamoms, raw","2022","2022","t","10964.2","A","Official value",""
"TCL","Crops and livestock products","356","India","5622","Import value","01653","Nutmeg, mace, cardamoms, raw","2022","2022","1000 USD","95613","A","Official value",""
"TCL","Crops and livestock products","356","India","5910","Export quantity","01653","Nutmeg, mace, cardamoms, raw","2022","2022","t","14664.1","A","Official value",""
"TCL","Crops and livestock products","356","India","5922","Export value","01653","Nutmeg, mace, cardamoms, raw","2022","2022","1000 USD","183099","A","Official value",""
"TCL","Crops and livestock products","356","India","5610","Import quantity","01653","Nutmeg, mace, cardamoms, raw","2023","2023","t","15140","A","Official value",""
"TCL","Crops and livestock products","356","India","5622","Import value","01653","Nutmeg, mace, cardamoms, raw","2023","2023","1000 USD","129831","A","Official value",""
"TCL","Crops and livestock products","356","India","5910","Export quantity","01653","Nutmeg, mace, cardamoms, raw","2023","2023","t","10905.91","A","Official value",""
"TCL","Crops and livestock products","356","India","5922","Export value","01653","Nutmeg, mace, cardamoms, raw","2023","2023","1000 USD","133670","A","Official value",""
"TCL","Crops and livestock products","356","India","5610","Import quantity","01653","Nutmeg, mace, cardamoms, raw","2024","2024","t","9160.85","A","Official value",""
"TCL","Crops and livestock products","356","India","5622","Import value","01653","Nutmeg, mace, cardamoms, raw","2024","2024","1000 USD","116352","A","Official value",""
"TCL","Crops and livestock products","356","India","5910","Export quantity","01653","Nutmeg, mace, cardamoms, raw","2024","2024","t","14357.38","A","Official value",""
"TCL","Crops and livestock products","356","India","5922","Export value","01653","Nutmeg, mace, cardamoms, raw","2024","2024","1000 USD","236174","A","Official value",""
"TCL","Crops and livestock products","356","India","5610","Import quantity","0117","Oats","2022","2022","t","50506.26","A","Official value",""
"TCL","Crops and livestock products","356","India","5622","Import value","0117","Oats","2022","2022","1000 USD","21942","A","Official value",""
"TCL","Crops and livestock products","356","India","5910","Export quantity","0117","Oats","2022","2022","t","347.24","A","Official value",""
"TCL","Crops and livestock products","356","India","5922","Export value","0117","Oats","2022","2022","1000 USD","189","A","Official value",""
"TCL","Crops and livestock products","356","India","5610","Import quantity","0117","Oats","2023","2023","t","47729.66","A","Official value",""
"TCL","Crops and livestock products","356","India","5622","Import value","0117","Oats","2023","2023","1000 USD","17805","A","Official value",""
"TCL","Crops and livestock products","356","India","5910","Export quantity","0117","Oats","2023","2023","t","361.29","A","Official value",""
"TCL","Crops and livestock products","356","India","5922","Export value","0117","Oats","2023","2023","1000 USD","326","A","Official value",""
"TCL","Crops and livestock products","356","India","5610","Import quantity","0117","Oats","2024","2024","t","31737.77","A","Official value",""
"TCL","Crops and livestock products","356","India","5622","Import value","0117","Oats","2024","2024","1000 USD","12909","A","Official value",""
"TCL","Crops and livestock products","356","India","5910","Export quantity","0117","Oats","2024","2024","t","864.39","A","Official value",""
"TCL","Crops and livestock products","356","India","5922","Export value","0117","Oats","2024","2024","1000 USD","575","A","Official value",""
"TCL","Crops and livestock products","356","India","5610","Import quantity","23140.07","Oats, rolled","2022","2022","t","38454.16","A","Official value",""
"TCL","Crops and livestock products","356","India","5622","Import value","23140.07","Oats, rolled","2022","2022","1000 USD","27522","A","Official value",""
"TCL","Crops and livestock products","356","India","5910","Export quantity","23140.07","Oats, rolled","2022","2022","t","1196.37","A","Official value",""
"TCL","Crops and livestock products","356","India","5922","Export value","23140.07","Oats, rolled","2022","2022","1000 USD","2020","A","Official value",""
"TCL","Crops and livestock products","356","India","5610","Import quantity","23140.07","Oats, rolled","2023","2023","t","49423.19","A","Official value",""
"TCL","Crops and livestock products","356","India","5622","Import value","23140.07","Oats, rolled","2023","2023","1000 USD","34179","A","Official value",""
"TCL","Crops and livestock products","356","India","5910","Export quantity","23140.07","Oats, rolled","2023","2023","t","1594.72","A","Official value",""
"TCL","Crops and livestock products","356","India","5922","Export value","23140.07","Oats, rolled","2023","2023","1000 USD","2837","A","Official value",""
"TCL","Crops and livestock products","356","India","5610","Import quantity","23140.07","Oats, rolled","2024","2024","t","66709.58","A","Official value",""
"TCL","Crops and livestock products","356","India","5622","Import value","23140.07","Oats, rolled","2024","2024","1000 USD","43102","A","Official value",""
"TCL","Crops and livestock products","356","India","5910","Export quantity","23140.07","Oats, rolled","2024","2024","t","2400.35","A","Official value",""
"TCL","Crops and livestock products","356","India","5922","Export value","23140.07","Oats, rolled","2024","2024","1000 USD","4667","A","Official value",""
"TCL","Crops and livestock products","356","India","5910","Export quantity","21170.93","Offals n.e.c. (excluding mammals), fresh, chilled or frozen","2022","2022","t","48.13","A","Official value",""
"TCL","Crops and livestock products","356","India","5922","Export value","21170.93","Offals n.e.c. (excluding mammals), fresh, chilled or frozen","2022","2022","1000 USD","176","A","Official value",""
"TCL","Crops and livestock products","356","India","5910","Export quantity","21170.93","Offals n.e.c. (excluding mammals), fresh, chilled or frozen","2023","2023","t","39.91","A","Official value",""
"TCL","Crops and livestock products","356","India","5922","Export value","21170.93","Offals n.e.c. (excluding mammals), fresh, chilled or frozen","2023","2023","1000 USD","167","A","Official value",""
"TCL","Crops and livestock products","356","India","5910","Export quantity","21170.93","Offals n.e.c. (excluding mammals), fresh, chilled or frozen","2024","2024","t","44.26","A","Official value",""
"TCL","Crops and livestock products","356","India","5922","Export value","21170.93","Offals n.e.c. (excluding mammals), fresh, chilled or frozen","2024","2024","1000 USD","212","A","Official value",""
"TCL","Crops and livestock products","356","India","5610","Import quantity","21691.04","Oil of castor beans","2022","2022","t","59.59","A","Official value",""
"TCL","Crops and livestock products","356","India","5622","Import value","21691.04","Oil of castor beans","2022","2022","1000 USD","749","A","Official value",""
"TCL","Crops and livestock products","356","India","5910","Export quantity","21691.04","Oil of castor beans","2022","2022","t","581575.37","A","Official value",""
"TCL","Crops and livestock products","356","India","5922","Export value","21691.04","Oil of castor beans","2022","2022","1000 USD","1090121","A","Official value",""
"TCL","Crops and livestock products","356","India","5610","Import quantity","21691.04","Oil of castor beans","2023","2023","t","189.48","A","Official value",""
"TCL","Crops and livestock products","356","India","5622","Import value","21691.04","Oil of castor beans","2023","2023","1000 USD","1078","A","Official value",""
"TCL","Crops and livestock products","356","India","5910","Export quantity","21691.04","Oil of castor beans","2023","2023","t","629846.27","A","Official value",""
"TCL","Crops and livestock products","356","India","5922","Export value","21691.04","Oil of castor beans","2023","2023","1000 USD","1009268","A","Official value",""
"TCL","Crops and livestock products","356","India","5610","Import quantity","21691.04","Oil of castor beans","2024","2024","t","66.76","A","Official value",""
"TCL","Crops and livestock products","356","India","5622","Import value","21691.04","Oil of castor beans","2024","2024","1000 USD","1031","A","Official value",""
"TCL","Crops and livestock products","356","India","5910","Export quantity","21691.04","Oil of castor beans","2024","2024","t","701613.8","A","Official value",""
"TCL","Crops and livestock products","356","India","5922","Export value","21691.04","Oil of castor beans","2024","2024","1000 USD","1041643","A","Official value",""
"TCL","Crops and livestock products","356","India","5610","Import quantity","21691.12","Oil of linseed","2022","2022","t","2579.96","A","Official value",""
"TCL","Crops and livestock products","356","India","5622","Import value","21691.12","Oil of linseed","2022","2022","1000 USD","6273","A","Official value",""
"TCL","Crops and livestock products","356","India","5910","Export quantity","21691.12","Oil of linseed","2022","2022","t","243.83","A","Official value",""
"TCL","Crops and livestock products","356","India","5922","Export value","21691.12","Oil of linseed","2022","2022","1000 USD","962","A","Official value",""
"TCL","Crops and livestock products","356","India","5610","Import quantity","21691.12","Oil of linseed","2023","2023","t","2194.3","A","Official value",""
"TCL","Crops and livestock products","356","India","5622","Import value","21691.12","Oil of linseed","2023","2023","1000 USD","3660","A","Official value",""
"TCL","Crops and livestock products","356","India","5910","Export quantity","21691.12","Oil of linseed","2023","2023","t","507.68","A","Official value",""
"TCL","Crops and livestock products","356","India","5922","Export value","21691.12","Oil of linseed","2023","2023","1000 USD","1484","A","Official value",""
"TCL","Crops and livestock products","356","India","5610","Import quantity","21691.12","Oil of linseed","2024","2024","t","1536.68","A","Official value",""
"TCL","Crops and livestock products","356","India","5622","Import value","21691.12","Oil of linseed","2024","2024","1000 USD","2036","A","Official value",""
"TCL","Crops and livestock products","356","India","5910","Export quantity","21691.12","Oil of linseed","2024","2024","t","811.09","A","Official value",""
"TCL","Crops and livestock products","356","India","5922","Export value","21691.12","Oil of linseed","2024","2024","1000 USD","2091","A","Official value",""
"TCL","Crops and livestock products","356","India","5610","Import quantity","21691.02","Oil of maize","2022","2022","t","160.6","A","Official value",""
"TCL","Crops and livestock products","356","India","5622","Import value","21691.02","Oil of maize","2022","2022","1000 USD","254","A","Official value",""
"TCL","Crops and livestock products","356","India","5910","Export quantity","21691.02","Oil of maize","2022","2022","t","51.34","A","Official value",""
"TCL","Crops and livestock products","356","India","5922","Export value","21691.02","Oil of maize","2022","2022","1000 USD","286","A","Official value",""
"TCL","Crops and livestock products","356","India","5610","Import quantity","21691.02","Oil of maize","2023","2023","t","3.76","A","Official value",""
"TCL","Crops and livestock products","356","India","5622","Import value","21691.02","Oil of maize","2023","2023","1000 USD","47","A","Official value",""
"TCL","Crops and livestock products","356","India","5910","Export quantity","21691.02","Oil of maize","2023","2023","t","328.27","A","Official value",""
"TCL","Crops and livestock products","356","India","5922","Export value","21691.02","Oil of maize","2023","2023","1000 USD","766","A","Official value",""
"TCL","Crops and livestock products","356","India","5610","Import quantity","21691.02","Oil of maize","2024","2024","t","32.99","A","Official value",""
"TCL","Crops and livestock products","356","India","5622","Import value","21691.02","Oil of maize","2024","2024","1000 USD","72","A","Official value",""
"TCL","Crops and livestock products","356","India","5910","Export quantity","21691.02","Oil of maize","2024","2024","t","368.5","A","Official value",""
"TCL","Crops and livestock products","356","India","5922","Export value","21691.02","Oil of maize","2024","2024","1000 USD","748","A","Official value",""
"TCL","Crops and livestock products","356","India","5610","Import quantity","21673","Oil of olive residues","2022","2022","t","3111.99","A","Official value",""
"TCL","Crops and livestock products","356","India","5622","Import value","21673","Oil of olive residues","2022","2022","1000 USD","7435","A","Official value",""
"TCL","Crops and livestock products","356","India","5910","Export quantity","21673","Oil of olive residues","2022","2022","t","2.05","A","Official value",""
"TCL","Crops and livestock products","356","India","5922","Export value","21673","Oil of olive residues","2022","2022","1000 USD","6","A","Official value",""
"TCL","Crops and livestock products","356","India","5610","Import quantity","21673","Oil of olive residues","2023","2023","t","3286.39","A","Official value",""
"TCL","Crops and livestock products","356","India","5622","Import value","21673","Oil of olive residues","2023","2023","1000 USD","9642","A","Official value",""
"TCL","Crops and livestock products","356","India","5910","Export quantity","21673","Oil of olive residues","2023","2023","t","2.76","A","Official value",""
"TCL","Crops and livestock products","356","India","5922","Export value","21673","Oil of olive residues","2023","2023","1000 USD","15","A","Official value",""
"TCL","Crops and livestock products","356","India","5610","Import quantity","21673","Oil of olive residues","2024","2024","t","1923.58","A","Official value",""
"TCL","Crops and livestock products","356","India","5622","Import value","21673","Oil of olive residues","2024","2024","1000 USD","6896","A","Official value",""
"TCL","Crops and livestock products","356","India","5910","Export quantity","21673","Oil of olive residues","2024","2024","t","23.19","A","Official value",""
"TCL","Crops and livestock products","356","India","5922","Export value","21673","Oil of olive residues","2024","2024","1000 USD","71","A","Official value",""
"TCL","Crops and livestock products","356","India","5610","Import quantity","21691.14","Oil of palm kernel","2022","2022","t","84767.66","A","Official value",""
"TCL","Crops and livestock products","356","India","5622","Import value","21691.14","Oil of palm kernel","2022","2022","1000 USD","137811","A","Official value",""
"TCL","Crops and livestock products","356","India","5910","Export quantity","21691.14","Oil of palm kernel","2022","2022","t","157.95","A","Official value",""
"TCL","Crops and livestock products","356","India","5922","Export value","21691.14","Oil of palm kernel","2022","2022","1000 USD","146","A","Official value",""
"TCL","Crops and livestock products","356","India","5610","Import quantity","21691.14","Oil of palm kernel","2023","2023","t","119704.88","A","Official value",""
"TCL","Crops and livestock products","356","India","5622","Import value","21691.14","Oil of palm kernel","2023","2023","1000 USD","119488","A","Official value",""
"TCL","Crops and livestock products","356","India","5910","Export quantity","21691.14","Oil of palm kernel","2023","2023","t","51.04","A","Official value",""
"TCL","Crops and livestock products","356","India","5922","Export value","21691.14","Oil of palm kernel","2023","2023","1000 USD","172","A","Official value",""
"TCL","Crops and livestock products","356","India","5610","Import quantity","21691.14","Oil of palm kernel","2024","2024","t","129037.66","A","Official value",""
"TCL","Crops and livestock products","356","India","5622","Import value","21691.14","Oil of palm kernel","2024","2024","1000 USD","153995","A","Official value",""
"TCL","Crops and livestock products","356","India","5910","Export quantity","21691.14","Oil of palm kernel","2024","2024","t","85.33","A","Official value",""
"TCL","Crops and livestock products","356","India","5922","Export value","21691.14","Oil of palm kernel","2024","2024","1000 USD","269","A","Official value",""
"TCL","Crops and livestock products","356","India","5610","Import quantity","21691.07","Oil of sesame seed","2022","2022","t","154.1","A","Official value",""
"TCL","Crops and livestock products","356","India","5622","Import value","21691.07","Oil of sesame seed","2022","2022","1000 USD","1501","A","Official value",""
"TCL","Crops and livestock products","356","India","5910","Export quantity","21691.07","Oil of sesame seed","2022","2022","t","10286.64","A","Official value",""
"TCL","Crops and livestock products","356","India","5922","Export value","21691.07","Oil of sesame seed","2022","2022","1000 USD","32014","A","Official value",""
"TCL","Crops and livestock products","356","India","5610","Import quantity","21691.07","Oil of sesame seed","2023","2023","t","1218.75","A","Official value",""
"TCL","Crops and livestock products","356","India","5622","Import value","21691.07","Oil of sesame seed","2023","2023","1000 USD","3857","A","Official value",""
"TCL","Crops and livestock products","356","India","5910","Export quantity","21691.07","Oil of sesame seed","2023","2023","t","10207.59","A","Official value",""
"TCL","Crops and livestock products","356","India","5922","Export value","21691.07","Oil of sesame seed","2023","2023","1000 USD","36980","A","Official value",""
"TCL","Crops and livestock products","356","India","5610","Import quantity","21691.07","Oil of sesame seed","2024","2024","t","1136.78","A","Official value",""
"TCL","Crops and livestock products","356","India","5622","Import value","21691.07","Oil of sesame seed","2024","2024","1000 USD","3294","A","Official value",""
"TCL","Crops and livestock products","356","India","5910","Export quantity","21691.07","Oil of sesame seed","2024","2024","t","11254.38","A","Official value",""
"TCL","Crops and livestock products","356","India","5922","Export value","21691.07","Oil of sesame seed","2024","2024","1000 USD","39041","A","Official value",""
"TCL","Crops and livestock products","356","India","5610","Import quantity","2167","Olive oil","2022","2022","t","53784.07","I","Value imputed by a receiving agency",""
"TCL","Crops and livestock products","356","India","5622","Import value","2167","Olive oil","2022","2022","1000 USD","275629","A","Official value",""
"TCL","Crops and livestock products","356","India","5910","Export quantity","2167","Olive oil","2022","2022","t","40.26","A","Official value",""
"TCL","Crops and livestock products","356","India","5922","Export value","2167","Olive oil","2022","2022","1000 USD","214","A","Official value",""
"TCL","Crops and livestock products","356","India","5610","Import quantity","2167","Olive oil","2023","2023","t","6569.95","A","Official value",""
"TCL","Crops and livestock products","356","India","5622","Import value","2167","Olive oil","2023","2023","1000 USD","44925","A","Official value",""
"TCL","Crops and livestock products","356","India","5910","Export quantity","2167","Olive oil","2023","2023","t","40.56","A","Official value",""
"TCL","Crops and livestock products","356","India","5922","Export value","2167","Olive oil","2023","2023","1000 USD","235","A","Official value",""
"TCL","Crops and livestock products","356","India","5610","Import quantity","2167","Olive oil","2024","2024","t","5539.88","A","Official value",""
"TCL","Crops and livestock products","356","India","5622","Import value","2167","Olive oil","2024","2024","1000 USD","51209","A","Official value",""
"TCL","Crops and livestock products","356","India","5910","Export quantity","2167","Olive oil","2024","2024","t","47.69","A","Official value",""
"TCL","Crops and livestock products","356","India","5922","Export value","2167","Olive oil","2024","2024","1000 USD","339","A","Official value",""
"TCL","Crops and livestock products","356","India","5610","Import quantity","01450","Olives","2022","2022","t","0.08","A","Official value",""
"TCL","Crops and livestock products","356","India","5622","Import value","01450","Olives","2022","2022","1000 USD","1","A","Official value",""
"TCL","Crops and livestock products","356","India","5910","Export quantity","01450","Olives","2022","2022","t","0.49","A","Official value",""
"TCL","Crops and livestock products","356","India","5922","Export value","01450","Olives","2022","2022","1000 USD","0","A","Official value",""
"TCL","Crops and livestock products","356","India","5610","Import quantity","01450","Olives","2023","2023","t","0.28","A","Official value",""
"TCL","Crops and livestock products","356","India","5622","Import value","01450","Olives","2023","2023","1000 USD","2","A","Official value",""
"TCL","Crops and livestock products","356","India","5610","Import quantity","01450","Olives","2024","2024","t","0.26","A","Official value",""
"TCL","Crops and livestock products","356","India","5622","Import value","01450","Olives","2024","2024","1000 USD","2","A","Official value",""
"TCL","Crops and livestock products","356","India","5910","Export quantity","01450","Olives","2024","2024","t","6.36","A","Official value",""
"TCL","Crops and livestock products","356","India","5922","Export value","01450","Olives","2024","2024","1000 USD","7","A","Official value",""
"TCL","Crops and livestock products","356","India","5610","Import quantity","F0262","Olives preserved","2022","2022","t","5079.63","A","Official value",""
"TCL","Crops and livestock products","356","India","5622","Import value","F0262","Olives preserved","2022","2022","1000 USD","8179","A","Official value",""
"TCL","Crops and livestock products","356","India","5910","Export quantity","F0262","Olives preserved","2022","2022","t","37.88","A","Official value",""
"TCL","Crops and livestock products","356","India","5922","Export value","F0262","Olives preserved","2022","2022","1000 USD","100","A","Official value",""
"TCL","Crops and livestock products","356","India","5610","Import quantity","F0262","Olives preserved","2023","2023","t","4496.71","A","Official value",""
"TCL","Crops and livestock products","356","India","5622","Import value","F0262","Olives preserved","2023","2023","1000 USD","7464","A","Official value",""
"TCL","Crops and livestock products","356","India","5910","Export quantity","F0262","Olives preserved","2023","2023","t","41.77","I","Value imputed by a receiving agency",""
"TCL","Crops and livestock products","356","India","5922","Export value","F0262","Olives preserved","2023","2023","1000 USD","96","A","Official value",""
"TCL","Crops and livestock products","356","India","5610","Import quantity","F0262","Olives preserved","2024","2024","t","5277.3","A","Official value",""
"TCL","Crops and livestock products","356","India","5622","Import value","F0262","Olives preserved","2024","2024","1000 USD","9478","A","Official value",""
"TCL","Crops and livestock products","356","India","5910","Export quantity","F0262","Olives preserved","2024","2024","t","14.92","I","Value imputed by a receiving agency",""
"TCL","Crops and livestock products","356","India","5922","Export value","F0262","Olives preserved","2024","2024","1000 USD","50","A","Official value",""
"TCL","Crops and livestock products","356","India","5610","Import quantity","01253.02","Onions and shallots, dry (excluding dehydrated)","2022","2022","t","1642.16","A","Official value",""
"TCL","Crops and livestock products","356","India","5622","Import value","01253.02","Onions and shallots, dry (excluding dehydrated)","2022","2022","1000 USD","813","A","Official value",""
"TCL","Crops and livestock products","356","India","5910","Export quantity","01253.02","Onions and shallots, dry (excluding dehydrated)","2022","2022","t","2124581.79","A","Official value",""
"TCL","Crops and livestock products","356","India","5922","Export value","01253.02","Onions and shallots, dry (excluding dehydrated)","2022","2022","1000 USD","524591","A","Official value",""
"TCL","Crops and livestock products","356","India","5610","Import quantity","01253.02","Onions and shallots, dry (excluding dehydrated)","2023","2023","t","20516.56","A","Official value",""
"TCL","Crops and livestock products","356","India","5622","Import value","01253.02","Onions and shallots, dry (excluding dehydrated)","2023","2023","1000 USD","10603","A","Official value",""
"TCL","Crops and livestock products","356","India","5910","Export quantity","01253.02","Onions and shallots, dry (excluding dehydrated)","2023","2023","t","2528574.43","A","Official value",""
"TCL","Crops and livestock products","356","India","5922","Export value","01253.02","Onions and shallots, dry (excluding dehydrated)","2023","2023","1000 USD","642745","A","Official value",""
"TCL","Crops and livestock products","356","India","5610","Import quantity","01253.02","Onions and shallots, dry (excluding dehydrated)","2024","2024","t","9406.18","A","Official value",""
"TCL","Crops and livestock products","356","India","5622","Import value","01253.02","Onions and shallots, dry (excluding dehydrated)","2024","2024","1000 USD","4961","A","Official value",""
"TCL","Crops and livestock products","356","India","5910","Export quantity","01253.02","Onions and shallots, dry (excluding dehydrated)","2024","2024","t","893708.93","A","Official value",""
"TCL","Crops and livestock products","356","India","5922","Export value","01253.02","Onions and shallots, dry (excluding dehydrated)","2024","2024","1000 USD","416066","A","Official value",""
"TCL","Crops and livestock products","356","India","5610","Import quantity","21431.01","Orange juice","2022","2022","t","8180.98","A","Official value",""
"TCL","Crops and livestock products","356","India","5622","Import value","21431.01","Orange juice","2022","2022","1000 USD","14224","A","Official value",""
"TCL","Crops and livestock products","356","India","5910","Export quantity","21431.01","Orange juice","2022","2022","t","90.52","A","Official value",""
"TCL","Crops and livestock products","356","India","5922","Export value","21431.01","Orange juice","2022","2022","1000 USD","70","A","Official value",""
"TCL","Crops and livestock products","356","India","5610","Import quantity","21431.01","Orange juice","2023","2023","t","11249.77","A","Official value",""
"TCL","Crops and livestock products","356","India","5622","Import value","21431.01","Orange juice","2023","2023","1000 USD","18353","A","Official value",""
"TCL","Crops and livestock products","356","India","5910","Export quantity","21431.01","Orange juice","2023","2023","t","275.01","A","Official value",""
"TCL","Crops and livestock products","356","India","5922","Export value","21431.01","Orange juice","2023","2023","1000 USD","411","A","Official value",""
"TCL","Crops and livestock products","356","India","5610","Import quantity","21431.01","Orange juice","2024","2024","t","8003.51","A","Official value",""
"TCL","Crops and livestock products","356","India","5622","Import value","21431.01","Orange juice","2024","2024","1000 USD","16423","A","Official value",""
"TCL","Crops and livestock products","356","India","5910","Export quantity","21431.01","Orange juice","2024","2024","t","465.6","A","Official value",""
"TCL","Crops and livestock products","356","India","5922","Export value","21431.01","Orange juice","2024","2024","1000 USD","879","A","Official value",""
"TCL","Crops and livestock products","356","India","5610","Import quantity","21431.02","Orange juice, concentrated","2022","2022","t","649.67","A","Official value",""
"TCL","Crops and livestock products","356","India","5622","Import value","21431.02","Orange juice, concentrated","2022","2022","1000 USD","1151","A","Official value",""
"TCL","Crops and livestock products","356","India","5910","Export quantity","21431.02","Orange juice, concentrated","2022","2022","t","4.22","I","Value imputed by a receiving agency",""
"TCL","Crops and livestock products","356","India","5922","Export value","21431.02","Orange juice, concentrated","2022","2022","1000 USD","13","A","Official value",""
"TCL","Crops and livestock products","356","India","5610","Import quantity","21431.02","Orange juice, concentrated","2023","2023","t","442.03","A","Official value",""
"TCL","Crops and livestock products","356","India","5622","Import value","21431.02","Orange juice, concentrated","2023","2023","1000 USD","1006","A","Official value",""
"TCL","Crops and livestock products","356","India","5910","Export quantity","21431.02","Orange juice, concentrated","2023","2023","t","60.93","A","Official value",""
"TCL","Crops and livestock products","356","India","5922","Export value","21431.02","Orange juice, concentrated","2023","2023","1000 USD","55","A","Official value",""
"TCL","Crops and livestock products","356","India","5610","Import quantity","21431.02","Orange juice, concentrated","2024","2024","t","518.36","A","Official value",""
"TCL","Crops and livestock products","356","India","5622","Import value","21431.02","Orange juice, concentrated","2024","2024","1000 USD","1952","A","Official value",""
"TCL","Crops and livestock products","356","India","5910","Export quantity","21431.02","Orange juice, concentrated","2024","2024","t","27.51","A","Official value",""
"TCL","Crops and livestock products","356","India","5922","Export value","21431.02","Orange juice, concentrated","2024","2024","1000 USD","118","A","Official value",""
"TCL","Crops and livestock products","356","India","5610","Import quantity","01323","Oranges","2022","2022","t","123653.51","A","Official value",""
"TCL","Crops and livestock products","356","India","5622","Import value","01323","Oranges","2022","2022","1000 USD","67570","A","Official value",""
"TCL","Crops and livestock products","356","India","5910","Export quantity","01323","Oranges","2022","2022","t","89076.81","A","Official value",""
"TCL","Crops and livestock products","356","India","5922","Export value","01323","Oranges","2022","2022","1000 USD","37954","A","Official value",""
"TCL","Crops and livestock products","356","India","5610","Import quantity","01323","Oranges","2023","2023","t","154112.55","A","Official value",""
"TCL","Crops and livestock products","356","India","5622","Import value","01323","Oranges","2023","2023","1000 USD","76610","A","Official value",""
"TCL","Crops and livestock products","356","India","5910","Export quantity","01323","Oranges","2023","2023","t","68179.53","A","Official value",""
"TCL","Crops and livestock products","356","India","5922","Export value","01323","Oranges","2023","2023","1000 USD","19229","A","Official value",""
"TCL","Crops and livestock products","356","India","5610","Import quantity","01323","Oranges","2024","2024","t","138463.6","A","Official value",""
"TCL","Crops and livestock products","356","India","5622","Import value","01323","Oranges","2024","2024","1000 USD","67216","A","Official value",""
"TCL","Crops and livestock products","356","India","5910","Export quantity","01323","Oranges","2024","2024","t","68322.71","A","Official value",""
"TCL","Crops and livestock products","356","India","5922","Export value","01323","Oranges","2024","2024","1000 USD","21323","A","Official value",""
"TCL","Crops and livestock products","356","India","5610","Import quantity","01241.90","Other beans, green","2022","2022","t","13.95","A","Official value",""
"TCL","Crops and livestock products","356","India","5622","Import value","01241.90","Other beans, green","2022","2022","1000 USD","8","A","Official value",""
"TCL","Crops and livestock products","356","India","5910","Export quantity","01241.90","Other beans, green","2022","2022","t","230.9","A","Official value",""
"TCL","Crops and livestock products","356","India","5922","Export value","01241.90","Other beans, green","2022","2022","1000 USD","191","A","Official value",""
"TCL","Crops and livestock products","356","India","5910","Export quantity","01241.90","Other beans, green","2023","2023","t","288.47","A","Official value",""
"TCL","Crops and livestock products","356","India","5922","Export value","01241.90","Other beans, green","2023","2023","1000 USD","249","A","Official value",""
"TCL","Crops and livestock products","356","India","5610","Import quantity","01241.90","Other beans, green","2024","2024","t","1.23","A","Official value",""
"TCL","Crops and livestock products","356","India","5622","Import value","01241.90","Other beans, green","2024","2024","1000 USD","1","A","Official value",""
"TCL","Crops and livestock products","356","India","5910","Export quantity","01241.90","Other beans, green","2024","2024","t","475.2","A","Official value",""
"TCL","Crops and livestock products","356","India","5922","Export value","01241.90","Other beans, green","2024","2024","1000 USD","344","A","Official value",""
"TCL","Crops and livestock products","356","India","5610","Import quantity","01329","Other citrus fruit, n.e.c.","2022","2022","t","27.81","A","Official value",""
"TCL","Crops and livestock products","356","India","5622","Import value","01329","Other citrus fruit, n.e.c.","2022","2022","1000 USD","14","A","Official value",""
"TCL","Crops and livestock products","356","India","5910","Export quantity","01329","Other citrus fruit, n.e.c.","2022","2022","t","6869.81","A","Official value",""
"TCL","Crops and livestock products","356","India","5922","Export value","01329","Other citrus fruit, n.e.c.","2022","2022","1000 USD","2667","A","Official value",""
"TCL","Crops and livestock products","356","India","5610","Import quantity","01329","Other citrus fruit, n.e.c.","2023","2023","t","0.3","A","Official value",""
"TCL","Crops and livestock products","356","India","5622","Import value","01329","Other citrus fruit, n.e.c.","2023","2023","1000 USD","3","A","Official value",""
"TCL","Crops and livestock products","356","India","5910","Export quantity","01329","Other citrus fruit, n.e.c.","2023","2023","t","2289.58","A","Official value",""
"TCL","Crops and livestock products","356","India","5922","Export value","01329","Other citrus fruit, n.e.c.","2023","2023","1000 USD","816","A","Official value",""
"TCL","Crops and livestock products","356","India","5610","Import quantity","01329","Other citrus fruit, n.e.c.","2024","2024","t","0.35","A","Official value",""
"TCL","Crops and livestock products","356","India","5622","Import value","01329","Other citrus fruit, n.e.c.","2024","2024","1000 USD","8","A","Official value",""
"TCL","Crops and livestock products","356","India","5910","Export quantity","01329","Other citrus fruit, n.e.c.","2024","2024","t","4872.18","A","Official value",""
"TCL","Crops and livestock products","356","India","5922","Export value","01329","Other citrus fruit, n.e.c.","2024","2024","1000 USD","1564","A","Official value",""
"TCL","Crops and livestock products","356","India","5610","Import quantity","01929.90","Other fibre crops, raw, n.e.c.","2022","2022","t","3520.34","A","Official value",""
"TCL","Crops and livestock products","356","India","5622","Import value","01929.90","Other fibre crops, raw, n.e.c.","2022","2022","1000 USD","7288","A","Official value",""
"TCL","Crops and livestock products","356","India","5910","Export quantity","01929.90","Other fibre crops, raw, n.e.c.","2022","2022","t","1237.46","I","Value imputed by a receiving agency",""
"TCL","Crops and livestock products","356","India","5922","Export value","01929.90","Other fibre crops, raw, n.e.c.","2022","2022","1000 USD","726","A","Official value",""
"TCL","Crops and livestock products","356","India","5610","Import quantity","01929.90","Other fibre crops, raw, n.e.c.","2023","2023","t","2224.75","A","Official value",""
"TCL","Crops and livestock products","356","India","5622","Import value","01929.90","Other fibre crops, raw, n.e.c.","2023","2023","1000 USD","4335","A","Official value",""
"TCL","Crops and livestock products","356","India","5910","Export quantity","01929.90","Other fibre crops, raw, n.e.c.","2023","2023","t","3005.21","A","Official value",""
"TCL","Crops and livestock products","356","India","5922","Export value","01929.90","Other fibre crops, raw, n.e.c.","2023","2023","1000 USD","837","A","Official value",""
"TCL","Crops and livestock products","356","India","5610","Import quantity","01929.90","Other fibre crops, raw, n.e.c.","2024","2024","t","2177.79","A","Official value",""
"TCL","Crops and livestock products","356","India","5622","Import value","01929.90","Other fibre crops, raw, n.e.c.","2024","2024","1000 USD","3753","A","Official value",""
"TCL","Crops and livestock products","356","India","5910","Export quantity","01929.90","Other fibre crops, raw, n.e.c.","2024","2024","t","2024.61","A","Official value",""
"TCL","Crops and livestock products","356","India","5922","Export value","01929.90","Other fibre crops, raw, n.e.c.","2024","2024","1000 USD","804","A","Official value",""
"TCL","Crops and livestock products","356","India","5610","Import quantity","01919.96","Other forage products, n.e.c.","2022","2022","t","3552.91","A","Official value",""
"TCL","Crops and livestock products","356","India","5622","Import value","01919.96","Other forage products, n.e.c.","2022","2022","1000 USD","1687","A","Official value",""
"TCL","Crops and livestock products","356","India","5910","Export quantity","01919.96","Other forage products, n.e.c.","2022","2022","t","0.01","A","Official value",""
"TCL","Crops and livestock products","356","India","5922","Export value","01919.96","Other forage products, n.e.c.","2022","2022","1000 USD","1","A","Official value",""
"TCL","Crops and livestock products","356","India","5610","Import quantity","01919.96","Other forage products, n.e.c.","2023","2023","t","1482.52","A","Official value",""
"TCL","Crops and livestock products","356","India","5622","Import value","01919.96","Other forage products, n.e.c.","2023","2023","1000 USD","588","A","Official value",""
"TCL","Crops and livestock products","356","India","5910","Export quantity","01919.96","Other forage products, n.e.c.","2023","2023","t","16.48","A","Official value",""
"TCL","Crops and livestock products","356","India","5922","Export value","01919.96","Other forage products, n.e.c.","2023","2023","1000 USD","8","A","Official value",""
"TCL","Crops and livestock products","356","India","5610","Import quantity","01919.96","Other forage products, n.e.c.","2024","2024","t","3061.96","A","Official value",""
"TCL","Crops and livestock products","356","India","5622","Import value","01919.96","Other forage products, n.e.c.","2024","2024","1000 USD","1345","A","Official value",""
"TCL","Crops and livestock products","356","India","5910","Export quantity","01919.96","Other forage products, n.e.c.","2024","2024","t","100.56","A","Official value",""
"TCL","Crops and livestock products","356","India","5922","Export value","01919.96","Other forage products, n.e.c.","2024","2024","1000 USD","63","A","Official value",""
"TCL","Crops and livestock products","356","India","5610","Import quantity","23210.03","Other fructose and syrup","2022","2022","t","2638.65","A","Official value",""
"TCL","Crops and livestock products","356","India","5622","Import value","23210.03","Other fructose and syrup","2022","2022","1000 USD","3113","A","Official value",""
"TCL","Crops and livestock products","356","India","5910","Export quantity","23210.03","Other fructose and syrup","2022","2022","t","4.62","A","Official value",""
"TCL","Crops and livestock products","356","India","5922","Export value","23210.03","Other fructose and syrup","2022","2022","1000 USD","12","A","Official value",""
"TCL","Crops and livestock products","356","India","5610","Import quantity","23210.03","Other fructose and syrup","2023","2023","t","3875.72","A","Official value",""
"TCL","Crops and livestock products","356","India","5622","Import value","23210.03","Other fructose and syrup","2023","2023","1000 USD","4832","A","Official value",""
"TCL","Crops and livestock products","356","India","5910","Export quantity","23210.03","Other fructose and syrup","2023","2023","t","0.75","A","Official value",""
"TCL","Crops and livestock products","356","India","5922","Export value","23210.03","Other fructose and syrup","2023","2023","1000 USD","13","A","Official value",""
"TCL","Crops and livestock products","356","India","5610","Import quantity","23210.03","Other fructose and syrup","2024","2024","t","4761.59","A","Official value",""
"TCL","Crops and livestock products","356","India","5622","Import value","23210.03","Other fructose and syrup","2024","2024","1000 USD","4557","A","Official value",""
"TCL","Crops and livestock products","356","India","5910","Export quantity","23210.03","Other fructose and syrup","2024","2024","t","6.36","A","Official value",""
"TCL","Crops and livestock products","356","India","5922","Export value","23210.03","Other fructose and syrup","2024","2024","1000 USD","19","A","Official value",""
"TCL","Crops and livestock products","356","India","5610","Import quantity","21419.99","Other fruit n.e.c., dried","2022","2022","t","920.56","A","Official value",""
"TCL","Crops and livestock products","356","India","5622","Import value","21419.99","Other fruit n.e.c., dried","2022","2022","1000 USD","3696","A","Official value",""
"TCL","Crops and livestock products","356","India","5910","Export quantity","21419.99","Other fruit n.e.c., dried","2022","2022","t","40227.7","A","Official value",""
"TCL","Crops and livestock products","356","India","5922","Export value","21419.99","Other fruit n.e.c., dried","2022","2022","1000 USD","32138","A","Official value",""
"TCL","Crops and livestock products","356","India","5610","Import quantity","21419.99","Other fruit n.e.c., dried","2023","2023","t","111.87","A","Official value",""
"TCL","Crops and livestock products","356","India","5622","Import value","21419.99","Other fruit n.e.c., dried","2023","2023","1000 USD","974","A","Official value",""
"TCL","Crops and livestock products","356","India","5910","Export quantity","21419.99","Other fruit n.e.c., dried","2023","2023","t","32590.41","A","Official value",""
"TCL","Crops and livestock products","356","India","5922","Export value","21419.99","Other fruit n.e.c., dried","2023","2023","1000 USD","27884","A","Official value",""
"TCL","Crops and livestock products","356","India","5610","Import quantity","21419.99","Other fruit n.e.c., dried","2024","2024","t","126.83","A","Official value",""
"TCL","Crops and livestock products","356","India","5622","Import value","21419.99","Other fruit n.e.c., dried","2024","2024","1000 USD","1926","A","Official value",""
"TCL","Crops and livestock products","356","India","5910","Export quantity","21419.99","Other fruit n.e.c., dried","2024","2024","t","45091.81","A","Official value",""
"TCL","Crops and livestock products","356","India","5922","Export value","21419.99","Other fruit n.e.c., dried","2024","2024","1000 USD","46730","A","Official value",""
"TCL","Crops and livestock products","356","India","5610","Import quantity","01359.90","Other fruits, n.e.c.","2022","2022","t","27830.66","A","Official value",""
"TCL","Crops and livestock products","356","India","5622","Import value","01359.90","Other fruits, n.e.c.","2022","2022","1000 USD","33841","A","Official value",""
"TCL","Crops and livestock products","356","India","5910","Export quantity","01359.90","Other fruits, n.e.c.","2022","2022","t","87949.84","A","Official value",""
"TCL","Crops and livestock products","356","India","5922","Export value","01359.90","Other fruits, n.e.c.","2022","2022","1000 USD","78086","A","Official value",""
"TCL","Crops and livestock products","356","India","5610","Import quantity","01359.90","Other fruits, n.e.c.","2023","2023","t","49462.43","A","Official value",""
"TCL","Crops and livestock products","356","India","5622","Import value","01359.90","Other fruits, n.e.c.","2023","2023","1000 USD","56799","A","Official value",""
"TCL","Crops and livestock products","356","India","5910","Export quantity","01359.90","Other fruits, n.e.c.","2023","2023","t","87168.54","A","Official value",""
"TCL","Crops and livestock products","356","India","5922","Export value","01359.90","Other fruits, n.e.c.","2023","2023","1000 USD","79076","A","Official value",""
"TCL","Crops and livestock products","356","India","5610","Import quantity","01359.90","Other fruits, n.e.c.","2024","2024","t","57062.06","A","Official value",""
"TCL","Crops and livestock products","356","India","5622","Import value","01359.90","Other fruits, n.e.c.","2024","2024","1000 USD","63134","A","Official value",""
"TCL","Crops and livestock products","356","India","5910","Export quantity","01359.90","Other fruits, n.e.c.","2024","2024","t","89657.14","A","Official value",""
"TCL","Crops and livestock products","356","India","5922","Export value","01359.90","Other fruits, n.e.c.","2024","2024","1000 USD","93079","A","Official value",""
"TCL","Crops and livestock products","356","India","5622","Import value","02199.10","Other live animals non food, n.e.c.","2022","2022","1000 USD","3743","A","Official value",""
"TCL","Crops and livestock products","356","India","5922","Export value","02199.10","Other live animals non food, n.e.c.","2022","2022","1000 USD","3","A","Official value",""
"TCL","Crops and livestock products","356","India","5622","Import value","02199.10","Other live animals non food, n.e.c.","2023","2023","1000 USD","6674","A","Official value",""
"TCL","Crops and livestock products","356","India","5922","Export value","02199.10","Other live animals non food, n.e.c.","2023","2023","1000 USD","5","A","Official value",""
"TCL","Crops and livestock products","356","India","5622","Import value","02199.10","Other live animals non food, n.e.c.","2024","2024","1000 USD","9303","A","Official value",""
"TCL","Crops and livestock products","356","India","5922","Export value","02199.10","Other live animals non food, n.e.c.","2024","2024","1000 USD","22","A","Official value",""
"TCL","Crops and livestock products","356","India","5622","Import value","02199.20","Other live animals, n.e.c.","2022","2022","1000 USD","4","A","Official value",""
"TCL","Crops and livestock products","356","India","5622","Import value","02199.20","Other live animals, n.e.c.","2023","2023","1000 USD","6","A","Official value",""
"TCL","Crops and livestock products","356","India","5922","Export value","02199.20","Other live animals, n.e.c.","2023","2023","1000 USD","3","A","Official value",""
"TCL","Crops and livestock products","356","India","5622","Import value","02199.20","Other live animals, n.e.c.","2024","2024","1000 USD","6","A","Official value",""
"TCL","Crops and livestock products","356","India","5610","Import quantity","25090","Other manufactured tobacco and manufactured tobacco substitutes; "homogenized" or "reconstituted" tobacco; tobacco extracts and essences","2022","2022","t","3275.64","A","Official value",""
"TCL","Crops and livestock products","356","India","5622","Import value","25090","Other manufactured tobacco and manufactured tobacco substitutes; "homogenized" or "reconstituted" tobacco; tobacco extracts and essences","2022","2022","1000 USD","41737","A","Official value",""
"TCL","Crops and livestock products","356","India","5910","Export quantity","25090","Other manufactured tobacco and manufactured tobacco substitutes; "homogenized" or "reconstituted" tobacco; tobacco extracts and essences","2022","2022","t","25409.31","A","Official value",""
"TCL","Crops and livestock products","356","India","5922","Export value","25090","Other manufactured tobacco and manufactured tobacco substitutes; "homogenized" or "reconstituted" tobacco; tobacco extracts and essences","2022","2022","1000 USD","298892","A","Official value",""
"TCL","Crops and livestock products","356","India","5610","Import quantity","25090","Other manufactured tobacco and manufactured tobacco substitutes; "homogenized" or "reconstituted" tobacco; tobacco extracts and essences","2023","2023","t","5214.07","A","Official value",""
"TCL","Crops and livestock products","356","India","5622","Import value","25090","Other manufactured tobacco and manufactured tobacco substitutes; "homogenized" or "reconstituted" tobacco; tobacco extracts and essences","2023","2023","1000 USD","31368","A","Official value",""
"TCL","Crops and livestock products","356","India","5910","Export quantity","25090","Other manufactured tobacco and manufactured tobacco substitutes; "homogenized" or "reconstituted" tobacco; tobacco extracts and essences","2023","2023","t","26619.51","A","Official value",""
"TCL","Crops and livestock products","356","India","5922","Export value","25090","Other manufactured tobacco and manufactured tobacco substitutes; "homogenized" or "reconstituted" tobacco; tobacco extracts and essences","2023","2023","1000 USD","276399","A","Official value",""
"TCL","Crops and livestock products","356","India","5610","Import quantity","25090","Other manufactured tobacco and manufactured tobacco substitutes; "homogenized" or "reconstituted" tobacco; tobacco extracts and essences","2024","2024","t","7166.19","A","Official value",""
"TCL","Crops and livestock products","356","India","5622","Import value","25090","Other manufactured tobacco and manufactured tobacco substitutes; "homogenized" or "reconstituted" tobacco; tobacco extracts and essences","2024","2024","1000 USD","68720","A","Official value",""
"TCL","Crops and livestock products","356","India","5910","Export quantity","25090","Other manufactured tobacco and manufactured tobacco substitutes; "homogenized" or "reconstituted" tobacco; tobacco extracts and essences","2024","2024","t","31985.19","A","Official value",""
"TCL","Crops and livestock products","356","India","5922","Export value","25090","Other manufactured tobacco and manufactured tobacco substitutes; "homogenized" or "reconstituted" tobacco; tobacco extracts and essences","2024","2024","1000 USD","354166","A","Official value",""
"TCL","Crops and livestock products","356","India","5910","Export quantity","21183","Other meat and edible meat offal, salted, in brine, dried or smoked; edible flours and meals of meat or meat offal","2022","2022","t","4.21","A","Official value",""
"TCL","Crops and livestock products","356","India","5922","Export value","21183","Other meat and edible meat offal, salted, in brine, dried or smoked; edible flours and meals of meat or meat offal","2022","2022","1000 USD","127","A","Official value",""
"TCL","Crops and livestock products","356","India","5910","Export quantity","21183","Other meat and edible meat offal, salted, in brine, dried or smoked; edible flours and meals of meat or meat offal","2023","2023","t","9.41","A","Official value",""
"TCL","Crops and livestock products","356","India","5922","Export value","21183","Other meat and edible meat offal, salted, in brine, dried or smoked; edible flours and meals of meat or meat offal","2023","2023","1000 USD","300","A","Official value",""
"TCL","Crops and livestock products","356","India","5910","Export quantity","21183","Other meat and edible meat offal, salted, in brine, dried or smoked; edible flours and meals of meat or meat offal","2024","2024","t","6.84","A","Official value",""
"TCL","Crops and livestock products","356","India","5922","Export value","21183","Other meat and edible meat offal, salted, in brine, dried or smoked; edible flours and meals of meat or meat offal","2024","2024","1000 USD","226","A","Official value",""
"TCL","Crops and livestock products","356","India","5610","Import quantity","24490","Other non-alcoholic caloric beverages","2022","2022","t","282386.54","I","Value imputed by a receiving agency",""
"TCL","Crops and livestock products","356","India","5622","Import value","24490","Other non-alcoholic caloric beverages","2022","2022","1000 USD","239950","A","Official value",""
"TCL","Crops and livestock products","356","India","5910","Export quantity","24490","Other non-alcoholic caloric beverages","2022","2022","t","24320.06","I","Value imputed by a receiving agency",""
"TCL","Crops and livestock products","356","India","5922","Export value","24490","Other non-alcoholic caloric beverages","2022","2022","1000 USD","44047","A","Official value",""
"TCL","Crops and livestock products","356","India","5610","Import quantity","24490","Other non-alcoholic caloric beverages","2023","2023","t","267329.24","A","Official value",""
"TCL","Crops and livestock products","356","India","5622","Import value","24490","Other non-alcoholic caloric beverages","2023","2023","1000 USD","228494","A","Official value",""
"TCL","Crops and livestock products","356","India","5910","Export quantity","24490","Other non-alcoholic caloric beverages","2023","2023","t","34088.49","A","Official value",""
"TCL","Crops and livestock products","356","India","5922","Export value","24490","Other non-alcoholic caloric beverages","2023","2023","1000 USD","60257","A","Official value",""
"TCL","Crops and livestock products","356","India","5610","Import quantity","24490","Other non-alcoholic caloric beverages","2024","2024","t","274768.37","A","Official value",""
"TCL","Crops and livestock products","356","India","5622","Import value","24490","Other non-alcoholic caloric beverages","2024","2024","1000 USD","226190","A","Official value",""
"TCL","Crops and livestock products","356","India","5910","Export quantity","24490","Other non-alcoholic caloric beverages","2024","2024","t","55134.95","A","Official value",""
"TCL","Crops and livestock products","356","India","5922","Export value","24490","Other non-alcoholic caloric beverages","2024","2024","1000 USD","87888","A","Official value",""
"TCL","Crops and livestock products","356","India","5610","Import quantity","01379.90","Other nuts (excluding wild edible nuts and groundnuts), in shell, n.e.c.","2022","2022","t","14.71","A","Official value",""
"TCL","Crops and livestock products","356","India","5622","Import value","01379.90","Other nuts (excluding wild edible nuts and groundnuts), in shell, n.e.c.","2022","2022","1000 USD","330","A","Official value",""
"TCL","Crops and livestock products","356","India","5910","Export quantity","01379.90","Other nuts (excluding wild edible nuts and groundnuts), in shell, n.e.c.","2022","2022","t","92.32","A","Official value",""
"TCL","Crops and livestock products","356","India","5922","Export value","01379.90","Other nuts (excluding wild edible nuts and groundnuts), in shell, n.e.c.","2022","2022","1000 USD","327","A","Official value",""
"TCL","Crops and livestock products","356","India","5610","Import quantity","01379.90","Other nuts (excluding wild edible nuts and groundnuts), in shell, n.e.c.","2023","2023","t","25.19","A","Official value",""
"TCL","Crops and livestock products","356","India","5622","Import value","01379.90","Other nuts (excluding wild edible nuts and groundnuts), in shell, n.e.c.","2023","2023","1000 USD","156","A","Official value",""
"TCL","Crops and livestock products","356","India","5910","Export quantity","01379.90","Other nuts (excluding wild edible nuts and groundnuts), in shell, n.e.c.","2023","2023","t","2.69","A","Official value",""
"TCL","Crops and livestock products","356","India","5922","Export value","01379.90","Other nuts (excluding wild edible nuts and groundnuts), in shell, n.e.c.","2023","2023","1000 USD","15","A","Official value",""
"TCL","Crops and livestock products","356","India","5610","Import quantity","01379.90","Other nuts (excluding wild edible nuts and groundnuts), in shell, n.e.c.","2024","2024","t","1.57","A","Official value",""
"TCL","Crops and livestock products","356","India","5622","Import value","01379.90","Other nuts (excluding wild edible nuts and groundnuts), in shell, n.e.c.","2024","2024","1000 USD","21","A","Official value",""
"TCL","Crops and livestock products","356","India","5910","Export quantity","01379.90","Other nuts (excluding wild edible nuts and groundnuts), in shell, n.e.c.","2024","2024","t","11.11","A","Official value",""
"TCL","Crops and livestock products","356","India","5922","Export value","01379.90","Other nuts (excluding wild edible nuts and groundnuts), in shell, n.e.c.","2024","2024","1000 USD","21","A","Official value",""
"TCL","Crops and livestock products","356","India","5610","Import quantity","21691.90","Other oil of vegetable origin, crude n.e.c.","2022","2022","t","123309.84","A","Official value",""
"TCL","Crops and livestock products","356","India","5622","Import value","21691.90","Other oil of vegetable origin, crude n.e.c.","2022","2022","1000 USD","169342","A","Official value",""
"TCL","Crops and livestock products","356","India","5910","Export quantity","21691.90","Other oil of vegetable origin, crude n.e.c.","2022","2022","t","26074.95","I","Value imputed by a receiving agency",""
"TCL","Crops and livestock products","356","India","5922","Export value","21691.90","Other oil of vegetable origin, crude n.e.c.","2022","2022","1000 USD","82936","A","Official value",""
"TCL","Crops and livestock products","356","India","5610","Import quantity","21691.90","Other oil of vegetable origin, crude n.e.c.","2023","2023","t","62047.15","A","Official value",""
"TCL","Crops and livestock products","356","India","5622","Import value","21691.90","Other oil of vegetable origin, crude n.e.c.","2023","2023","1000 USD","63472","A","Official value",""
"TCL","Crops and livestock products","356","India","5910","Export quantity","21691.90","Other oil of vegetable origin, crude n.e.c.","2023","2023","t","23302.62","A","Official value",""
"TCL","Crops and livestock products","356","India","5922","Export value","21691.90","Other oil of vegetable origin, crude n.e.c.","2023","2023","1000 USD","75114","A","Official value",""
"TCL","Crops and livestock products","356","India","5610","Import quantity","21691.90","Other oil of vegetable origin, crude n.e.c.","2024","2024","t","106255.68","A","Official value",""
"TCL","Crops and livestock products","356","India","5622","Import value","21691.90","Other oil of vegetable origin, crude n.e.c.","2024","2024","1000 USD","113443","A","Official value",""
"TCL","Crops and livestock products","356","India","5910","Export quantity","21691.90","Other oil of vegetable origin, crude n.e.c.","2024","2024","t","33151.48","A","Official value",""
"TCL","Crops and livestock products","356","India","5922","Export value","21691.90","Other oil of vegetable origin, crude n.e.c.","2024","2024","1000 USD","108886","A","Official value",""
"TCL","Crops and livestock products","356","India","5610","Import quantity","01449.90","Other oil seeds, n.e.c.","2022","2022","t","68246.99","A","Official value",""
"TCL","Crops and livestock products","356","India","5622","Import value","01449.90","Other oil seeds, n.e.c.","2022","2022","1000 USD","34630","A","Official value",""
"TCL","Crops and livestock products","356","India","5910","Export quantity","01449.90","Other oil seeds, n.e.c.","2022","2022","t","9533.06","A","Official value",""
"TCL","Crops and livestock products","356","India","5922","Export value","01449.90","Other oil seeds, n.e.c.","2022","2022","1000 USD","16406","A","Official value",""
"TCL","Crops and livestock products","356","India","5610","Import quantity","01449.90","Other oil seeds, n.e.c.","2023","2023","t","43489.54","A","Official value",""
"TCL","Crops and livestock products","356","India","5622","Import value","01449.90","Other oil seeds, n.e.c.","2023","2023","1000 USD","32756","A","Official value",""
"TCL","Crops and livestock products","356","India","5910","Export quantity","01449.90","Other oil seeds, n.e.c.","2023","2023","t","12819.62","A","Official value",""
"TCL","Crops and livestock products","356","India","5922","Export value","01449.90","Other oil seeds, n.e.c.","2023","2023","1000 USD","23480","A","Official value",""
"TCL","Crops and livestock products","356","India","5610","Import quantity","01449.90","Other oil seeds, n.e.c.","2024","2024","t","103160.35","A","Official value",""
"TCL","Crops and livestock products","356","India","5622","Import value","01449.90","Other oil seeds, n.e.c.","2024","2024","1000 USD","60590","A","Official value",""
"TCL","Crops and livestock products","356","India","5910","Export quantity","01449.90","Other oil seeds, n.e.c.","2024","2024","t","13181.73","A","Official value",""
"TCL","Crops and livestock products","356","India","5922","Export value","01449.90","Other oil seeds, n.e.c.","2024","2024","1000 USD","23943","A","Official value",""
"TCL","Crops and livestock products","356","India","5610","Import quantity","01709.90","Other pulses n.e.c.","2022","2022","t","11106.83","A","Official value",""
"TCL","Crops and livestock products","356","India","5622","Import value","01709.90","Other pulses n.e.c.","2022","2022","1000 USD","8530","A","Official value",""
"TCL","Crops and livestock products","356","India","5910","Export quantity","01709.90","Other pulses n.e.c.","2022","2022","t","76600.6","A","Official value",""
"TCL","Crops and livestock products","356","India","5922","Export value","01709.90","Other pulses n.e.c.","2022","2022","1000 USD","111064","A","Official value",""
"TCL","Crops and livestock products","356","India","5610","Import quantity","01709.90","Other pulses n.e.c.","2023","2023","t","4034.42","A","Official value",""
"TCL","Crops and livestock products","356","India","5622","Import value","01709.90","Other pulses n.e.c.","2023","2023","1000 USD","3133","A","Official value",""
"TCL","Crops and livestock products","356","India","5910","Export quantity","01709.90","Other pulses n.e.c.","2023","2023","t","60573.27","A","Official value",""
"TCL","Crops and livestock products","356","India","5922","Export value","01709.90","Other pulses n.e.c.","2023","2023","1000 USD","75748","A","Official value",""
"TCL","Crops and livestock products","356","India","5610","Import quantity","01709.90","Other pulses n.e.c.","2024","2024","t","2967.8","A","Official value",""
"TCL","Crops and livestock products","356","India","5622","Import value","01709.90","Other pulses n.e.c.","2024","2024","1000 USD","2452","A","Official value",""
"TCL","Crops and livestock products","356","India","5910","Export quantity","01709.90","Other pulses n.e.c.","2024","2024","t","70843.45","A","Official value",""
"TCL","Crops and livestock products","356","India","5922","Export value","01709.90","Other pulses n.e.c.","2024","2024","1000 USD","71048","A","Official value",""
"TCL","Crops and livestock products","356","India","5610","Import quantity","01699","Other stimulant, spice and aromatic crops, n.e.c.","2022","2022","t","40322.69","A","Official value",""
"TCL","Crops and livestock products","356","India","5622","Import value","01699","Other stimulant, spice and aromatic crops, n.e.c.","2022","2022","1000 USD","67665","A","Official value",""
"TCL","Crops and livestock products","356","India","5910","Export quantity","01699","Other stimulant, spice and aromatic crops, n.e.c.","2022","2022","t","280424.22","I","Value imputed by a receiving agency",""
"TCL","Crops and livestock products","356","India","5922","Export value","01699","Other stimulant, spice and aromatic crops, n.e.c.","2022","2022","1000 USD","446395","A","Official value",""
"TCL","Crops and livestock products","356","India","5610","Import quantity","01699","Other stimulant, spice and aromatic crops, n.e.c.","2023","2023","t","39775.74","A","Official value",""
"TCL","Crops and livestock products","356","India","5622","Import value","01699","Other stimulant, spice and aromatic crops, n.e.c.","2023","2023","1000 USD","69690","A","Official value",""
"TCL","Crops and livestock products","356","India","5910","Export quantity","01699","Other stimulant, spice and aromatic crops, n.e.c.","2023","2023","t","277640.43","A","Official value",""
"TCL","Crops and livestock products","356","India","5922","Export value","01699","Other stimulant, spice and aromatic crops, n.e.c.","2023","2023","1000 USD","441940","A","Official value",""
"TCL","Crops and livestock products","356","India","5610","Import quantity","01699","Other stimulant, spice and aromatic crops, n.e.c.","2024","2024","t","49685.46","A","Official value",""
"TCL","Crops and livestock products","356","India","5622","Import value","01699","Other stimulant, spice and aromatic crops, n.e.c.","2024","2024","1000 USD","96480","A","Official value",""
"TCL","Crops and livestock products","356","India","5910","Export quantity","01699","Other stimulant, spice and aromatic crops, n.e.c.","2024","2024","t","297946.74","I","Value imputed by a receiving agency",""
"TCL","Crops and livestock products","356","India","5922","Export value","01699","Other stimulant, spice and aromatic crops, n.e.c.","2024","2024","1000 USD","592165","A","Official value",""
"TCL","Crops and livestock products","356","India","5610","Import quantity","01319","Other tropical fruits, n.e.c.","2022","2022","t","10.6","A","Official value",""
"TCL","Crops and livestock products","356","India","5622","Import value","01319","Other tropical fruits, n.e.c.","2022","2022","1000 USD","10","A","Official value",""
"TCL","Crops and livestock products","356","India","5910","Export quantity","01319","Other tropical fruits, n.e.c.","2022","2022","t","0.95","A","Official value",""
"TCL","Crops and livestock products","356","India","5922","Export value","01319","Other tropical fruits, n.e.c.","2022","2022","1000 USD","1","A","Official value",""
"TCL","Crops and livestock products","356","India","5610","Import quantity","01319","Other tropical fruits, n.e.c.","2023","2023","t","0.32","A","Official value",""
"TCL","Crops and livestock products","356","India","5622","Import value","01319","Other tropical fruits, n.e.c.","2023","2023","1000 USD","2","A","Official value",""
"TCL","Crops and livestock products","356","India","5910","Export quantity","01319","Other tropical fruits, n.e.c.","2023","2023","t","53.89","A","Official value",""
"TCL","Crops and livestock products","356","India","5922","Export value","01319","Other tropical fruits, n.e.c.","2023","2023","1000 USD","59","A","Official value",""
"TCL","Crops and livestock products","356","India","5610","Import quantity","01319","Other tropical fruits, n.e.c.","2024","2024","t","0.34","A","Official value",""
"TCL","Crops and livestock products","356","India","5622","Import value","01319","Other tropical fruits, n.e.c.","2024","2024","1000 USD","4","A","Official value",""
"TCL","Crops and livestock products","356","India","5910","Export quantity","01319","Other tropical fruits, n.e.c.","2024","2024","t","4","A","Official value",""
"TCL","Crops and livestock products","356","India","5922","Export value","01319","Other tropical fruits, n.e.c.","2024","2024","1000 USD","4","A","Official value",""
"TCL","Crops and livestock products","356","India","5610","Import quantity","21330.90","Other vegetables provisionally preserved","2022","2022","t","1953.61","A","Official value",""
"TCL","Crops and livestock products","356","India","5622","Import value","21330.90","Other vegetables provisionally preserved","2022","2022","1000 USD","2184","A","Official value",""
"TCL","Crops and livestock products","356","India","5910","Export quantity","21330.90","Other vegetables provisionally preserved","2022","2022","t","98753.8","A","Official value",""
"TCL","Crops and livestock products","356","India","5922","Export value","21330.90","Other vegetables provisionally preserved","2022","2022","1000 USD","80314","A","Official value",""
"TCL","Crops and livestock products","356","India","5610","Import quantity","21330.90","Other vegetables provisionally preserved","2023","2023","t","2739.78","A","Official value",""
"TCL","Crops and livestock products","356","India","5622","Import value","21330.90","Other vegetables provisionally preserved","2023","2023","1000 USD","2927","A","Official value",""
"TCL","Crops and livestock products","356","India","5910","Export quantity","21330.90","Other vegetables provisionally preserved","2023","2023","t","105941.89","A","Official value",""
"TCL","Crops and livestock products","356","India","5922","Export value","21330.90","Other vegetables provisionally preserved","2023","2023","1000 USD","98558","A","Official value",""
"TCL","Crops and livestock products","356","India","5610","Import quantity","21330.90","Other vegetables provisionally preserved","2024","2024","t","2141.41","A","Official value",""
"TCL","Crops and livestock products","356","India","5622","Import value","21330.90","Other vegetables provisionally preserved","2024","2024","1000 USD","3095","A","Official value",""
"TCL","Crops and livestock products","356","India","5910","Export quantity","21330.90","Other vegetables provisionally preserved","2024","2024","t","130386.41","A","Official value",""
"TCL","Crops and livestock products","356","India","5922","Export value","21330.90","Other vegetables provisionally preserved","2024","2024","1000 USD","127074","A","Official value",""
"TCL","Crops and livestock products","356","India","5610","Import quantity","01290.90","Other vegetables, fresh n.e.c.","2022","2022","t","54.37","A","Official value",""
"TCL","Crops and livestock products","356","India","5622","Import value","01290.90","Other vegetables, fresh n.e.c.","2022","2022","1000 USD","92","A","Official value",""
"TCL","Crops and livestock products","356","India","5910","Export quantity","01290.90","Other vegetables, fresh n.e.c.","2022","2022","t","115284.52","A","Official value",""
"TCL","Crops and livestock products","356","India","5922","Export value","01290.90","Other vegetables, fresh n.e.c.","2022","2022","1000 USD","83450","A","Official value",""
"TCL","Crops and livestock products","356","India","5610","Import quantity","01290.90","Other vegetables, fresh n.e.c.","2023","2023","t","500.18","A","Official value",""
"TCL","Crops and livestock products","356","India","5622","Import value","01290.90","Other vegetables, fresh n.e.c.","2023","2023","1000 USD","598","A","Official value",""
"TCL","Crops and livestock products","356","India","5910","Export quantity","01290.90","Other vegetables, fresh n.e.c.","2023","2023","t","106469.55","A","Official value",""
"TCL","Crops and livestock products","356","India","5922","Export value","01290.90","Other vegetables, fresh n.e.c.","2023","2023","1000 USD","89436","A","Official value",""
"TCL","Crops and livestock products","356","India","5610","Import quantity","01290.90","Other vegetables, fresh n.e.c.","2024","2024","t","379.43","A","Official value",""
"TCL","Crops and livestock products","356","India","5622","Import value","01290.90","Other vegetables, fresh n.e.c.","2024","2024","1000 USD","790","A","Official value",""
"TCL","Crops and livestock products","356","India","5910","Export quantity","01290.90","Other vegetables, fresh n.e.c.","2024","2024","t","114106.97","A","Official value",""
"TCL","Crops and livestock products","356","India","5922","Export value","01290.90","Other vegetables, fresh n.e.c.","2024","2024","1000 USD","88980","A","Official value",""
"TCL","Crops and livestock products","356","India","5610","Import quantity","01491.02","Palm kernels","2022","2022","t","92.68","A","Official value",""
"TCL","Crops and livestock products","356","India","5622","Import value","01491.02","Palm kernels","2022","2022","1000 USD","15666","A","Official value",""
"TCL","Crops and livestock products","356","India","5910","Export quantity","01491.02","Palm kernels","2022","2022","t","15.63","A","Official value",""
"TCL","Crops and livestock products","356","India","5922","Export value","01491.02","Palm kernels","2022","2022","1000 USD","19","A","Official value",""
"TCL","Crops and livestock products","356","India","5610","Import quantity","01491.02","Palm kernels","2023","2023","t","1265.69","A","Official value",""
"TCL","Crops and livestock products","356","India","5622","Import value","01491.02","Palm kernels","2023","2023","1000 USD","14537","A","Official value",""
"TCL","Crops and livestock products","356","India","5910","Export quantity","01491.02","Palm kernels","2023","2023","t","12.27","A","Official value",""
"TCL","Crops and livestock products","356","India","5922","Export value","01491.02","Palm kernels","2023","2023","1000 USD","37","A","Official value",""
"TCL","Crops and livestock products","356","India","5610","Import quantity","01491.02","Palm kernels","2024","2024","t","2927.13","A","Official value",""
"TCL","Crops and livestock products","356","India","5622","Import value","01491.02","Palm kernels","2024","2024","1000 USD","5267","A","Official value",""
"TCL","Crops and livestock products","356","India","5910","Export quantity","01491.02","Palm kernels","2024","2024","t","45.86","A","Official value",""
"TCL","Crops and livestock products","356","India","5922","Export value","01491.02","Palm kernels","2024","2024","1000 USD","605","A","Official value",""
"TCL","Crops and livestock products","356","India","5610","Import quantity","2165","Palm oil","2022","2022","t","9169393.09","A","Official value",""
"TCL","Crops and livestock products","356","India","5622","Import value","2165","Palm oil","2022","2022","1000 USD","11728740","A","Official value",""
"TCL","Crops and livestock products","356","India","5910","Export quantity","2165","Palm oil","2022","2022","t","3326.52","A","Official value",""
"TCL","Crops and livestock products","356","India","5922","Export value","2165","Palm oil","2022","2022","1000 USD","4755","A","Official value",""
"TCL","Crops and livestock products","356","India","5610","Import quantity","2165","Palm oil","2023","2023","t","9348472.77","A","Official value",""
"TCL","Crops and livestock products","356","India","5622","Import value","2165","Palm oil","2023","2023","1000 USD","8787237","A","Official value",""
"TCL","Crops and livestock products","356","India","5910","Export quantity","2165","Palm oil","2023","2023","t","2672.17","A","Official value",""
"TCL","Crops and livestock products","356","India","5922","Export value","2165","Palm oil","2023","2023","1000 USD","3105","A","Official value",""
"TCL","Crops and livestock products","356","India","5610","Import quantity","2165","Palm oil","2024","2024","t","8620364.56","A","Official value",""
"TCL","Crops and livestock products","356","India","5622","Import value","2165","Palm oil","2024","2024","1000 USD","8521672","A","Official value",""
"TCL","Crops and livestock products","356","India","5910","Export quantity","2165","Palm oil","2024","2024","t","4928.59","A","Official value",""
"TCL","Crops and livestock products","356","India","5922","Export value","2165","Palm oil","2024","2024","1000 USD","5502","A","Official value",""
"TCL","Crops and livestock products","356","India","5910","Export quantity","01317","Papayas","2022","2022","t","9411.15","A","Official value",""
"TCL","Crops and livestock products","356","India","5922","Export value","01317","Papayas","2022","2022","1000 USD","3508","A","Official value",""
"TCL","Crops and livestock products","356","India","5910","Export quantity","01317","Papayas","2023","2023","t","9484.1","A","Official value",""
"TCL","Crops and livestock products","356","India","5922","Export value","01317","Papayas","2023","2023","1000 USD","3585","A","Official value",""
"TCL","Crops and livestock products","356","India","5910","Export quantity","01317","Papayas","2024","2024","t","10109.64","A","Official value",""
"TCL","Crops and livestock products","356","India","5922","Export value","01317","Papayas","2024","2024","1000 USD","4329","A","Official value",""
"TCL","Crops and livestock products","356","India","5610","Import quantity","21399.01","Paste of tomatoes","2022","2022","t","10003.95","A","Official value",""
"TCL","Crops and livestock products","356","India","5622","Import value","21399.01","Paste of tomatoes","2022","2022","1000 USD","11568","A","Official value",""
"TCL","Crops and livestock products","356","India","5910","Export quantity","21399.01","Paste of tomatoes","2022","2022","t","1649.4","A","Official value",""
"TCL","Crops and livestock products","356","India","5922","Export value","21399.01","Paste of tomatoes","2022","2022","1000 USD","2177","A","Official value",""
"TCL","Crops and livestock products","356","India","5610","Import quantity","21399.01","Paste of tomatoes","2023","2023","t","6669.58","A","Official value",""
"TCL","Crops and livestock products","356","India","5622","Import value","21399.01","Paste of tomatoes","2023","2023","1000 USD","9770","A","Official value",""
"TCL","Crops and livestock products","356","India","5910","Export quantity","21399.01","Paste of tomatoes","2023","2023","t","12002.23","A","Official value",""
"TCL","Crops and livestock products","356","India","5922","Export value","21399.01","Paste of tomatoes","2023","2023","1000 USD","14215","A","Official value",""
"TCL","Crops and livestock products","356","India","5610","Import quantity","21399.01","Paste of tomatoes","2024","2024","t","7207.42","A","Official value",""
"TCL","Crops and livestock products","356","India","5622","Import value","21399.01","Paste of tomatoes","2024","2024","1000 USD","9644","A","Official value",""
"TCL","Crops and livestock products","356","India","5910","Export quantity","21399.01","Paste of tomatoes","2024","2024","t","7126.67","A","Official value",""
"TCL","Crops and livestock products","356","India","5922","Export value","21399.01","Paste of tomatoes","2024","2024","1000 USD","9201","A","Official value",""
"TCL","Crops and livestock products","356","India","5610","Import quantity","F0022","Pastry","2022","2022","t","23039.21","I","Value imputed by a receiving agency",""
"TCL","Crops and livestock products","356","India","5622","Import value","F0022","Pastry","2022","2022","1000 USD","64265","A","Official value",""
"TCL","Crops and livestock products","356","India","5910","Export quantity","F0022","Pastry","2022","2022","t","295546.02","A","Official value",""
"TCL","Crops and livestock products","356","India","5922","Export value","F0022","Pastry","2022","2022","1000 USD","431276","A","Official value",""
"TCL","Crops and livestock products","356","India","5610","Import quantity","F0022","Pastry","2023","2023","t","22807.46","A","Official value",""
"TCL","Crops and livestock products","356","India","5622","Import value","F0022","Pastry","2023","2023","1000 USD","65369","A","Official value",""
"TCL","Crops and livestock products","356","India","5910","Export quantity","F0022","Pastry","2023","2023","t","333626.65","A","Official value",""
"TCL","Crops and livestock products","356","India","5922","Export value","F0022","Pastry","2023","2023","1000 USD","477773","A","Official value",""
"TCL","Crops and livestock products","356","India","5610","Import quantity","F0022","Pastry","2024","2024","t","31468.22","A","Official value",""
"TCL","Crops and livestock products","356","India","5622","Import value","F0022","Pastry","2024","2024","1000 USD","80556","A","Official value",""
"TCL","Crops and livestock products","356","India","5910","Export quantity","F0022","Pastry","2024","2024","t","363413.84","A","Official value",""
"TCL","Crops and livestock products","356","India","5922","Export value","F0022","Pastry","2024","2024","1000 USD","527003","A","Official value",""
"TCL","Crops and livestock products","356","India","5610","Import quantity","01345","Peaches and nectarines","2022","2022","t","259.46","A","Official value",""
"TCL","Crops and livestock products","356","India","5622","Import value","01345","Peaches and nectarines","2022","2022","1000 USD","421","A","Official value",""
"TCL","Crops and livestock products","356","India","5910","Export quantity","01345","Peaches and nectarines","2022","2022","t","2.28","A","Official value",""
"TCL","Crops and livestock products","356","India","5922","Export value","01345","Peaches and nectarines","2022","2022","1000 USD","12","A","Official value",""
"TCL","Crops and livestock products","356","India","5610","Import quantity","01345","Peaches and nectarines","2023","2023","t","133.56","A","Official value",""
"TCL","Crops and livestock products","356","India","5622","Import value","01345","Peaches and nectarines","2023","2023","1000 USD","298","A","Official value",""
"TCL","Crops and livestock products","356","India","5910","Export quantity","01345","Peaches and nectarines","2023","2023","t","9.81","A","Official value",""
"TCL","Crops and livestock products","356","India","5922","Export value","01345","Peaches and nectarines","2023","2023","1000 USD","51","A","Official value",""
"TCL","Crops and livestock products","356","India","5610","Import quantity","01345","Peaches and nectarines","2024","2024","t","151.24","A","Official value",""
"TCL","Crops and livestock products","356","India","5622","Import value","01345","Peaches and nectarines","2024","2024","1000 USD","422","A","Official value",""
"TCL","Crops and livestock products","356","India","5910","Export quantity","01345","Peaches and nectarines","2024","2024","t","1.19","A","Official value",""
"TCL","Crops and livestock products","356","India","5922","Export value","01345","Peaches and nectarines","2024","2024","1000 USD","4","A","Official value",""
"TCL","Crops and livestock products","356","India","5610","Import quantity","01342.01","Pears","2022","2022","t","31834.34","A","Official value",""
"TCL","Crops and livestock products","356","India","5622","Import value","01342.01","Pears","2022","2022","1000 USD","32518","A","Official value",""
"TCL","Crops and livestock products","356","India","5910","Export quantity","01342.01","Pears","2022","2022","t","152.11","A","Official value",""
"TCL","Crops and livestock products","356","India","5922","Export value","01342.01","Pears","2022","2022","1000 USD","295","A","Official value",""
"TCL","Crops and livestock products","356","India","5610","Import quantity","01342.01","Pears","2023","2023","t","29317.66","A","Official value",""
"TCL","Crops and livestock products","356","India","5622","Import value","01342.01","Pears","2023","2023","1000 USD","27860","A","Official value",""
"TCL","Crops and livestock products","356","India","5910","Export quantity","01342.01","Pears","2023","2023","t","187.96","A","Official value",""
"TCL","Crops and livestock products","356","India","5922","Export value","01342.01","Pears","2023","2023","1000 USD","408","A","Official value",""
"TCL","Crops and livestock products","356","India","5610","Import quantity","01342.01","Pears","2024","2024","t","26759.37","A","Official value",""
"TCL","Crops and livestock products","356","India","5622","Import value","01342.01","Pears","2024","2024","1000 USD","25058","A","Official value",""
"TCL","Crops and livestock products","356","India","5910","Export quantity","01342.01","Pears","2024","2024","t","224.96","A","Official value",""
"TCL","Crops and livestock products","356","India","5922","Export value","01342.01","Pears","2024","2024","1000 USD","494","A","Official value",""
"TCL","Crops and livestock products","356","India","5610","Import quantity","01705","Peas, dry","2022","2022","t","1631.33","A","Official value",""
"TCL","Crops and livestock products","356","India","5622","Import value","01705","Peas, dry","2022","2022","1000 USD","535","A","Official value",""
"TCL","Crops and livestock products","356","India","5910","Export quantity","01705","Peas, dry","2022","2022","t","170000.65","A","Official value",""
"TCL","Crops and livestock products","356","India","5922","Export value","01705","Peas, dry","2022","2022","1000 USD","53197","A","Official value",""
"TCL","Crops and livestock products","356","India","5610","Import quantity","01705","Peas, dry","2023","2023","t","10980.6","A","Official value",""
"TCL","Crops and livestock products","356","India","5622","Import value","01705","Peas, dry","2023","2023","1000 USD","5470","A","Official value",""
"TCL","Crops and livestock products","356","India","5910","Export quantity","01705","Peas, dry","2023","2023","t","20276.12","A","Official value",""
"TCL","Crops and livestock products","356","India","5922","Export value","01705","Peas, dry","2023","2023","1000 USD","10001","A","Official value",""
"TCL","Crops and livestock products","356","India","5610","Import quantity","01705","Peas, dry","2024","2024","t","2948123.65","A","Official value",""
"TCL","Crops and livestock products","356","India","5622","Import value","01705","Peas, dry","2024","2024","1000 USD","1362175","A","Official value",""
"TCL","Crops and livestock products","356","India","5910","Export quantity","01705","Peas, dry","2024","2024","t","39099.37","A","Official value",""
"TCL","Crops and livestock products","356","India","5922","Export value","01705","Peas, dry","2024","2024","1000 USD","22976","A","Official value",""
"TCL","Crops and livestock products","356","India","5610","Import quantity","01242","Peas, green","2022","2022","t","9.07","A","Official value",""
"TCL","Crops and livestock products","356","India","5622","Import value","01242","Peas, green","2022","2022","1000 USD","15","A","Official value",""
"TCL","Crops and livestock products","356","India","5910","Export quantity","01242","Peas, green","2022","2022","t","1425.08","I","Value imputed by a receiving agency",""
"TCL","Crops and livestock products","356","India","5922","Export value","01242","Peas, green","2022","2022","1000 USD","740","A","Official value",""
"TCL","Crops and livestock products","356","India","5610","Import quantity","01242","Peas, green","2023","2023","t","0.56","A","Official value",""
"TCL","Crops and livestock products","356","India","5622","Import value","01242","Peas, green","2023","2023","1000 USD","1","A","Official value",""
"TCL","Crops and livestock products","356","India","5910","Export quantity","01242","Peas, green","2023","2023","t","1147.66","A","Official value",""
"TCL","Crops and livestock products","356","India","5922","Export value","01242","Peas, green","2023","2023","1000 USD","1281","A","Official value",""
"TCL","Crops and livestock products","356","India","5910","Export quantity","01242","Peas, green","2024","2024","t","1173.6","A","Official value",""
"TCL","Crops and livestock products","356","India","5922","Export value","01242","Peas, green","2024","2024","1000 USD","1803","A","Official value",""
"TCL","Crops and livestock products","356","India","5610","Import quantity","01651","Pepper (Piper spp.), raw","2022","2022","t","43475.42","A","Official value",""
"TCL","Crops and livestock products","356","India","5622","Import value","01651","Pepper (Piper spp.), raw","2022","2022","1000 USD","203238","A","Official value",""
"TCL","Crops and livestock products","356","India","5910","Export quantity","01651","Pepper (Piper spp.), raw","2022","2022","t","19968.48","A","Official value",""
"TCL","Crops and livestock products","356","India","5922","Export value","01651","Pepper (Piper spp.), raw","2022","2022","1000 USD","96842","A","Official value",""
"TCL","Crops and livestock products","356","India","5610","Import quantity","01651","Pepper (Piper spp.), raw","2023","2023","t","34971.13","A","Official value",""
"TCL","Crops and livestock products","356","India","5622","Import value","01651","Pepper (Piper spp.), raw","2023","2023","1000 USD","162977","A","Official value",""
"TCL","Crops and livestock products","356","India","5910","Export quantity","01651","Pepper (Piper spp.), raw","2023","2023","t","15437.27","A","Official value",""
"TCL","Crops and livestock products","356","India","5922","Export value","01651","Pepper (Piper spp.), raw","2023","2023","1000 USD","79928","A","Official value",""
"TCL","Crops and livestock products","356","India","5610","Import quantity","01651","Pepper (Piper spp.), raw","2024","2024","t","46997.92","A","Official value",""
"TCL","Crops and livestock products","356","India","5622","Import value","01651","Pepper (Piper spp.), raw","2024","2024","1000 USD","261645","A","Official value",""
"TCL","Crops and livestock products","356","India","5910","Export quantity","01651","Pepper (Piper spp.), raw","2024","2024","t","19795.04","A","Official value",""
"TCL","Crops and livestock products","356","India","5922","Export value","01651","Pepper (Piper spp.), raw","2024","2024","1000 USD","112275","A","Official value",""
"TCL","Crops and livestock products","356","India","5610","Import quantity","01359.01","Persimmons","2022","2022","t","38.33","A","Official value",""
"TCL","Crops and livestock products","356","India","5622","Import value","01359.01","Persimmons","2022","2022","1000 USD","104","A","Official value",""
"TCL","Crops and livestock products","356","India","5910","Export quantity","01359.01","Persimmons","2022","2022","t","44.38","A","Official value",""
"TCL","Crops and livestock products","356","India","5922","Export value","01359.01","Persimmons","2022","2022","1000 USD","18","A","Official value",""
"TCL","Crops and livestock products","356","India","5610","Import quantity","01359.01","Persimmons","2023","2023","t","99.43","A","Official value",""
"TCL","Crops and livestock products","356","India","5622","Import value","01359.01","Persimmons","2023","2023","1000 USD","224","A","Official value",""
"TCL","Crops and livestock products","356","India","5910","Export quantity","01359.01","Persimmons","2023","2023","t","10.06","A","Official value",""
"TCL","Crops and livestock products","356","India","5922","Export value","01359.01","Persimmons","2023","2023","1000 USD","8","A","Official value",""
"TCL","Crops and livestock products","356","India","5610","Import quantity","01359.01","Persimmons","2024","2024","t","95.2","A","Official value",""
"TCL","Crops and livestock products","356","India","5622","Import value","01359.01","Persimmons","2024","2024","1000 USD","180","A","Official value",""
"TCL","Crops and livestock products","356","India","5910","Export quantity","01359.01","Persimmons","2024","2024","t","84.28","A","Official value",""
"TCL","Crops and livestock products","356","India","5922","Export value","01359.01","Persimmons","2024","2024","1000 USD","51","A","Official value",""
"TCL","Crops and livestock products","356","India","5910","Export quantity","21521","Pig fat, rendered","2022","2022","t","0","A","Official value",""
"TCL","Crops and livestock products","356","India","5922","Export value","21521","Pig fat, rendered","2022","2022","1000 USD","2","A","Official value",""
"TCL","Crops and livestock products","356","India","5910","Export quantity","21521","Pig fat, rendered","2023","2023","t","0","A","Official value",""
"TCL","Crops and livestock products","356","India","5922","Export value","21521","Pig fat, rendered","2023","2023","1000 USD","0","A","Official value",""
"TCL","Crops and livestock products","356","India","5910","Export quantity","21521","Pig fat, rendered","2024","2024","t","0.01","A","Official value",""
"TCL","Crops and livestock products","356","India","5922","Export value","21521","Pig fat, rendered","2024","2024","1000 USD","0","A","Official value",""
"TCL","Crops and livestock products","356","India","5610","Import quantity","F1042","Pig meat preparations","2022","2022","t","280.09","A","Official value",""
"TCL","Crops and livestock products","356","India","5622","Import value","F1042","Pig meat preparations","2022","2022","1000 USD","1920","A","Official value",""
"TCL","Crops and livestock products","356","India","5910","Export quantity","F1042","Pig meat preparations","2022","2022","t","3.86","A","Official value",""
"TCL","Crops and livestock products","356","India","5922","Export value","F1042","Pig meat preparations","2022","2022","1000 USD","18","A","Official value",""
"TCL","Crops and livestock products","356","India","5610","Import quantity","F1042","Pig meat preparations","2023","2023","t","177.97","A","Official value",""
"TCL","Crops and livestock products","356","India","5622","Import value","F1042","Pig meat preparations","2023","2023","1000 USD","1207","A","Official value",""
"TCL","Crops and livestock products","356","India","5910","Export quantity","F1042","Pig meat preparations","2023","2023","t","1.06","A","Official value",""
"TCL","Crops and livestock products","356","India","5922","Export value","F1042","Pig meat preparations","2023","2023","1000 USD","2","A","Official value",""
"TCL","Crops and livestock products","356","India","5610","Import quantity","F1042","Pig meat preparations","2024","2024","t","178.43","A","Official value",""
"TCL","Crops and livestock products","356","India","5622","Import value","F1042","Pig meat preparations","2024","2024","1000 USD","1206","A","Official value",""
"TCL","Crops and livestock products","356","India","5910","Export quantity","F1042","Pig meat preparations","2024","2024","t","0.27","A","Official value",""
"TCL","Crops and livestock products","356","India","5922","Export value","F1042","Pig meat preparations","2024","2024","1000 USD","1","A","Official value",""
"TCL","Crops and livestock products","356","India","5610","Import quantity","21181","Pig meat, cuts, salted, dried or smoked (bacon and ham)","2023","2023","t","11.1","A","Official value",""
"TCL","Crops and livestock products","356","India","5622","Import value","21181","Pig meat, cuts, salted, dried or smoked (bacon and ham)","2023","2023","1000 USD","68","A","Official value",""
"TCL","Crops and livestock products","356","India","5910","Export quantity","21181","Pig meat, cuts, salted, dried or smoked (bacon and ham)","2023","2023","t","0.01","A","Official value",""
"TCL","Crops and livestock products","356","India","5922","Export value","21181","Pig meat, cuts, salted, dried or smoked (bacon and ham)","2023","2023","1000 USD","0","A","Official value",""
"TCL","Crops and livestock products","356","India","5610","Import quantity","21181","Pig meat, cuts, salted, dried or smoked (bacon and ham)","2024","2024","t","9.64","A","Official value",""
"TCL","Crops and livestock products","356","India","5622","Import value","21181","Pig meat, cuts, salted, dried or smoked (bacon and ham)","2024","2024","1000 USD","87","A","Official value",""
"TCL","Crops and livestock products","356","India","5910","Export quantity","21181","Pig meat, cuts, salted, dried or smoked (bacon and ham)","2024","2024","t","0.32","A","Official value",""
"TCL","Crops and livestock products","356","India","5922","Export value","21181","Pig meat, cuts, salted, dried or smoked (bacon and ham)","2024","2024","1000 USD","2","A","Official value",""
"TCL","Crops and livestock products","356","India","5610","Import quantity","01707","Pigeon peas, dry","2022","2022","t","882301.95","A","Official value",""
"TCL","Crops and livestock products","356","India","5622","Import value","01707","Pigeon peas, dry","2022","2022","1000 USD","633834","A","Official value",""
"TCL","Crops and livestock products","356","India","5910","Export quantity","01707","Pigeon peas, dry","2022","2022","t","25342.69","A","Official value",""
"TCL","Crops and livestock products","356","India","5922","Export value","01707","Pigeon peas, dry","2022","2022","1000 USD","30361","A","Official value",""
"TCL","Crops and livestock products","356","India","5610","Import quantity","01707","Pigeon peas, dry","2023","2023","t","887222.75","A","Official value",""
"TCL","Crops and livestock products","356","India","5622","Import value","01707","Pigeon peas, dry","2023","2023","1000 USD","834774","A","Official value",""
"TCL","Crops and livestock products","356","India","5910","Export quantity","01707","Pigeon peas, dry","2023","2023","t","34370.59","A","Official value",""
"TCL","Crops and livestock products","356","India","5922","Export value","01707","Pigeon peas, dry","2023","2023","1000 USD","50892","A","Official value",""
"TCL","Crops and livestock products","356","India","5610","Import quantity","01707","Pigeon peas, dry","2024","2024","t","1257366.41","A","Official value",""
"TCL","Crops and livestock products","356","India","5622","Import value","01707","Pigeon peas, dry","2024","2024","1000 USD","1337216","A","Official value",""
"TCL","Crops and livestock products","356","India","5910","Export quantity","01707","Pigeon peas, dry","2024","2024","t","34870.92","A","Official value",""
"TCL","Crops and livestock products","356","India","5922","Export value","01707","Pigeon peas, dry","2024","2024","1000 USD","58882","A","Official value",""
"TCL","Crops and livestock products","356","India","5610","Import quantity","21433","Pineapple juice","2022","2022","t","147.16","A","Official value",""
"TCL","Crops and livestock products","356","India","5622","Import value","21433","Pineapple juice","2022","2022","1000 USD","179","A","Official value",""
"TCL","Crops and livestock products","356","India","5910","Export quantity","21433","Pineapple juice","2022","2022","t","179.52","A","Official value",""
"TCL","Crops and livestock products","356","India","5922","Export value","21433","Pineapple juice","2022","2022","1000 USD","242","A","Official value",""
"TCL","Crops and livestock products","356","India","5610","Import quantity","21433","Pineapple juice","2023","2023","t","97.11","A","Official value",""
"TCL","Crops and livestock products","356","India","5622","Import value","21433","Pineapple juice","2023","2023","1000 USD","128","A","Official value",""
"TCL","Crops and livestock products","356","India","5910","Export quantity","21433","Pineapple juice","2023","2023","t","223.92","A","Official value",""
"TCL","Crops and livestock products","356","India","5922","Export value","21433","Pineapple juice","2023","2023","1000 USD","273","A","Official value",""
"TCL","Crops and livestock products","356","India","5610","Import quantity","21433","Pineapple juice","2024","2024","t","210.5","A","Official value",""
"TCL","Crops and livestock products","356","India","5622","Import value","21433","Pineapple juice","2024","2024","1000 USD","301","A","Official value",""
"TCL","Crops and livestock products","356","India","5910","Export quantity","21433","Pineapple juice","2024","2024","t","88.78","A","Official value",""
"TCL","Crops and livestock products","356","India","5922","Export value","21433","Pineapple juice","2024","2024","1000 USD","116","A","Official value",""
"TCL","Crops and livestock products","356","India","5910","Export quantity","01318","Pineapples","2022","2022","t","6893.73","A","Official value",""
"TCL","Crops and livestock products","356","India","5922","Export value","01318","Pineapples","2022","2022","1000 USD","4354","A","Official value",""
"TCL","Crops and livestock products","356","India","5910","Export quantity","01318","Pineapples","2023","2023","t","7396.73","A","Official value",""
"TCL","Crops and livestock products","356","India","5922","Export value","01318","Pineapples","2023","2023","1000 USD","4358","A","Official value",""
"TCL","Crops and livestock products","356","India","5610","Import quantity","01318","Pineapples","2024","2024","t","13.43","A","Official value",""
"TCL","Crops and livestock products","356","India","5622","Import value","01318","Pineapples","2024","2024","1000 USD","18","A","Official value",""
"TCL","Crops and livestock products","356","India","5910","Export quantity","01318","Pineapples","2024","2024","t","9061.35","A","Official value",""
"TCL","Crops and livestock products","356","India","5922","Export value","01318","Pineapples","2024","2024","1000 USD","5942","A","Official value",""
"TCL","Crops and livestock products","356","India","5610","Import quantity","21491","Pineapples, otherwise prepared or preserved","2022","2022","t","1741.48","A","Official value",""
"TCL","Crops and livestock products","356","India","5622","Import value","21491","Pineapples, otherwise prepared or preserved","2022","2022","1000 USD","2668","A","Official value",""
"TCL","Crops and livestock products","356","India","5910","Export quantity","21491","Pineapples, otherwise prepared or preserved","2022","2022","t","160.77","I","Value imputed by a receiving agency",""
"TCL","Crops and livestock products","356","India","5922","Export value","21491","Pineapples, otherwise prepared or preserved","2022","2022","1000 USD","162","A","Official value",""
"TCL","Crops and livestock products","356","India","5610","Import quantity","21491","Pineapples, otherwise prepared or preserved","2023","2023","t","2072.03","A","Official value",""
"TCL","Crops and livestock products","356","India","5622","Import value","21491","Pineapples, otherwise prepared or preserved","2023","2023","1000 USD","2912","A","Official value",""
"TCL","Crops and livestock products","356","India","5910","Export quantity","21491","Pineapples, otherwise prepared or preserved","2023","2023","t","39.56","A","Official value",""
"TCL","Crops and livestock products","356","India","5922","Export value","21491","Pineapples, otherwise prepared or preserved","2023","2023","1000 USD","78","A","Official value",""
"TCL","Crops and livestock products","356","India","5610","Import quantity","21491","Pineapples, otherwise prepared or preserved","2024","2024","t","2074.79","A","Official value",""
"TCL","Crops and livestock products","356","India","5622","Import value","21491","Pineapples, otherwise prepared or preserved","2024","2024","1000 USD","2860","A","Official value",""
"TCL","Crops and livestock products","356","India","5910","Export quantity","21491","Pineapples, otherwise prepared or preserved","2024","2024","t","63.47","A","Official value",""
"TCL","Crops and livestock products","356","India","5922","Export value","21491","Pineapples, otherwise prepared or preserved","2024","2024","1000 USD","138","A","Official value",""
"TCL","Crops and livestock products","356","India","5610","Import quantity","01375","Pistachios, in shell","2022","2022","t","21842.24","A","Official value",""
"TCL","Crops and livestock products","356","India","5622","Import value","01375","Pistachios, in shell","2022","2022","1000 USD","168903","A","Official value",""
"TCL","Crops and livestock products","356","India","5910","Export quantity","01375","Pistachios, in shell","2022","2022","t","28.17","A","Official value",""
"TCL","Crops and livestock products","356","India","5922","Export value","01375","Pistachios, in shell","2022","2022","1000 USD","249","A","Official value",""
"TCL","Crops and livestock products","356","India","5610","Import quantity","01375","Pistachios, in shell","2023","2023","t","28848.25","A","Official value",""
"TCL","Crops and livestock products","356","India","5622","Import value","01375","Pistachios, in shell","2023","2023","1000 USD","209931","A","Official value",""
"TCL","Crops and livestock products","356","India","5910","Export quantity","01375","Pistachios, in shell","2023","2023","t","125.89","A","Official value",""
"TCL","Crops and livestock products","356","India","5922","Export value","01375","Pistachios, in shell","2023","2023","1000 USD","722","A","Official value",""
"TCL","Crops and livestock products","356","India","5610","Import quantity","01375","Pistachios, in shell","2024","2024","t","40152.08","A","Official value",""
"TCL","Crops and livestock products","356","India","5622","Import value","01375","Pistachios, in shell","2024","2024","1000 USD","266422","A","Official value",""
"TCL","Crops and livestock products","356","India","5910","Export quantity","01375","Pistachios, in shell","2024","2024","t","54.84","A","Official value",""
"TCL","Crops and livestock products","356","India","5922","Export value","01375","Pistachios, in shell","2024","2024","1000 USD","461","A","Official value",""
"TCL","Crops and livestock products","356","India","5910","Export quantity","01313","Plantains and cooking bananas","2022","2022","t","1514.58","A","Official value",""
"TCL","Crops and livestock products","356","India","5922","Export value","01313","Plantains and cooking bananas","2022","2022","1000 USD","992","A","Official value",""
"TCL","Crops and livestock products","356","India","5910","Export quantity","01313","Plantains and cooking bananas","2023","2023","t","429.48","A","Official value",""
"TCL","Crops and livestock products","356","India","5922","Export value","01313","Plantains and cooking bananas","2023","2023","1000 USD","842","A","Official value",""
"TCL","Crops and livestock products","356","India","5910","Export quantity","01313","Plantains and cooking bananas","2024","2024","t","877.37","A","Official value",""
"TCL","Crops and livestock products","356","India","5922","Export value","01313","Plantains and cooking bananas","2024","2024","1000 USD","1004","A","Official value",""
"TCL","Crops and livestock products","356","India","5610","Import quantity","01346","Plums and sloes","2022","2022","t","6210.03","A","Official value",""
"TCL","Crops and livestock products","356","India","5622","Import value","01346","Plums and sloes","2022","2022","1000 USD","6008","A","Official value",""
"TCL","Crops and livestock products","356","India","5910","Export quantity","01346","Plums and sloes","2022","2022","t","201.32","A","Official value",""
"TCL","Crops and livestock products","356","India","5922","Export value","01346","Plums and sloes","2022","2022","1000 USD","68","A","Official value",""
"TCL","Crops and livestock products","356","India","5610","Import quantity","01346","Plums and sloes","2023","2023","t","7226.68","A","Official value",""
"TCL","Crops and livestock products","356","India","5622","Import value","01346","Plums and sloes","2023","2023","1000 USD","7047","A","Official value",""
"TCL","Crops and livestock products","356","India","5910","Export quantity","01346","Plums and sloes","2023","2023","t","467.66","A","Official value",""
"TCL","Crops and livestock products","356","India","5922","Export value","01346","Plums and sloes","2023","2023","1000 USD","153","A","Official value",""
"TCL","Crops and livestock products","356","India","5610","Import quantity","01346","Plums and sloes","2024","2024","t","8391.4","A","Official value",""
"TCL","Crops and livestock products","356","India","5622","Import value","01346","Plums and sloes","2024","2024","1000 USD","7291","A","Official value",""
"TCL","Crops and livestock products","356","India","5910","Export quantity","01346","Plums and sloes","2024","2024","t","421.71","A","Official value",""
"TCL","Crops and livestock products","356","India","5922","Export value","01346","Plums and sloes","2024","2024","1000 USD","191","A","Official value",""
"TCL","Crops and livestock products","356","India","5610","Import quantity","21412","Plums, dried","2022","2022","t","2124.39","A","Official value",""
"TCL","Crops and livestock products","356","India","5622","Import value","21412","Plums, dried","2022","2022","1000 USD","4878","A","Official value",""
"TCL","Crops and livestock products","356","India","5910","Export quantity","21412","Plums, dried","2022","2022","t","15.93","A","Official value",""
"TCL","Crops and livestock products","356","India","5922","Export value","21412","Plums, dried","2022","2022","1000 USD","79","A","Official value",""
"TCL","Crops and livestock products","356","India","5610","Import quantity","21412","Plums, dried","2023","2023","t","1427.37","A","Official value",""
"TCL","Crops and livestock products","356","India","5622","Import value","21412","Plums, dried","2023","2023","1000 USD","2427","A","Official value",""
"TCL","Crops and livestock products","356","India","5910","Export quantity","21412","Plums, dried","2023","2023","t","43.2","A","Official value",""
"TCL","Crops and livestock products","356","India","5922","Export value","21412","Plums, dried","2023","2023","1000 USD","196","A","Official value",""
"TCL","Crops and livestock products","356","India","5610","Import quantity","21412","Plums, dried","2024","2024","t","1956.04","A","Official value",""
"TCL","Crops and livestock products","356","India","5622","Import value","21412","Plums, dried","2024","2024","1000 USD","3344","A","Official value",""
"TCL","Crops and livestock products","356","India","5910","Export quantity","21412","Plums, dried","2024","2024","t","19.45","A","Official value",""
"TCL","Crops and livestock products","356","India","5922","Export value","21412","Plums, dried","2024","2024","1000 USD","93","A","Official value",""
"TCL","Crops and livestock products","356","India","5610","Import quantity","01321","Pomelos and grapefruits","2022","2022","t","756.42","A","Official value",""
"TCL","Crops and livestock products","356","India","5622","Import value","01321","Pomelos and grapefruits","2022","2022","1000 USD","507","A","Official value",""
"TCL","Crops and livestock products","356","India","5910","Export quantity","01321","Pomelos and grapefruits","2022","2022","t","281.26","A","Official value",""
"TCL","Crops and livestock products","356","India","5922","Export value","01321","Pomelos and grapefruits","2022","2022","1000 USD","130","A","Official value",""
"TCL","Crops and livestock products","356","India","5610","Import quantity","01321","Pomelos and grapefruits","2023","2023","t","1051.86","A","Official value",""
"TCL","Crops and livestock products","356","India","5622","Import value","01321","Pomelos and grapefruits","2023","2023","1000 USD","754","A","Official value",""
"TCL","Crops and livestock products","356","India","5910","Export quantity","01321","Pomelos and grapefruits","2023","2023","t","30.4","A","Official value",""
"TCL","Crops and livestock products","356","India","5922","Export value","01321","Pomelos and grapefruits","2023","2023","1000 USD","16","A","Official value",""
"TCL","Crops and livestock products","356","India","5610","Import quantity","01321","Pomelos and grapefruits","2024","2024","t","860.51","A","Official value",""
"TCL","Crops and livestock products","356","India","5622","Import value","01321","Pomelos and grapefruits","2024","2024","1000 USD","643","A","Official value",""
"TCL","Crops and livestock products","356","India","5910","Export quantity","01321","Pomelos and grapefruits","2024","2024","t","4.78","A","Official value",""
"TCL","Crops and livestock products","356","India","5922","Export value","01321","Pomelos and grapefruits","2024","2024","1000 USD","8","A","Official value",""
"TCL","Crops and livestock products","356","India","5610","Import quantity","01448","Poppy seed","2022","2022","t","24728.2","A","Official value",""
"TCL","Crops and livestock products","356","India","5622","Import value","01448","Poppy seed","2022","2022","1000 USD","81747","A","Official value",""
"TCL","Crops and livestock products","356","India","5910","Export quantity","01448","Poppy seed","2022","2022","t","25.79","A","Official value",""
"TCL","Crops and livestock products","356","India","5922","Export value","01448","Poppy seed","2022","2022","1000 USD","567","A","Official value",""
"TCL","Crops and livestock products","356","India","5610","Import quantity","01448","Poppy seed","2023","2023","t","0","A","Official value",""
"TCL","Crops and livestock products","356","India","5622","Import value","01448","Poppy seed","2023","2023","1000 USD","0","A","Official value",""
"TCL","Crops and livestock products","356","India","5910","Export quantity","01448","Poppy seed","2023","2023","t","82.67","A","Official value",""
"TCL","Crops and livestock products","356","India","5922","Export value","01448","Poppy seed","2023","2023","1000 USD","728","A","Official value",""
"TCL","Crops and livestock products","356","India","5910","Export quantity","01448","Poppy seed","2024","2024","t","132.49","A","Official value",""
"TCL","Crops and livestock products","356","India","5922","Export value","01448","Poppy seed","2024","2024","1000 USD","653","A","Official value",""
"TCL","Crops and livestock products","356","India","5610","Import quantity","01510","Potatoes","2022","2022","t","4925.92","A","Official value",""
"TCL","Crops and livestock products","356","India","5622","Import value","01510","Potatoes","2022","2022","1000 USD","1073","A","Official value",""
"TCL","Crops and livestock products","356","India","5910","Export quantity","01510","Potatoes","2022","2022","t","441905.73","A","Official value",""
"TCL","Crops and livestock products","356","India","5922","Export value","01510","Potatoes","2022","2022","1000 USD","95582","A","Official value",""
"TCL","Crops and livestock products","356","India","5610","Import quantity","01510","Potatoes","2023","2023","t","3199.23","A","Official value",""
"TCL","Crops and livestock products","356","India","5622","Import value","01510","Potatoes","2023","2023","1000 USD","486","A","Official value",""
"TCL","Crops and livestock products","356","India","5910","Export quantity","01510","Potatoes","2023","2023","t","516993.45","A","Official value",""
"TCL","Crops and livestock products","356","India","5922","Export value","01510","Potatoes","2023","2023","1000 USD","103087","A","Official value",""
"TCL","Crops and livestock products","356","India","5610","Import quantity","01510","Potatoes","2024","2024","t","1803.56","A","Official value",""
"TCL","Crops and livestock products","356","India","5622","Import value","01510","Potatoes","2024","2024","1000 USD","496","A","Official value",""
"TCL","Crops and livestock products","356","India","5910","Export quantity","01510","Potatoes","2024","2024","t","506349.84","A","Official value",""
"TCL","Crops and livestock products","356","India","5922","Export value","01510","Potatoes","2024","2024","1000 USD","115715","A","Official value",""
"TCL","Crops and livestock products","356","India","5610","Import quantity","21313","Potatoes, frozen","2022","2022","t","326.66","I","Value imputed by a receiving agency",""
"TCL","Crops and livestock products","356","India","5622","Import value","21313","Potatoes, frozen","2022","2022","1000 USD","381","A","Official value",""
"TCL","Crops and livestock products","356","India","5910","Export quantity","21313","Potatoes, frozen","2022","2022","t","101942.8","A","Official value",""
"TCL","Crops and livestock products","356","India","5922","Export value","21313","Potatoes, frozen","2022","2022","1000 USD","100931","A","Official value",""
"TCL","Crops and livestock products","356","India","5610","Import quantity","21313","Potatoes, frozen","2023","2023","t","60.97","A","Official value",""
"TCL","Crops and livestock products","356","India","5622","Import value","21313","Potatoes, frozen","2023","2023","1000 USD","70","A","Official value",""
"TCL","Crops and livestock products","356","India","5910","Export quantity","21313","Potatoes, frozen","2023","2023","t","139825.97","A","Official value",""
"TCL","Crops and livestock products","356","India","5922","Export value","21313","Potatoes, frozen","2023","2023","1000 USD","162517","A","Official value",""
"TCL","Crops and livestock products","356","India","5610","Import quantity","21313","Potatoes, frozen","2024","2024","t","99.8","A","Official value",""
"TCL","Crops and livestock products","356","India","5622","Import value","21313","Potatoes, frozen","2024","2024","1000 USD","152","A","Official value",""
"TCL","Crops and livestock products","356","India","5910","Export quantity","21313","Potatoes, frozen","2024","2024","t","204005.9","A","Official value",""
"TCL","Crops and livestock products","356","India","5922","Export value","21313","Potatoes, frozen","2024","2024","1000 USD","208490","A","Official value",""
"TCL","Crops and livestock products","356","India","5910","Export quantity","21522","Poultry fat, rendered","2022","2022","t","0.26","I","Value imputed by a receiving agency",""
"TCL","Crops and livestock products","356","India","5922","Export value","21522","Poultry fat, rendered","2022","2022","1000 USD","5","A","Official value",""
"TCL","Crops and livestock products","356","India","5910","Export quantity","21522","Poultry fat, rendered","2023","2023","t","0.29","A","Official value",""
"TCL","Crops and livestock products","356","India","5922","Export value","21522","Poultry fat, rendered","2023","2023","1000 USD","0","A","Official value",""
"TCL","Crops and livestock products","356","India","5610","Import quantity","F1061","Poultry meat preparations","2022","2022","t","12.32","A","Official value",""
"TCL","Crops and livestock products","356","India","5622","Import value","F1061","Poultry meat preparations","2022","2022","1000 USD","140","A","Official value",""
"TCL","Crops and livestock products","356","India","5910","Export quantity","F1061","Poultry meat preparations","2022","2022","t","156.88","A","Official value",""
"TCL","Crops and livestock products","356","India","5922","Export value","F1061","Poultry meat preparations","2022","2022","1000 USD","907","A","Official value",""
"TCL","Crops and livestock products","356","India","5610","Import quantity","F1061","Poultry meat preparations","2023","2023","t","25.88","A","Official value",""
"TCL","Crops and livestock products","356","India","5622","Import value","F1061","Poultry meat preparations","2023","2023","1000 USD","259","A","Official value",""
"TCL","Crops and livestock products","356","India","5910","Export quantity","F1061","Poultry meat preparations","2023","2023","t","81.53","A","Official value",""
"TCL","Crops and livestock products","356","India","5922","Export value","F1061","Poultry meat preparations","2023","2023","1000 USD","360","A","Official value",""
"TCL","Crops and livestock products","356","India","5610","Import quantity","F1061","Poultry meat preparations","2024","2024","t","14.49","A","Official value",""
"TCL","Crops and livestock products","356","India","5622","Import value","F1061","Poultry meat preparations","2024","2024","1000 USD","176","A","Official value",""
"TCL","Crops and livestock products","356","India","5910","Export quantity","F1061","Poultry meat preparations","2024","2024","t","75.77","A","Official value",""
"TCL","Crops and livestock products","356","India","5922","Export value","F1061","Poultry meat preparations","2024","2024","1000 USD","457","A","Official value",""
"TCL","Crops and livestock products","356","India","5610","Import quantity","21495.01","Prepared groundnuts","2022","2022","t","948.24","A","Official value",""
"TCL","Crops and livestock products","356","India","5622","Import value","21495.01","Prepared groundnuts","2022","2022","1000 USD","2424","A","Official value",""
"TCL","Crops and livestock products","356","India","5910","Export quantity","21495.01","Prepared groundnuts","2022","2022","t","41200.16","A","Official value",""
"TCL","Crops and livestock products","356","India","5922","Export value","21495.01","Prepared groundnuts","2022","2022","1000 USD","83804","A","Official value",""
"TCL","Crops and livestock products","356","India","5610","Import quantity","21495.01","Prepared groundnuts","2023","2023","t","1417.08","A","Official value",""
"TCL","Crops and livestock products","356","India","5622","Import value","21495.01","Prepared groundnuts","2023","2023","1000 USD","3625","A","Official value",""
"TCL","Crops and livestock products","356","India","5910","Export quantity","21495.01","Prepared groundnuts","2023","2023","t","65558.49","A","Official value",""
"TCL","Crops and livestock products","356","India","5922","Export value","21495.01","Prepared groundnuts","2023","2023","1000 USD","129907","A","Official value",""
"TCL","Crops and livestock products","356","India","5610","Import quantity","21495.01","Prepared groundnuts","2024","2024","t","1034.4","A","Official value",""
"TCL","Crops and livestock products","356","India","5622","Import value","21495.01","Prepared groundnuts","2024","2024","1000 USD","2310","A","Official value",""
"TCL","Crops and livestock products","356","India","5910","Export quantity","21495.01","Prepared groundnuts","2024","2024","t","66370.42","A","Official value",""
"TCL","Crops and livestock products","356","India","5922","Export value","21495.01","Prepared groundnuts","2024","2024","1000 USD","114225","A","Official value",""
"TCL","Crops and livestock products","356","India","5610","Import quantity","F0235","Prepared nuts","2022","2022","t","7338.18","A","Official value",""
"TCL","Crops and livestock products","356","India","5622","Import value","F0235","Prepared nuts","2022","2022","1000 USD","31006","A","Official value",""
"TCL","Crops and livestock products","356","India","5910","Export quantity","F0235","Prepared nuts","2022","2022","t","46360.39","A","Official value",""
"TCL","Crops and livestock products","356","India","5922","Export value","F0235","Prepared nuts","2022","2022","1000 USD","103936","A","Official value",""
"TCL","Crops and livestock products","356","India","5610","Import quantity","F0235","Prepared nuts","2023","2023","t","11879.19","A","Official value",""
"TCL","Crops and livestock products","356","India","5622","Import value","F0235","Prepared nuts","2023","2023","1000 USD","42970","A","Official value",""
"TCL","Crops and livestock products","356","India","5910","Export quantity","F0235","Prepared nuts","2023","2023","t","48637.47","A","Official value",""
"TCL","Crops and livestock products","356","India","5922","Export value","F0235","Prepared nuts","2023","2023","1000 USD","113218","A","Official value",""
"TCL","Crops and livestock products","356","India","5610","Import quantity","F0235","Prepared nuts","2024","2024","t","24778.4","A","Official value",""
"TCL","Crops and livestock products","356","India","5622","Import value","F0235","Prepared nuts","2024","2024","1000 USD","54770","A","Official value",""
"TCL","Crops and livestock products","356","India","5910","Export quantity","F0235","Prepared nuts","2024","2024","t","44702.49","A","Official value",""
"TCL","Crops and livestock products","356","India","5922","Export value","F0235","Prepared nuts","2024","2024","1000 USD","110889","A","Official value",""
"TCL","Crops and livestock products","356","India","5610","Import quantity","22251.04","Processed cheese","2022","2022","t","543.84","A","Official value",""
"TCL","Crops and livestock products","356","India","5622","Import value","22251.04","Processed cheese","2022","2022","1000 USD","2728","A","Official value",""
"TCL","Crops and livestock products","356","India","5910","Export quantity","22251.04","Processed cheese","2022","2022","t","2038.26","A","Official value",""
"TCL","Crops and livestock products","356","India","5922","Export value","22251.04","Processed cheese","2022","2022","1000 USD","14167","A","Official value",""
"TCL","Crops and livestock products","356","India","5610","Import quantity","22251.04","Processed cheese","2023","2023","t","445.79","A","Official value",""
"TCL","Crops and livestock products","356","India","5622","Import value","22251.04","Processed cheese","2023","2023","1000 USD","2207","A","Official value",""
"TCL","Crops and livestock products","356","India","5910","Export quantity","22251.04","Processed cheese","2023","2023","t","1931.31","A","Official value",""
"TCL","Crops and livestock products","356","India","5922","Export value","22251.04","Processed cheese","2023","2023","1000 USD","15004","A","Official value",""
"TCL","Crops and livestock products","356","India","5610","Import quantity","22251.04","Processed cheese","2024","2024","t","212.51","A","Official value",""
"TCL","Crops and livestock products","356","India","5622","Import value","22251.04","Processed cheese","2024","2024","1000 USD","1145","A","Official value",""
"TCL","Crops and livestock products","356","India","5910","Export quantity","22251.04","Processed cheese","2024","2024","t","2400.58","A","Official value",""
"TCL","Crops and livestock products","356","India","5922","Export value","22251.04","Processed cheese","2024","2024","1000 USD","18557","A","Official value",""
"TCL","Crops and livestock products","356","India","5610","Import quantity","01235","Pumpkins, squash and gourds","2022","2022","t","0.76","A","Official value",""
"TCL","Crops and livestock products","356","India","5622","Import value","01235","Pumpkins, squash and gourds","2022","2022","1000 USD","10","A","Official value",""
"TCL","Crops and livestock products","356","India","5910","Export quantity","01235","Pumpkins, squash and gourds","2022","2022","t","11025.93","A","Official value",""
"TCL","Crops and livestock products","356","India","5922","Export value","01235","Pumpkins, squash and gourds","2022","2022","1000 USD","10086","A","Official value",""
"TCL","Crops and livestock products","356","India","5610","Import quantity","01235","Pumpkins, squash and gourds","2023","2023","t","0.52","A","Official value",""
"TCL","Crops and livestock products","356","India","5622","Import value","01235","Pumpkins, squash and gourds","2023","2023","1000 USD","0","A","Official value",""
"TCL","Crops and livestock products","356","India","5910","Export quantity","01235","Pumpkins, squash and gourds","2023","2023","t","14768.18","A","Official value",""
"TCL","Crops and livestock products","356","India","5922","Export value","01235","Pumpkins, squash and gourds","2023","2023","1000 USD","11007","A","Official value",""
"TCL","Crops and livestock products","356","India","5610","Import quantity","01235","Pumpkins, squash and gourds","2024","2024","t","0.07","A","Official value",""
"TCL","Crops and livestock products","356","India","5622","Import value","01235","Pumpkins, squash and gourds","2024","2024","1000 USD","0","A","Official value",""
"TCL","Crops and livestock products","356","India","5910","Export quantity","01235","Pumpkins, squash and gourds","2024","2024","t","19292.4","A","Official value",""
"TCL","Crops and livestock products","356","India","5922","Export value","01235","Pumpkins, squash and gourds","2024","2024","1000 USD","13702","A","Official value",""
"TCL","Crops and livestock products","356","India","5910","Export quantity","23999.04","Pyrethrum extract","2023","2023","t","0","A","Official value",""
"TCL","Crops and livestock products","356","India","5922","Export value","23999.04","Pyrethrum extract","2023","2023","1000 USD","0","A","Official value",""
"TCL","Crops and livestock products","356","India","5610","Import quantity","01342.02","Quinces","2022","2022","t","0.01","A","Official value",""
"TCL","Crops and livestock products","356","India","5622","Import value","01342.02","Quinces","2022","2022","1000 USD","0","A","Official value",""
"TCL","Crops and livestock products","356","India","5910","Export quantity","01342.02","Quinces","2022","2022","t","0.2","A","Official value",""
"TCL","Crops and livestock products","356","India","5922","Export value","01342.02","Quinces","2022","2022","1000 USD","0","A","Official value",""
"TCL","Crops and livestock products","356","India","5910","Export quantity","01342.02","Quinces","2023","2023","t","0.11","A","Official value",""
"TCL","Crops and livestock products","356","India","5922","Export value","01342.02","Quinces","2023","2023","1000 USD","3","A","Official value",""
"TCL","Crops and livestock products","356","India","5610","Import quantity","01194","Quinoa","2022","2022","t","45.07","I","Value imputed by a receiving agency",""
"TCL","Crops and livestock products","356","India","5622","Import value","01194","Quinoa","2022","2022","1000 USD","98","A","Official value",""
"TCL","Crops and livestock products","356","India","5910","Export quantity","01194","Quinoa","2022","2022","t","824.33","A","Official value",""
"TCL","Crops and livestock products","356","India","5922","Export value","01194","Quinoa","2022","2022","1000 USD","1637","A","Official value",""
"TCL","Crops and livestock products","356","India","5610","Import quantity","01194","Quinoa","2023","2023","t","129.81","A","Official value",""
"TCL","Crops and livestock products","356","India","5622","Import value","01194","Quinoa","2023","2023","1000 USD","233","A","Official value",""
"TCL","Crops and livestock products","356","India","5910","Export quantity","01194","Quinoa","2023","2023","t","1493.28","A","Official value",""
"TCL","Crops and livestock products","356","India","5922","Export value","01194","Quinoa","2023","2023","1000 USD","2342","A","Official value",""
"TCL","Crops and livestock products","356","India","5610","Import quantity","01194","Quinoa","2024","2024","t","215.45","A","Official value",""
"TCL","Crops and livestock products","356","India","5622","Import value","01194","Quinoa","2024","2024","1000 USD","491","A","Official value",""
"TCL","Crops and livestock products","356","India","5910","Export quantity","01194","Quinoa","2024","2024","t","4229.56","A","Official value",""
"TCL","Crops and livestock products","356","India","5922","Export value","01194","Quinoa","2024","2024","1000 USD","5424","A","Official value",""
"TCL","Crops and livestock products","356","India","5609","Import quantity","02191","Rabbits and hares","2023","2023","1000 An","0","A","Official value",""
"TCL","Crops and livestock products","356","India","5622","Import value","02191","Rabbits and hares","2023","2023","1000 USD","0","A","Official value",""
"TCL","Crops and livestock products","356","India","5609","Import quantity","02191","Rabbits and hares","2024","2024","1000 An","0","A","Official value",""
"TCL","Crops and livestock products","356","India","5622","Import value","02191","Rabbits and hares","2024","2024","1000 USD","0","A","Official value",""
"TCL","Crops and livestock products","356","India","5610","Import quantity","21411","Raisins","2022","2022","t","26599","A","Official value",""
"TCL","Crops and livestock products","356","India","5622","Import value","21411","Raisins","2022","2022","1000 USD","84106","A","Official value",""
"TCL","Crops and livestock products","356","India","5910","Export quantity","21411","Raisins","2022","2022","t","27045.95","A","Official value",""
"TCL","Crops and livestock products","356","India","5922","Export value","21411","Raisins","2022","2022","1000 USD","32904","A","Official value",""
"TCL","Crops and livestock products","356","India","5610","Import quantity","21411","Raisins","2023","2023","t","29050.1","A","Official value",""
"TCL","Crops and livestock products","356","India","5622","Import value","21411","Raisins","2023","2023","1000 USD","85103","A","Official value",""
"TCL","Crops and livestock products","356","India","5910","Export quantity","21411","Raisins","2023","2023","t","42013.79","A","Official value",""
"TCL","Crops and livestock products","356","India","5922","Export value","21411","Raisins","2023","2023","1000 USD","54108","A","Official value",""
"TCL","Crops and livestock products","356","India","5610","Import quantity","21411","Raisins","2024","2024","t","30344.37","A","Official value",""
"TCL","Crops and livestock products","356","India","5622","Import value","21411","Raisins","2024","2024","1000 USD","89221","A","Official value",""
"TCL","Crops and livestock products","356","India","5910","Export quantity","21411","Raisins","2024","2024","t","55617.66","A","Official value",""
"TCL","Crops and livestock products","356","India","5922","Export value","21411","Raisins","2024","2024","1000 USD","79929","A","Official value",""
"TCL","Crops and livestock products","356","India","5610","Import quantity","01443","Rape or colza seed","2022","2022","t","0.1","A","Official value",""
"TCL","Crops and livestock products","356","India","5622","Import value","01443","Rape or colza seed","2022","2022","1000 USD","0","A","Official value",""
"TCL","Crops and livestock products","356","India","5910","Export quantity","01443","Rape or colza seed","2022","2022","t","966","A","Official value",""
"TCL","Crops and livestock products","356","India","5922","Export value","01443","Rape or colza seed","2022","2022","1000 USD","323","A","Official value",""
"TCL","Crops and livestock products","356","India","5910","Export quantity","01443","Rape or colza seed","2023","2023","t","35.52","A","Official value",""
"TCL","Crops and livestock products","356","India","5922","Export value","01443","Rape or colza seed","2023","2023","1000 USD","111","A","Official value",""
"TCL","Crops and livestock products","356","India","5910","Export quantity","01443","Rape or colza seed","2024","2024","t","20.52","A","Official value",""
"TCL","Crops and livestock products","356","India","5922","Export value","01443","Rape or colza seed","2024","2024","1000 USD","50","A","Official value",""
"TCL","Crops and livestock products","356","India","5610","Import quantity","21641.01","Rapeseed or canola oil, crude","2022","2022","t","2044.95","A","Official value",""
"TCL","Crops and livestock products","356","India","5622","Import value","21641.01","Rapeseed or canola oil, crude","2022","2022","1000 USD","4511","A","Official value",""
"TCL","Crops and livestock products","356","India","5910","Export quantity","21641.01","Rapeseed or canola oil, crude","2022","2022","t","2126.03","A","Official value",""
"TCL","Crops and livestock products","356","India","5922","Export value","21641.01","Rapeseed or canola oil, crude","2022","2022","1000 USD","4517","A","Official value",""
"TCL","Crops and livestock products","356","India","5610","Import quantity","21641.01","Rapeseed or canola oil, crude","2023","2023","t","6849.84","A","Official value",""
"TCL","Crops and livestock products","356","India","5622","Import value","21641.01","Rapeseed or canola oil, crude","2023","2023","1000 USD","8261","A","Official value",""
"TCL","Crops and livestock products","356","India","5910","Export quantity","21641.01","Rapeseed or canola oil, crude","2023","2023","t","4344.81","A","Official value",""
"TCL","Crops and livestock products","356","India","5922","Export value","21641.01","Rapeseed or canola oil, crude","2023","2023","1000 USD","7446","A","Official value",""
"TCL","Crops and livestock products","356","India","5610","Import quantity","21641.01","Rapeseed or canola oil, crude","2024","2024","t","7082.21","A","Official value",""
"TCL","Crops and livestock products","356","India","5622","Import value","21641.01","Rapeseed or canola oil, crude","2024","2024","1000 USD","8118","A","Official value",""
"TCL","Crops and livestock products","356","India","5910","Export quantity","21641.01","Rapeseed or canola oil, crude","2024","2024","t","2694.3","A","Official value",""
"TCL","Crops and livestock products","356","India","5922","Export value","21641.01","Rapeseed or canola oil, crude","2024","2024","1000 USD","5048","A","Official value",""
"TCL","Crops and livestock products","356","India","5610","Import quantity","01353.01","Raspberries","2022","2022","t","9.72","A","Official value",""
"TCL","Crops and livestock products","356","India","5622","Import value","01353.01","Raspberries","2022","2022","1000 USD","75","A","Official value",""
"TCL","Crops and livestock products","356","India","5910","Export quantity","01353.01","Raspberries","2022","2022","t","72.36","A","Official value",""
"TCL","Crops and livestock products","356","India","5922","Export value","01353.01","Raspberries","2022","2022","1000 USD","207","A","Official value",""
"TCL","Crops and livestock products","356","India","5610","Import quantity","01353.01","Raspberries","2023","2023","t","6.98","A","Official value",""
"TCL","Crops and livestock products","356","India","5622","Import value","01353.01","Raspberries","2023","2023","1000 USD","64","A","Official value",""
"TCL","Crops and livestock products","356","India","5910","Export quantity","01353.01","Raspberries","2023","2023","t","78.55","A","Official value",""
"TCL","Crops and livestock products","356","India","5922","Export value","01353.01","Raspberries","2023","2023","1000 USD","222","A","Official value",""
"TCL","Crops and livestock products","356","India","5910","Export quantity","01353.01","Raspberries","2024","2024","t","84.19","A","Official value",""
"TCL","Crops and livestock products","356","India","5922","Export value","01353.01","Raspberries","2024","2024","1000 USD","266","A","Official value",""
"TCL","Crops and livestock products","356","India","5610","Import quantity","2351f","Raw cane or beet sugar (centrifugal only)","2022","2022","t","492976.92","A","Official value",""
"TCL","Crops and livestock products","356","India","5622","Import value","2351f","Raw cane or beet sugar (centrifugal only)","2022","2022","1000 USD","245162","A","Official value",""
"TCL","Crops and livestock products","356","India","5910","Export quantity","2351f","Raw cane or beet sugar (centrifugal only)","2022","2022","t","6368186.84","A","Official value",""
"TCL","Crops and livestock products","356","India","5922","Export value","2351f","Raw cane or beet sugar (centrifugal only)","2022","2022","1000 USD","2877347","A","Official value",""
"TCL","Crops and livestock products","356","India","5610","Import quantity","2351f","Raw cane or beet sugar (centrifugal only)","2023","2023","t","2175127.83","A","Official value",""
"TCL","Crops and livestock products","356","India","5622","Import value","2351f","Raw cane or beet sugar (centrifugal only)","2023","2023","1000 USD","1323816","A","Official value",""
"TCL","Crops and livestock products","356","India","5910","Export quantity","2351f","Raw cane or beet sugar (centrifugal only)","2023","2023","t","1940289.63","A","Official value",""
"TCL","Crops and livestock products","356","India","5922","Export value","2351f","Raw cane or beet sugar (centrifugal only)","2023","2023","1000 USD","1003948","A","Official value",""
"TCL","Crops and livestock products","356","India","5610","Import quantity","2351f","Raw cane or beet sugar (centrifugal only)","2024","2024","t","3189387.82","A","Official value",""
"TCL","Crops and livestock products","356","India","5622","Import value","2351f","Raw cane or beet sugar (centrifugal only)","2024","2024","1000 USD","1672621","A","Official value",""
"TCL","Crops and livestock products","356","India","5910","Export quantity","2351f","Raw cane or beet sugar (centrifugal only)","2024","2024","t","899675.4","A","Official value",""
"TCL","Crops and livestock products","356","India","5922","Export value","2351f","Raw cane or beet sugar (centrifugal only)","2024","2024","1000 USD","532674","A","Official value",""
"TCL","Crops and livestock products","356","India","5610","Import quantity","02953.01","Raw hides and skins of sheep or lambs, with wool","2022","2022","t","190.89","A","Official value",""
"TCL","Crops and livestock products","356","India","5622","Import value","02953.01","Raw hides and skins of sheep or lambs, with wool","2022","2022","1000 USD","195","A","Official value",""
"TCL","Crops and livestock products","356","India","5910","Export quantity","02953.01","Raw hides and skins of sheep or lambs, with wool","2022","2022","t","0.24","A","Official value",""
"TCL","Crops and livestock products","356","India","5922","Export value","02953.01","Raw hides and skins of sheep or lambs, with wool","2022","2022","1000 USD","0","A","Official value",""
"TCL","Crops and livestock products","356","India","5610","Import quantity","02953.01","Raw hides and skins of sheep or lambs, with wool","2023","2023","t","1129.64","A","Official value",""
"TCL","Crops and livestock products","356","India","5622","Import value","02953.01","Raw hides and skins of sheep or lambs, with wool","2023","2023","1000 USD","737","A","Official value",""
"TCL","Crops and livestock products","356","India","5610","Import quantity","02953.01","Raw hides and skins of sheep or lambs, with wool","2024","2024","t","854.64","A","Official value",""
"TCL","Crops and livestock products","356","India","5622","Import value","02953.01","Raw hides and skins of sheep or lambs, with wool","2024","2024","1000 USD","565","A","Official value",""
"TCL","Crops and livestock products","356","India","5910","Export quantity","02953.01","Raw hides and skins of sheep or lambs, with wool","2024","2024","t","0.31","A","Official value",""
"TCL","Crops and livestock products","356","India","5922","Export value","02953.01","Raw hides and skins of sheep or lambs, with wool","2024","2024","1000 USD","1","A","Official value",""
"TCL","Crops and livestock products","356","India","5610","Import quantity","02211","Raw milk of cattle","2022","2022","t","456.7","A","Official value",""
"TCL","Crops and livestock products","356","India","5622","Import value","02211","Raw milk of cattle","2022","2022","1000 USD","1562","A","Official value",""
"TCL","Crops and livestock products","356","India","5910","Export quantity","02211","Raw milk of cattle","2022","2022","t","13921.19","A","Official value",""
"TCL","Crops and livestock products","356","India","5922","Export value","02211","Raw milk of cattle","2022","2022","1000 USD","10870","A","Official value",""
"TCL","Crops and livestock products","356","India","5610","Import quantity","02211","Raw milk of cattle","2023","2023","t","597.1","A","Official value",""
"TCL","Crops and livestock products","356","India","5622","Import value","02211","Raw milk of cattle","2023","2023","1000 USD","2374","A","Official value",""
"TCL","Crops and livestock products","356","India","5910","Export quantity","02211","Raw milk of cattle","2023","2023","t","15652.61","A","Official value",""
"TCL","Crops and livestock products","356","India","5922","Export value","02211","Raw milk of cattle","2023","2023","1000 USD","12690","A","Official value",""
"TCL","Crops and livestock products","356","India","5610","Import quantity","02211","Raw milk of cattle","2024","2024","t","700.01","A","Official value",""
"TCL","Crops and livestock products","356","India","5622","Import value","02211","Raw milk of cattle","2024","2024","1000 USD","2735","A","Official value",""
"TCL","Crops and livestock products","356","India","5910","Export quantity","02211","Raw milk of cattle","2024","2024","t","19273.44","A","Official value",""
"TCL","Crops and livestock products","356","India","5922","Export value","02211","Raw milk of cattle","2024","2024","1000 USD","15674","A","Official value",""
"TCL","Crops and livestock products","356","India","5610","Import quantity","26110","Raw silk (not thrown)","2022","2022","t","3865.58","A","Official value",""
"TCL","Crops and livestock products","356","India","5622","Import value","26110","Raw silk (not thrown)","2022","2022","1000 USD","216701","A","Official value",""
"TCL","Crops and livestock products","356","India","5910","Export quantity","26110","Raw silk (not thrown)","2022","2022","t","46.12","A","Official value",""
"TCL","Crops and livestock products","356","India","5922","Export value","26110","Raw silk (not thrown)","2022","2022","1000 USD","146","A","Official value",""
"TCL","Crops and livestock products","356","India","5610","Import quantity","26110","Raw silk (not thrown)","2023","2023","t","2783.44","A","Official value",""
"TCL","Crops and livestock products","356","India","5622","Import value","26110","Raw silk (not thrown)","2023","2023","1000 USD","157835","A","Official value",""
"TCL","Crops and livestock products","356","India","5910","Export quantity","26110","Raw silk (not thrown)","2023","2023","t","29.49","A","Official value",""
"TCL","Crops and livestock products","356","India","5922","Export value","26110","Raw silk (not thrown)","2023","2023","1000 USD","1014","A","Official value",""
"TCL","Crops and livestock products","356","India","5610","Import quantity","26110","Raw silk (not thrown)","2024","2024","t","2037.76","A","Official value",""
"TCL","Crops and livestock products","356","India","5622","Import value","26110","Raw silk (not thrown)","2024","2024","1000 USD","117778","A","Official value",""
"TCL","Crops and livestock products","356","India","5910","Export quantity","26110","Raw silk (not thrown)","2024","2024","t","112.38","A","Official value",""
"TCL","Crops and livestock products","356","India","5922","Export value","26110","Raw silk (not thrown)","2024","2024","1000 USD","3804","A","Official value",""
"TCL","Crops and livestock products","356","India","5610","Import quantity","23530","Refined cane or beet sugar, in solid form, containing added flavouring or colouring matter; maple sugar and maple syrup","2022","2022","t","131","A","Official value",""
"TCL","Crops and livestock products","356","India","5622","Import value","23530","Refined cane or beet sugar, in solid form, containing added flavouring or colouring matter; maple sugar and maple syrup","2022","2022","1000 USD","565","A","Official value",""
"TCL","Crops and livestock products","356","India","5910","Export quantity","23530","Refined cane or beet sugar, in solid form, containing added flavouring or colouring matter; maple sugar and maple syrup","2022","2022","t","9.21","A","Official value",""
"TCL","Crops and livestock products","356","India","5922","Export value","23530","Refined cane or beet sugar, in solid form, containing added flavouring or colouring matter; maple sugar and maple syrup","2022","2022","1000 USD","15","A","Official value",""
"TCL","Crops and livestock products","356","India","5610","Import quantity","23530","Refined cane or beet sugar, in solid form, containing added flavouring or colouring matter; maple sugar and maple syrup","2023","2023","t","212.19","A","Official value",""
"TCL","Crops and livestock products","356","India","5622","Import value","23530","Refined cane or beet sugar, in solid form, containing added flavouring or colouring matter; maple sugar and maple syrup","2023","2023","1000 USD","1002","A","Official value",""
"TCL","Crops and livestock products","356","India","5910","Export quantity","23530","Refined cane or beet sugar, in solid form, containing added flavouring or colouring matter; maple sugar and maple syrup","2023","2023","t","5.41","A","Official value",""
"TCL","Crops and livestock products","356","India","5922","Export value","23530","Refined cane or beet sugar, in solid form, containing added flavouring or colouring matter; maple sugar and maple syrup","2023","2023","1000 USD","10","A","Official value",""
"TCL","Crops and livestock products","356","India","5610","Import quantity","23530","Refined cane or beet sugar, in solid form, containing added flavouring or colouring matter; maple sugar and maple syrup","2024","2024","t","52.6","A","Official value",""
"TCL","Crops and livestock products","356","India","5622","Import value","23530","Refined cane or beet sugar, in solid form, containing added flavouring or colouring matter; maple sugar and maple syrup","2024","2024","1000 USD","452","A","Official value",""
"TCL","Crops and livestock products","356","India","5910","Export quantity","23530","Refined cane or beet sugar, in solid form, containing added flavouring or colouring matter; maple sugar and maple syrup","2024","2024","t","2.3","A","Official value",""
"TCL","Crops and livestock products","356","India","5922","Export value","23530","Refined cane or beet sugar, in solid form, containing added flavouring or colouring matter; maple sugar and maple syrup","2024","2024","1000 USD","7","A","Official value",""
"TCL","Crops and livestock products","356","India","5610","Import quantity","23520","Refined sugar","2022","2022","t","4152.74","A","Official value",""
"TCL","Crops and livestock products","356","India","5622","Import value","23520","Refined sugar","2022","2022","1000 USD","6119","A","Official value",""
"TCL","Crops and livestock products","356","India","5910","Export quantity","23520","Refined sugar","2022","2022","t","5793079.13","A","Official value",""
"TCL","Crops and livestock products","356","India","5922","Export value","23520","Refined sugar","2022","2022","1000 USD","2864654","A","Official value",""
"TCL","Crops and livestock products","356","India","5610","Import quantity","23520","Refined sugar","2023","2023","t","60059.2","I","Value imputed by a receiving agency",""
"TCL","Crops and livestock products","356","India","5622","Import value","23520","Refined sugar","2023","2023","1000 USD","45560","A","Official value",""
"TCL","Crops and livestock products","356","India","5910","Export quantity","23520","Refined sugar","2023","2023","t","4587523.24","A","Official value",""
"TCL","Crops and livestock products","356","India","5922","Export value","23520","Refined sugar","2023","2023","1000 USD","2711078","A","Official value",""
"TCL","Crops and livestock products","356","India","5610","Import quantity","23520","Refined sugar","2024","2024","t","175101.66","A","Official value",""
"TCL","Crops and livestock products","356","India","5622","Import value","23520","Refined sugar","2024","2024","1000 USD","96872","A","Official value",""
"TCL","Crops and livestock products","356","India","5910","Export quantity","23520","Refined sugar","2024","2024","t","2751903.5","A","Official value",""
"TCL","Crops and livestock products","356","India","5922","Export value","23520","Refined sugar","2024","2024","1000 USD","1691561","A","Official value",""
"TCL","Crops and livestock products","356","India","5910","Export quantity","21932.02","Residues of fatty substances","2022","2022","t","209.76","A","Official value",""
"TCL","Crops and livestock products","356","India","5922","Export value","21932.02","Residues of fatty substances","2022","2022","1000 USD","104","A","Official value",""
"TCL","Crops and livestock products","356","India","5610","Import quantity","21932.02","Residues of fatty substances","2023","2023","t","0","A","Official value",""
"TCL","Crops and livestock products","356","India","5622","Import value","21932.02","Residues of fatty substances","2023","2023","1000 USD","0","A","Official value",""
"TCL","Crops and livestock products","356","India","5910","Export quantity","21932.02","Residues of fatty substances","2023","2023","t","476.7","A","Official value",""
"TCL","Crops and livestock products","356","India","5922","Export value","21932.02","Residues of fatty substances","2023","2023","1000 USD","468","A","Official value",""
"TCL","Crops and livestock products","356","India","5610","Import quantity","21932.02","Residues of fatty substances","2024","2024","t","132.96","A","Official value",""
"TCL","Crops and livestock products","356","India","5622","Import value","21932.02","Residues of fatty substances","2024","2024","1000 USD","164","A","Official value",""
"TCL","Crops and livestock products","356","India","5910","Export quantity","21932.02","Residues of fatty substances","2024","2024","t","58.01","A","Official value",""
"TCL","Crops and livestock products","356","India","5922","Export value","21932.02","Residues of fatty substances","2024","2024","1000 USD","25","A","Official value",""
"TCL","Crops and livestock products","356","India","5610","Import quantity","0113","Rice","2022","2022","t","1.41","I","Value imputed by a receiving agency",""
"TCL","Crops and livestock products","356","India","5622","Import value","0113","Rice","2022","2022","1000 USD","7","A","Official value",""
"TCL","Crops and livestock products","356","India","5910","Export quantity","0113","Rice","2022","2022","t","460635.15","A","Official value",""
"TCL","Crops and livestock products","356","India","5922","Export value","0113","Rice","2022","2022","1000 USD","150513","A","Official value",""
"TCL","Crops and livestock products","356","India","5610","Import quantity","0113","Rice","2023","2023","t","31.26","A","Official value",""
"TCL","Crops and livestock products","356","India","5622","Import value","0113","Rice","2023","2023","1000 USD","119","A","Official value",""
"TCL","Crops and livestock products","356","India","5910","Export quantity","0113","Rice","2023","2023","t","444995.63","A","Official value",""
"TCL","Crops and livestock products","356","India","5922","Export value","0113","Rice","2023","2023","1000 USD","155910","A","Official value",""
"TCL","Crops and livestock products","356","India","5610","Import quantity","0113","Rice","2024","2024","t","0.59","A","Official value",""
"TCL","Crops and livestock products","356","India","5622","Import value","0113","Rice","2024","2024","1000 USD","5","A","Official value",""
"TCL","Crops and livestock products","356","India","5910","Export quantity","0113","Rice","2024","2024","t","354676.97","A","Official value",""
"TCL","Crops and livestock products","356","India","5922","Export value","0113","Rice","2024","2024","1000 USD","116004","A","Official value",""
"TCL","Crops and livestock products","356","India","5610","Import quantity","23161.03","Rice, broken","2022","2022","t","51","A","Official value",""
"TCL","Crops and livestock products","356","India","5622","Import value","23161.03","Rice, broken","2022","2022","1000 USD","30","A","Official value",""
"TCL","Crops and livestock products","356","India","5910","Export quantity","23161.03","Rice, broken","2022","2022","t","3893703.88","A","Official value",""
"TCL","Crops and livestock products","356","India","5922","Export value","23161.03","Rice, broken","2022","2022","1000 USD","1203857","A","Official value",""
"TCL","Crops and livestock products","356","India","5610","Import quantity","23161.03","Rice, broken","2023","2023","t","15","A","Official value",""
"TCL","Crops and livestock products","356","India","5622","Import value","23161.03","Rice, broken","2023","2023","1000 USD","13","A","Official value",""
"TCL","Crops and livestock products","356","India","5910","Export quantity","23161.03","Rice, broken","2023","2023","t","971485.23","A","Official value",""
"TCL","Crops and livestock products","356","India","5922","Export value","23161.03","Rice, broken","2023","2023","1000 USD","328434","A","Official value",""
"TCL","Crops and livestock products","356","India","5610","Import quantity","23161.03","Rice, broken","2024","2024","t","61","A","Official value",""
"TCL","Crops and livestock products","356","India","5622","Import value","23161.03","Rice, broken","2024","2024","1000 USD","40","A","Official value",""
"TCL","Crops and livestock products","356","India","5910","Export quantity","23161.03","Rice, broken","2024","2024","t","762240.75","A","Official value",""
"TCL","Crops and livestock products","356","India","5922","Export value","23161.03","Rice, broken","2024","2024","1000 USD","300183","A","Official value",""
"TCL","Crops and livestock products","356","India","5610","Import quantity","23161.02","Rice, milled","2022","2022","t","11430.98","A","Official value",""
"TCL","Crops and livestock products","356","India","5622","Import value","23161.02","Rice, milled","2022","2022","1000 USD","7106","A","Official value",""
"TCL","Crops and livestock products","356","India","5910","Export quantity","23161.02","Rice, milled","2022","2022","t","17866081.6","A","Official value",""
"TCL","Crops and livestock products","356","India","5922","Export value","23161.02","Rice, milled","2022","2022","1000 USD","9400160","A","Official value",""
"TCL","Crops and livestock products","356","India","5610","Import quantity","23161.02","Rice, milled","2023","2023","t","5962.08","A","Official value",""
"TCL","Crops and livestock products","356","India","5622","Import value","23161.02","Rice, milled","2023","2023","1000 USD","5207","A","Official value",""
"TCL","Crops and livestock products","356","India","5910","Export quantity","23161.02","Rice, milled","2023","2023","t","16325729.67","A","Official value",""
"TCL","Crops and livestock products","356","India","5922","Export value","23161.02","Rice, milled","2023","2023","1000 USD","9914203","A","Official value",""
"TCL","Crops and livestock products","356","India","5610","Import quantity","23161.02","Rice, milled","2024","2024","t","5863.27","A","Official value",""
"TCL","Crops and livestock products","356","India","5622","Import value","23161.02","Rice, milled","2024","2024","1000 USD","5439","A","Official value",""
"TCL","Crops and livestock products","356","India","5910","Export quantity","23161.02","Rice, milled","2024","2024","t","16509365.66","A","Official value",""
"TCL","Crops and livestock products","356","India","5922","Export value","23161.02","Rice, milled","2024","2024","1000 USD","11052736","A","Official value",""
"TCL","Crops and livestock products","356","India","5610","Import quantity","F0030","Rice, paddy (rice milled equivalent)","2022","2022","t","11797.9","A","Official value",""
"TCL","Crops and livestock products","356","India","5622","Import value","F0030","Rice, paddy (rice milled equivalent)","2022","2022","1000 USD","7419","A","Official value",""
"TCL","Crops and livestock products","356","India","5910","Export quantity","F0030","Rice, paddy (rice milled equivalent)","2022","2022","t","22073746.66","A","Official value",""
"TCL","Crops and livestock products","356","India","5922","Export value","F0030","Rice, paddy (rice milled equivalent)","2022","2022","1000 USD","10766623","A","Official value",""
"TCL","Crops and livestock products","356","India","5610","Import quantity","F0030","Rice, paddy (rice milled equivalent)","2023","2023","t","5997.4","A","Official value",""
"TCL","Crops and livestock products","356","India","5622","Import value","F0030","Rice, paddy (rice milled equivalent)","2023","2023","1000 USD","5339","A","Official value",""
"TCL","Crops and livestock products","356","India","5910","Export quantity","F0030","Rice, paddy (rice milled equivalent)","2023","2023","t","17696955.46","A","Official value",""
"TCL","Crops and livestock products","356","India","5922","Export value","F0030","Rice, paddy (rice milled equivalent)","2023","2023","1000 USD","10453280","A","Official value",""
"TCL","Crops and livestock products","356","India","5610","Import quantity","F0030","Rice, paddy (rice milled equivalent)","2024","2024","t","6163.37","A","Official value",""
"TCL","Crops and livestock products","356","India","5622","Import value","F0030","Rice, paddy (rice milled equivalent)","2024","2024","1000 USD","5621","A","Official value",""
"TCL","Crops and livestock products","356","India","5910","Export quantity","F0030","Rice, paddy (rice milled equivalent)","2024","2024","t","17877117.07","A","Official value",""
"TCL","Crops and livestock products","356","India","5922","Export value","F0030","Rice, paddy (rice milled equivalent)","2024","2024","1000 USD","11647536","A","Official value",""
"TCL","Crops and livestock products","356","India","5910","Export quantity","0116","Rye","2022","2022","t","0.45","A","Official value",""
"TCL","Crops and livestock products","356","India","5922","Export value","0116","Rye","2022","2022","1000 USD","2","A","Official value",""
"TCL","Crops and livestock products","356","India","5910","Export quantity","0116","Rye","2023","2023","t","2.36","A","Official value",""
"TCL","Crops and livestock products","356","India","5922","Export value","0116","Rye","2023","2023","1000 USD","5","A","Official value",""
"TCL","Crops and livestock products","356","India","5910","Export quantity","0116","Rye","2024","2024","t","0.1","A","Official value",""
"TCL","Crops and livestock products","356","India","5922","Export value","0116","Rye","2024","2024","1000 USD","0","A","Official value",""
"TCL","Crops and livestock products","356","India","5910","Export quantity","01446","Safflower seed","2022","2022","t","2109.58","A","Official value",""
"TCL","Crops and livestock products","356","India","5922","Export value","01446","Safflower seed","2022","2022","1000 USD","1773","A","Official value",""
"TCL","Crops and livestock products","356","India","5910","Export quantity","01446","Safflower seed","2023","2023","t","2601.35","A","Official value",""
"TCL","Crops and livestock products","356","India","5922","Export value","01446","Safflower seed","2023","2023","1000 USD","1787","A","Official value",""
"TCL","Crops and livestock products","356","India","5610","Import quantity","01446","Safflower seed","2024","2024","t","0.02","A","Official value",""
"TCL","Crops and livestock products","356","India","5622","Import value","01446","Safflower seed","2024","2024","1000 USD","1","A","Official value",""
"TCL","Crops and livestock products","356","India","5910","Export quantity","01446","Safflower seed","2024","2024","t","2767.04","A","Official value",""
"TCL","Crops and livestock products","356","India","5922","Export value","01446","Safflower seed","2024","2024","1000 USD","1793","A","Official value",""
"TCL","Crops and livestock products","356","India","5610","Import quantity","21631.02","Safflower-seed oil, crude","2022","2022","t","31.1","I","Value imputed by a receiving agency",""
"TCL","Crops and livestock products","356","India","5622","Import value","21631.02","Safflower-seed oil, crude","2022","2022","1000 USD","55","A","Official value",""
"TCL","Crops and livestock products","356","India","5910","Export quantity","21631.02","Safflower-seed oil, crude","2022","2022","t","151.07","A","Official value",""
"TCL","Crops and livestock products","356","India","5922","Export value","21631.02","Safflower-seed oil, crude","2022","2022","1000 USD","435","A","Official value",""
"TCL","Crops and livestock products","356","India","5610","Import quantity","21631.02","Safflower-seed oil, crude","2023","2023","t","9.87","I","Value imputed by a receiving agency",""
"TCL","Crops and livestock products","356","India","5622","Import value","21631.02","Safflower-seed oil, crude","2023","2023","1000 USD","19","A","Official value",""
"TCL","Crops and livestock products","356","India","5910","Export quantity","21631.02","Safflower-seed oil, crude","2023","2023","t","136.98","A","Official value",""
"TCL","Crops and livestock products","356","India","5922","Export value","21631.02","Safflower-seed oil, crude","2023","2023","1000 USD","334","A","Official value",""
"TCL","Crops and livestock products","356","India","5610","Import quantity","21631.02","Safflower-seed oil, crude","2024","2024","t","0.2","A","Official value",""
"TCL","Crops and livestock products","356","India","5622","Import value","21631.02","Safflower-seed oil, crude","2024","2024","1000 USD","0","A","Official value",""
"TCL","Crops and livestock products","356","India","5910","Export quantity","21631.02","Safflower-seed oil, crude","2024","2024","t","111.92","A","Official value",""
"TCL","Crops and livestock products","356","India","5922","Export value","21631.02","Safflower-seed oil, crude","2024","2024","1000 USD","263","A","Official value",""
"TCL","Crops and livestock products","356","India","5610","Import quantity","21184.02","Sausages and similar products of meat, offal or blood of pig","2022","2022","t","52.65","A","Official value",""
"TCL","Crops and livestock products","356","India","5622","Import value","21184.02","Sausages and similar products of meat, offal or blood of pig","2022","2022","1000 USD","193","A","Official value",""
"TCL","Crops and livestock products","356","India","5910","Export quantity","21184.02","Sausages and similar products of meat, offal or blood of pig","2022","2022","t","180.64","A","Official value",""
"TCL","Crops and livestock products","356","India","5922","Export value","21184.02","Sausages and similar products of meat, offal or blood of pig","2022","2022","1000 USD","652","A","Official value",""
"TCL","Crops and livestock products","356","India","5610","Import quantity","21184.02","Sausages and similar products of meat, offal or blood of pig","2023","2023","t","13.62","A","Official value",""
"TCL","Crops and livestock products","356","India","5622","Import value","21184.02","Sausages and similar products of meat, offal or blood of pig","2023","2023","1000 USD","49","A","Official value",""
"TCL","Crops and livestock products","356","India","5910","Export quantity","21184.02","Sausages and similar products of meat, offal or blood of pig","2023","2023","t","133.52","A","Official value",""
"TCL","Crops and livestock products","356","India","5922","Export value","21184.02","Sausages and similar products of meat, offal or blood of pig","2023","2023","1000 USD","479","A","Official value",""
"TCL","Crops and livestock products","356","India","5610","Import quantity","21184.02","Sausages and similar products of meat, offal or blood of pig","2024","2024","t","13.64","A","Official value",""
"TCL","Crops and livestock products","356","India","5622","Import value","21184.02","Sausages and similar products of meat, offal or blood of pig","2024","2024","1000 USD","54","A","Official value",""
"TCL","Crops and livestock products","356","India","5910","Export quantity","21184.02","Sausages and similar products of meat, offal or blood of pig","2024","2024","t","128.31","A","Official value",""
"TCL","Crops and livestock products","356","India","5922","Export value","21184.02","Sausages and similar products of meat, offal or blood of pig","2024","2024","1000 USD","506","A","Official value",""
"TCL","Crops and livestock products","356","India","5610","Import quantity","01444","Sesame seed","2022","2022","t","23629.85","A","Official value",""
"TCL","Crops and livestock products","356","India","5622","Import value","01444","Sesame seed","2022","2022","1000 USD","35460","A","Official value",""
"TCL","Crops and livestock products","356","India","5910","Export quantity","01444","Sesame seed","2022","2022","t","234458.49","A","Official value",""
"TCL","Crops and livestock products","356","India","5922","Export value","01444","Sesame seed","2022","2022","1000 USD","421674","A","Official value",""
"TCL","Crops and livestock products","356","India","5610","Import quantity","01444","Sesame seed","2023","2023","t","124977.42","A","Official value",""
"TCL","Crops and livestock products","356","India","5622","Import value","01444","Sesame seed","2023","2023","1000 USD","205222","A","Official value",""
"TCL","Crops and livestock products","356","India","5910","Export quantity","01444","Sesame seed","2023","2023","t","224693.58","A","Official value",""
"TCL","Crops and livestock products","356","India","5922","Export value","01444","Sesame seed","2023","2023","1000 USD","489346","A","Official value",""
"TCL","Crops and livestock products","356","India","5610","Import quantity","01444","Sesame seed","2024","2024","t","140729.58","A","Official value",""
"TCL","Crops and livestock products","356","India","5622","Import value","01444","Sesame seed","2024","2024","1000 USD","216314","A","Official value",""
"TCL","Crops and livestock products","356","India","5910","Export quantity","01444","Sesame seed","2024","2024","t","244269.42","A","Official value",""
"TCL","Crops and livestock products","356","India","5922","Export value","01444","Sesame seed","2024","2024","1000 USD","497268","A","Official value",""
"TCL","Crops and livestock products","356","India","5908","Export quantity","02122","Sheep","2022","2022","An","994","A","Official value",""
"TCL","Crops and livestock products","356","India","5922","Export value","02122","Sheep","2022","2022","1000 USD","36","A","Official value",""
"TCL","Crops and livestock products","356","India","5908","Export quantity","02122","Sheep","2023","2023","An","11356","A","Official value",""
"TCL","Crops and livestock products","356","India","5922","Export value","02122","Sheep","2023","2023","1000 USD","514","A","Official value",""
"TCL","Crops and livestock products","356","India","5908","Export quantity","02122","Sheep","2024","2024","An","142687","A","Official value",""
"TCL","Crops and livestock products","356","India","5922","Export value","02122","Sheep","2024","2024","1000 USD","7206","A","Official value",""
"TCL","Crops and livestock products","356","India","5610","Import quantity","02941","Shorn wool, greasy, including fleece-washed shorn wool","2022","2022","t","40521.2","A","Official value",""
"TCL","Crops and livestock products","356","India","5622","Import value","02941","Shorn wool, greasy, including fleece-washed shorn wool","2022","2022","1000 USD","171005","A","Official value",""
"TCL","Crops and livestock products","356","India","5910","Export quantity","02941","Shorn wool, greasy, including fleece-washed shorn wool","2022","2022","t","38.65","A","Official value",""
"TCL","Crops and livestock products","356","India","5922","Export value","02941","Shorn wool, greasy, including fleece-washed shorn wool","2022","2022","1000 USD","134","A","Official value",""
"TCL","Crops and livestock products","356","India","5610","Import quantity","02941","Shorn wool, greasy, including fleece-washed shorn wool","2023","2023","t","36945.35","A","Official value",""
"TCL","Crops and livestock products","356","India","5622","Import value","02941","Shorn wool, greasy, including fleece-washed shorn wool","2023","2023","1000 USD","147656","A","Official value",""
"TCL","Crops and livestock products","356","India","5910","Export quantity","02941","Shorn wool, greasy, including fleece-washed shorn wool","2023","2023","t","41.88","A","Official value",""
"TCL","Crops and livestock products","356","India","5922","Export value","02941","Shorn wool, greasy, including fleece-washed shorn wool","2023","2023","1000 USD","62","A","Official value",""
"TCL","Crops and livestock products","356","India","5610","Import quantity","02941","Shorn wool, greasy, including fleece-washed shorn wool","2024","2024","t","32500.61","A","Official value",""
"TCL","Crops and livestock products","356","India","5622","Import value","02941","Shorn wool, greasy, including fleece-washed shorn wool","2024","2024","1000 USD","112240","A","Official value",""
"TCL","Crops and livestock products","356","India","5910","Export quantity","02941","Shorn wool, greasy, including fleece-washed shorn wool","2024","2024","t","0.79","A","Official value",""
"TCL","Crops and livestock products","356","India","5922","Export value","02941","Shorn wool, greasy, including fleece-washed shorn wool","2024","2024","1000 USD","2","A","Official value",""
"TCL","Crops and livestock products","356","India","5610","Import quantity","39211","Silk waste","2022","2022","t","31.93","A","Official value",""
"TCL","Crops and livestock products","356","India","5622","Import value","39211","Silk waste","2022","2022","1000 USD","1031","A","Official value",""
"TCL","Crops and livestock products","356","India","5910","Export quantity","39211","Silk waste","2022","2022","t","2190.25","A","Official value",""
"TCL","Crops and livestock products","356","India","5922","Export value","39211","Silk waste","2022","2022","1000 USD","19485","A","Official value",""
"TCL","Crops and livestock products","356","India","5610","Import quantity","39211","Silk waste","2023","2023","t","41.23","A","Official value",""
"TCL","Crops and livestock products","356","India","5622","Import value","39211","Silk waste","2023","2023","1000 USD","1509","A","Official value",""
"TCL","Crops and livestock products","356","India","5910","Export quantity","39211","Silk waste","2023","2023","t","3259.53","A","Official value",""
"TCL","Crops and livestock products","356","India","5922","Export value","39211","Silk waste","2023","2023","1000 USD","35022","A","Official value",""
"TCL","Crops and livestock products","356","India","5610","Import quantity","39211","Silk waste","2024","2024","t","47.04","A","Official value",""
"TCL","Crops and livestock products","356","India","5622","Import value","39211","Silk waste","2024","2024","1000 USD","1728","A","Official value",""
"TCL","Crops and livestock products","356","India","5910","Export quantity","39211","Silk waste","2024","2024","t","2911.49","A","Official value",""
"TCL","Crops and livestock products","356","India","5922","Export value","39211","Silk waste","2024","2024","1000 USD","33330","A","Official value",""
"TCL","Crops and livestock products","356","India","5910","Export quantity","02944","Silk-worm cocoons suitable for reeling","2022","2022","t","0.08","A","Official value",""
"TCL","Crops and livestock products","356","India","5922","Export value","02944","Silk-worm cocoons suitable for reeling","2022","2022","1000 USD","0","A","Official value",""
"TCL","Crops and livestock products","356","India","5910","Export quantity","02944","Silk-worm cocoons suitable for reeling","2023","2023","t","0.47","A","Official value",""
"TCL","Crops and livestock products","356","India","5922","Export value","02944","Silk-worm cocoons suitable for reeling","2023","2023","1000 USD","16","A","Official value",""
"TCL","Crops and livestock products","356","India","5910","Export quantity","02944","Silk-worm cocoons suitable for reeling","2024","2024","t","0.44","A","Official value",""
"TCL","Crops and livestock products","356","India","5922","Export value","02944","Silk-worm cocoons suitable for reeling","2024","2024","1000 USD","4","A","Official value",""
"TCL","Crops and livestock products","356","India","5610","Import quantity","22212","Skim milk and whey powder","2022","2022","t","306.87","A","Official value",""
"TCL","Crops and livestock products","356","India","5622","Import value","22212","Skim milk and whey powder","2022","2022","1000 USD","1412","A","Official value",""
"TCL","Crops and livestock products","356","India","5910","Export quantity","22212","Skim milk and whey powder","2022","2022","t","28196.19","A","Official value",""
"TCL","Crops and livestock products","356","India","5922","Export value","22212","Skim milk and whey powder","2022","2022","1000 USD","98619","A","Official value",""
"TCL","Crops and livestock products","356","India","5610","Import quantity","22212","Skim milk and whey powder","2023","2023","t","1164.37","A","Official value",""
"TCL","Crops and livestock products","356","India","5622","Import value","22212","Skim milk and whey powder","2023","2023","1000 USD","3662","A","Official value",""
"TCL","Crops and livestock products","356","India","5910","Export quantity","22212","Skim milk and whey powder","2023","2023","t","1477.94","A","Official value",""
"TCL","Crops and livestock products","356","India","5922","Export value","22212","Skim milk and whey powder","2023","2023","1000 USD","5973","A","Official value",""
"TCL","Crops and livestock products","356","India","5610","Import quantity","22212","Skim milk and whey powder","2024","2024","t","133","A","Official value",""
"TCL","Crops and livestock products","356","India","5622","Import value","22212","Skim milk and whey powder","2024","2024","1000 USD","395","A","Official value",""
"TCL","Crops and livestock products","356","India","5910","Export quantity","22212","Skim milk and whey powder","2024","2024","t","9297.57","A","Official value",""
"TCL","Crops and livestock products","356","India","5922","Export value","22212","Skim milk and whey powder","2024","2024","1000 USD","24575","A","Official value",""
"TCL","Crops and livestock products","356","India","5910","Export quantity","22110.02","Skim milk of cows","2022","2022","t","152.13","A","Official value",""
"TCL","Crops and livestock products","356","India","5922","Export value","22110.02","Skim milk of cows","2022","2022","1000 USD","105","A","Official value",""
"TCL","Crops and livestock products","356","India","5910","Export quantity","22110.02","Skim milk of cows","2023","2023","t","311.72","A","Official value",""
"TCL","Crops and livestock products","356","India","5922","Export value","22110.02","Skim milk of cows","2023","2023","1000 USD","229","A","Official value",""
"TCL","Crops and livestock products","356","India","5910","Export quantity","22110.02","Skim milk of cows","2024","2024","t","662.22","A","Official value",""
"TCL","Crops and livestock products","356","India","5922","Export value","22110.02","Skim milk of cows","2024","2024","1000 USD","492","A","Official value",""
"TCL","Crops and livestock products","356","India","5610","Import quantity","02953.04","Skins, dry-salted of sheep","2022","2022","t","4015.26","A","Official value",""
"TCL","Crops and livestock products","356","India","5622","Import value","02953.04","Skins, dry-salted of sheep","2022","2022","1000 USD","9406","A","Official value",""
"TCL","Crops and livestock products","356","India","5910","Export quantity","02953.04","Skins, dry-salted of sheep","2022","2022","t","0.09","A","Official value",""
"TCL","Crops and livestock products","356","India","5922","Export value","02953.04","Skins, dry-salted of sheep","2022","2022","1000 USD","1","A","Official value",""
"TCL","Crops and livestock products","356","India","5610","Import quantity","02953.04","Skins, dry-salted of sheep","2023","2023","t","2015.11","A","Official value",""
"TCL","Crops and livestock products","356","India","5622","Import value","02953.04","Skins, dry-salted of sheep","2023","2023","1000 USD","4549","A","Official value",""
"TCL","Crops and livestock products","356","India","5910","Export quantity","02953.04","Skins, dry-salted of sheep","2023","2023","t","0","A","Official value",""
"TCL","Crops and livestock products","356","India","5922","Export value","02953.04","Skins, dry-salted of sheep","2023","2023","1000 USD","0","A","Official value",""
"TCL","Crops and livestock products","356","India","5610","Import quantity","02953.04","Skins, dry-salted of sheep","2024","2024","t","1924.86","A","Official value",""
"TCL","Crops and livestock products","356","India","5622","Import value","02953.04","Skins, dry-salted of sheep","2024","2024","1000 USD","5029","A","Official value",""
"TCL","Crops and livestock products","356","India","5910","Export quantity","02953.04","Skins, dry-salted of sheep","2024","2024","t","9.5","A","Official value",""
"TCL","Crops and livestock products","356","India","5922","Export value","02953.04","Skins, dry-salted of sheep","2024","2024","1000 USD","4","A","Official value",""
"TCL","Crops and livestock products","356","India","5610","Import quantity","02955.90","Skins, furs","2022","2022","t","0","A","Official value",""
"TCL","Crops and livestock products","356","India","5622","Import value","02955.90","Skins, furs","2022","2022","1000 USD","14","A","Official value",""
"TCL","Crops and livestock products","356","India","5910","Export quantity","02955.90","Skins, furs","2022","2022","t","0.04","A","Official value",""
"TCL","Crops and livestock products","356","India","5922","Export value","02955.90","Skins, furs","2022","2022","1000 USD","0","A","Official value",""
"TCL","Crops and livestock products","356","India","5610","Import quantity","02955.90","Skins, furs","2023","2023","t","0","A","Official value",""
"TCL","Crops and livestock products","356","India","5622","Import value","02955.90","Skins, furs","2023","2023","1000 USD","14","A","Official value",""
"TCL","Crops and livestock products","356","India","5910","Export quantity","02955.90","Skins, furs","2023","2023","t","1.21","A","Official value",""
"TCL","Crops and livestock products","356","India","5922","Export value","02955.90","Skins, furs","2023","2023","1000 USD","5","A","Official value",""
"TCL","Crops and livestock products","356","India","5910","Export quantity","02955.90","Skins, furs","2024","2024","t","0.17","A","Official value",""
"TCL","Crops and livestock products","356","India","5922","Export value","02955.90","Skins, furs","2024","2024","1000 USD","1","A","Official value",""
"TCL","Crops and livestock products","356","India","5610","Import quantity","02955.01","Skins, karakul","2022","2022","t","20.53","I","Value imputed by a receiving agency",""
"TCL","Crops and livestock products","356","India","5622","Import value","02955.01","Skins, karakul","2022","2022","1000 USD","449","A","Official value",""
"TCL","Crops and livestock products","356","India","5610","Import quantity","02955.01","Skins, karakul","2023","2023","t","10.02","I","Value imputed by a receiving agency",""
"TCL","Crops and livestock products","356","India","5622","Import value","02955.01","Skins, karakul","2023","2023","1000 USD","704","A","Official value",""
"TCL","Crops and livestock products","356","India","5610","Import quantity","02955.01","Skins, karakul","2024","2024","t","20.22","I","Value imputed by a receiving agency",""
"TCL","Crops and livestock products","356","India","5622","Import value","02955.01","Skins, karakul","2024","2024","1000 USD","741","A","Official value",""
"TCL","Crops and livestock products","356","India","5610","Import quantity","02959.03","Skins, pig, wet salted","2022","2022","t","0.07","A","Official value",""
"TCL","Crops and livestock products","356","India","5622","Import value","02959.03","Skins, pig, wet salted","2022","2022","1000 USD","0","A","Official value",""
"TCL","Crops and livestock products","356","India","5610","Import quantity","02951.06","Skins, wet-salted of calves","2022","2022","t","17110.62","A","Official value",""
"TCL","Crops and livestock products","356","India","5622","Import value","02951.06","Skins, wet-salted of calves","2022","2022","1000 USD","22595","A","Official value",""
"TCL","Crops and livestock products","356","India","5910","Export quantity","02951.06","Skins, wet-salted of calves","2022","2022","t","1448.73","A","Official value",""
"TCL","Crops and livestock products","356","India","5922","Export value","02951.06","Skins, wet-salted of calves","2022","2022","1000 USD","419","A","Official value",""
"TCL","Crops and livestock products","356","India","5610","Import quantity","02951.06","Skins, wet-salted of calves","2023","2023","t","12591.44","A","Official value",""
"TCL","Crops and livestock products","356","India","5622","Import value","02951.06","Skins, wet-salted of calves","2023","2023","1000 USD","13334","A","Official value",""
"TCL","Crops and livestock products","356","India","5910","Export quantity","02951.06","Skins, wet-salted of calves","2023","2023","t","8815.68","A","Official value",""
"TCL","Crops and livestock products","356","India","5922","Export value","02951.06","Skins, wet-salted of calves","2023","2023","1000 USD","2612","A","Official value",""
"TCL","Crops and livestock products","356","India","5610","Import quantity","02951.06","Skins, wet-salted of calves","2024","2024","t","19429.96","A","Official value",""
"TCL","Crops and livestock products","356","India","5622","Import value","02951.06","Skins, wet-salted of calves","2024","2024","1000 USD","19446","A","Official value",""
"TCL","Crops and livestock products","356","India","5910","Export quantity","02951.06","Skins, wet-salted of calves","2024","2024","t","7284.19","A","Official value",""
"TCL","Crops and livestock products","356","India","5922","Export value","02951.06","Skins, wet-salted of calves","2024","2024","1000 USD","1288","A","Official value",""
"TCL","Crops and livestock products","356","India","5610","Import quantity","0114","Sorghum","2022","2022","t","0.57","A","Official value",""
"TCL","Crops and livestock products","356","India","5622","Import value","0114","Sorghum","2022","2022","1000 USD","3","A","Official value",""
"TCL","Crops and livestock products","356","India","5910","Export quantity","0114","Sorghum","2022","2022","t","39830.6","A","Official value",""
"TCL","Crops and livestock products","356","India","5922","Export value","0114","Sorghum","2022","2022","1000 USD","16924","A","Official value",""
"TCL","Crops and livestock products","356","India","5610","Import quantity","0114","Sorghum","2023","2023","t","24","A","Official value",""
"TCL","Crops and livestock products","356","India","5622","Import value","0114","Sorghum","2023","2023","1000 USD","12","A","Official value",""
"TCL","Crops and livestock products","356","India","5910","Export quantity","0114","Sorghum","2023","2023","t","35045.63","A","Official value",""
"TCL","Crops and livestock products","356","India","5922","Export value","0114","Sorghum","2023","2023","1000 USD","17203","A","Official value",""
"TCL","Crops and livestock products","356","India","5610","Import quantity","0114","Sorghum","2024","2024","t","0.15","A","Official value",""
"TCL","Crops and livestock products","356","India","5622","Import value","0114","Sorghum","2024","2024","1000 USD","1","A","Official value",""
"TCL","Crops and livestock products","356","India","5910","Export quantity","0114","Sorghum","2024","2024","t","36733.5","A","Official value",""
"TCL","Crops and livestock products","356","India","5922","Export value","0114","Sorghum","2024","2024","1000 USD","18218","A","Official value",""
"TCL","Crops and livestock products","356","India","5610","Import quantity","01344.01","Sour cherries","2022","2022","t","1.9","A","Official value",""
"TCL","Crops and livestock products","356","India","5622","Import value","01344.01","Sour cherries","2022","2022","1000 USD","16","A","Official value",""
"TCL","Crops and livestock products","356","India","5910","Export quantity","01344.01","Sour cherries","2022","2022","t","0.23","A","Official value",""
"TCL","Crops and livestock products","356","India","5922","Export value","01344.01","Sour cherries","2022","2022","1000 USD","0","A","Official value",""
"TCL","Crops and livestock products","356","India","5910","Export quantity","01344.01","Sour cherries","2023","2023","t","0.06","A","Official value",""
"TCL","Crops and livestock products","356","India","5922","Export value","01344.01","Sour cherries","2023","2023","1000 USD","0","A","Official value",""
"TCL","Crops and livestock products","356","India","5910","Export quantity","01344.01","Sour cherries","2024","2024","t","1.22","A","Official value",""
"TCL","Crops and livestock products","356","India","5922","Export value","01344.01","Sour cherries","2024","2024","1000 USD","4","A","Official value",""
"TCL","Crops and livestock products","356","India","5610","Import quantity","2161","Soya bean oil","2022","2022","t","3912174.04","A","Official value",""
"TCL","Crops and livestock products","356","India","5622","Import value","2161","Soya bean oil","2022","2022","1000 USD","6095772","A","Official value",""
"TCL","Crops and livestock products","356","India","5910","Export quantity","2161","Soya bean oil","2022","2022","t","14995.06","A","Official value",""
"TCL","Crops and livestock products","356","India","5922","Export value","2161","Soya bean oil","2022","2022","1000 USD","29392","A","Official value",""
"TCL","Crops and livestock products","356","India","5610","Import quantity","2161","Soya bean oil","2023","2023","t","3502885.94","A","Official value",""
"TCL","Crops and livestock products","356","India","5622","Import value","2161","Soya bean oil","2023","2023","1000 USD","4024775","A","Official value",""
"TCL","Crops and livestock products","356","India","5910","Export quantity","2161","Soya bean oil","2023","2023","t","11926.54","A","Official value",""
"TCL","Crops and livestock products","356","India","5922","Export value","2161","Soya bean oil","2023","2023","1000 USD","19365","A","Official value",""
"TCL","Crops and livestock products","356","India","5610","Import quantity","2161","Soya bean oil","2024","2024","t","4147673.28","A","Official value",""
"TCL","Crops and livestock products","356","India","5622","Import value","2161","Soya bean oil","2024","2024","1000 USD","4131220","A","Official value",""
"TCL","Crops and livestock products","356","India","5910","Export quantity","2161","Soya bean oil","2024","2024","t","16003.86","A","Official value",""
"TCL","Crops and livestock products","356","India","5922","Export value","2161","Soya bean oil","2024","2024","1000 USD","22080","A","Official value",""
"TCL","Crops and livestock products","356","India","5610","Import quantity","0141","Soya beans","2022","2022","t","489574.93","A","Official value",""
"TCL","Crops and livestock products","356","India","5622","Import value","0141","Soya beans","2022","2022","1000 USD","416441","A","Official value",""
"TCL","Crops and livestock products","356","India","5910","Export quantity","0141","Soya beans","2022","2022","t","54393.26","A","Official value",""
"TCL","Crops and livestock products","356","India","5922","Export value","0141","Soya beans","2022","2022","1000 USD","50343","A","Official value",""
"TCL","Crops and livestock products","356","India","5610","Import quantity","0141","Soya beans","2023","2023","t","724938.63","A","Official value",""
"TCL","Crops and livestock products","356","India","5622","Import value","0141","Soya beans","2023","2023","1000 USD","457079","A","Official value",""
"TCL","Crops and livestock products","356","India","5910","Export quantity","0141","Soya beans","2023","2023","t","22477.34","A","Official value",""
"TCL","Crops and livestock products","356","India","5922","Export value","0141","Soya beans","2023","2023","1000 USD","18116","A","Official value",""
"TCL","Crops and livestock products","356","India","5610","Import quantity","0141","Soya beans","2024","2024","t","593111.53","A","Official value",""
"TCL","Crops and livestock products","356","India","5622","Import value","0141","Soya beans","2024","2024","1000 USD","343576","A","Official value",""
"TCL","Crops and livestock products","356","India","5910","Export quantity","0141","Soya beans","2024","2024","t","7169.19","A","Official value",""
"TCL","Crops and livestock products","356","India","5922","Export value","0141","Soya beans","2024","2024","1000 USD","4409","A","Official value",""
"TCL","Crops and livestock products","356","India","5610","Import quantity","23995.01","Soya sauce","2022","2022","t","1677.01","A","Official value",""
"TCL","Crops and livestock products","356","India","5622","Import value","23995.01","Soya sauce","2022","2022","1000 USD","2690","A","Official value",""
"TCL","Crops and livestock products","356","India","5910","Export quantity","23995.01","Soya sauce","2022","2022","t","1347.86","A","Official value",""
"TCL","Crops and livestock products","356","India","5922","Export value","23995.01","Soya sauce","2022","2022","1000 USD","1501","A","Official value",""
"TCL","Crops and livestock products","356","India","5610","Import quantity","23995.01","Soya sauce","2023","2023","t","2313.64","A","Official value",""
"TCL","Crops and livestock products","356","India","5622","Import value","23995.01","Soya sauce","2023","2023","1000 USD","3783","A","Official value",""
"TCL","Crops and livestock products","356","India","5910","Export quantity","23995.01","Soya sauce","2023","2023","t","1136.38","A","Official value",""
"TCL","Crops and livestock products","356","India","5922","Export value","23995.01","Soya sauce","2023","2023","1000 USD","1630","A","Official value",""
"TCL","Crops and livestock products","356","India","5610","Import quantity","23995.01","Soya sauce","2024","2024","t","2964.99","A","Official value",""
"TCL","Crops and livestock products","356","India","5622","Import value","23995.01","Soya sauce","2024","2024","1000 USD","4805","A","Official value",""
"TCL","Crops and livestock products","356","India","5910","Export quantity","23995.01","Soya sauce","2024","2024","t","1258.93","A","Official value",""
"TCL","Crops and livestock products","356","India","5922","Export value","23995.01","Soya sauce","2024","2024","1000 USD","1800","A","Official value",""
"TCL","Crops and livestock products","356","India","5610","Import quantity","02960.02","Spermaceti","2022","2022","t","11.18","A","Official value",""
"TCL","Crops and livestock products","356","India","5622","Import value","02960.02","Spermaceti","2022","2022","1000 USD","151","A","Official value",""
"TCL","Crops and livestock products","356","India","5910","Export quantity","02960.02","Spermaceti","2022","2022","t","289.42","A","Official value",""
"TCL","Crops and livestock products","356","India","5922","Export value","02960.02","Spermaceti","2022","2022","1000 USD","1357","A","Official value",""
"TCL","Crops and livestock products","356","India","5610","Import quantity","02960.02","Spermaceti","2023","2023","t","4.3","A","Official value",""
"TCL","Crops and livestock products","356","India","5622","Import value","02960.02","Spermaceti","2023","2023","1000 USD","109","A","Official value",""
"TCL","Crops and livestock products","356","India","5910","Export quantity","02960.02","Spermaceti","2023","2023","t","210.79","A","Official value",""
"TCL","Crops and livestock products","356","India","5922","Export value","02960.02","Spermaceti","2023","2023","1000 USD","979","A","Official value",""
"TCL","Crops and livestock products","356","India","5610","Import quantity","02960.02","Spermaceti","2024","2024","t","4.38","A","Official value",""
"TCL","Crops and livestock products","356","India","5622","Import value","02960.02","Spermaceti","2024","2024","1000 USD","202","A","Official value",""
"TCL","Crops and livestock products","356","India","5910","Export quantity","02960.02","Spermaceti","2024","2024","t","271.47","A","Official value",""
"TCL","Crops and livestock products","356","India","5922","Export value","02960.02","Spermaceti","2024","2024","1000 USD","1180","A","Official value",""
"TCL","Crops and livestock products","356","India","5910","Export quantity","01215","Spinach","2022","2022","t","78.87","A","Official value",""
"TCL","Crops and livestock products","356","India","5922","Export value","01215","Spinach","2022","2022","1000 USD","98","A","Official value",""
"TCL","Crops and livestock products","356","India","5910","Export quantity","01215","Spinach","2023","2023","t","65.48","A","Official value",""
"TCL","Crops and livestock products","356","India","5922","Export value","01215","Spinach","2023","2023","1000 USD","100","A","Official value",""
"TCL","Crops and livestock products","356","India","5910","Export quantity","01215","Spinach","2024","2024","t","27.23","A","Official value",""
"TCL","Crops and livestock products","356","India","5922","Export value","01215","Spinach","2024","2024","1000 USD","36","A","Official value",""
"TCL","Crops and livestock products","356","India","5610","Import quantity","23220.06","Starch of cassava","2022","2022","t","177.52","A","Official value",""
"TCL","Crops and livestock products","356","India","5622","Import value","23220.06","Starch of cassava","2022","2022","1000 USD","159","A","Official value",""
"TCL","Crops and livestock products","356","India","5910","Export quantity","23220.06","Starch of cassava","2022","2022","t","5240.85","A","Official value",""
"TCL","Crops and livestock products","356","India","5922","Export value","23220.06","Starch of cassava","2022","2022","1000 USD","3367","A","Official value",""
"TCL","Crops and livestock products","356","India","5610","Import quantity","23220.06","Starch of cassava","2023","2023","t","1694.5","A","Official value",""
"TCL","Crops and livestock products","356","India","5622","Import value","23220.06","Starch of cassava","2023","2023","1000 USD","989","A","Official value",""
"TCL","Crops and livestock products","356","India","5910","Export quantity","23220.06","Starch of cassava","2023","2023","t","3307.42","A","Official value",""
"TCL","Crops and livestock products","356","India","5922","Export value","23220.06","Starch of cassava","2023","2023","1000 USD","3036","A","Official value",""
"TCL","Crops and livestock products","356","India","5610","Import quantity","23220.06","Starch of cassava","2024","2024","t","50.23","A","Official value",""
"TCL","Crops and livestock products","356","India","5622","Import value","23220.06","Starch of cassava","2024","2024","1000 USD","134","A","Official value",""
"TCL","Crops and livestock products","356","India","5910","Export quantity","23220.06","Starch of cassava","2024","2024","t","3619.27","A","Official value",""
"TCL","Crops and livestock products","356","India","5922","Export value","23220.06","Starch of cassava","2024","2024","1000 USD","3435","A","Official value",""
"TCL","Crops and livestock products","356","India","5610","Import quantity","01354","Strawberries","2022","2022","t","37.92","A","Official value",""
"TCL","Crops and livestock products","356","India","5622","Import value","01354","Strawberries","2022","2022","1000 USD","335","A","Official value",""
"TCL","Crops and livestock products","356","India","5910","Export quantity","01354","Strawberries","2022","2022","t","10.02","A","Official value",""
"TCL","Crops and livestock products","356","India","5922","Export value","01354","Strawberries","2022","2022","1000 USD","14","A","Official value",""
"TCL","Crops and livestock products","356","India","5610","Import quantity","01354","Strawberries","2023","2023","t","7.53","A","Official value",""
"TCL","Crops and livestock products","356","India","5622","Import value","01354","Strawberries","2023","2023","1000 USD","63","A","Official value",""
"TCL","Crops and livestock products","356","India","5910","Export quantity","01354","Strawberries","2023","2023","t","22.32","A","Official value",""
"TCL","Crops and livestock products","356","India","5922","Export value","01354","Strawberries","2023","2023","1000 USD","34","A","Official value",""
"TCL","Crops and livestock products","356","India","5610","Import quantity","01354","Strawberries","2024","2024","t","14.57","A","Official value",""
"TCL","Crops and livestock products","356","India","5622","Import value","01354","Strawberries","2024","2024","1000 USD","132","A","Official value",""
"TCL","Crops and livestock products","356","India","5910","Export quantity","01354","Strawberries","2024","2024","t","48.04","A","Official value",""
"TCL","Crops and livestock products","356","India","5922","Export value","01354","Strawberries","2024","2024","1000 USD","51","A","Official value",""
"TCL","Crops and livestock products","356","India","5610","Import quantity","23210.04","Sugar and syrups n.e.c.","2022","2022","t","1530.6","I","Value imputed by a receiving agency",""
"TCL","Crops and livestock products","356","India","5622","Import value","23210.04","Sugar and syrups n.e.c.","2022","2022","1000 USD","5641","A","Official value",""
"TCL","Crops and livestock products","356","India","5910","Export quantity","23210.04","Sugar and syrups n.e.c.","2022","2022","t","40166.32","I","Value imputed by a receiving agency",""
"TCL","Crops and livestock products","356","India","5922","Export value","23210.04","Sugar and syrups n.e.c.","2022","2022","1000 USD","30362","A","Official value",""
"TCL","Crops and livestock products","356","India","5610","Import quantity","23210.04","Sugar and syrups n.e.c.","2023","2023","t","2138.85","I","Value imputed by a receiving agency",""
"TCL","Crops and livestock products","356","India","5622","Import value","23210.04","Sugar and syrups n.e.c.","2023","2023","1000 USD","7719","A","Official value",""
"TCL","Crops and livestock products","356","India","5910","Export quantity","23210.04","Sugar and syrups n.e.c.","2023","2023","t","62287.82","A","Official value",""
"TCL","Crops and livestock products","356","India","5922","Export value","23210.04","Sugar and syrups n.e.c.","2023","2023","1000 USD","47317","A","Official value",""
"TCL","Crops and livestock products","356","India","5610","Import quantity","23210.04","Sugar and syrups n.e.c.","2024","2024","t","2191.79","I","Value imputed by a receiving agency",""
"TCL","Crops and livestock products","356","India","5622","Import value","23210.04","Sugar and syrups n.e.c.","2024","2024","1000 USD","7642","A","Official value",""
"TCL","Crops and livestock products","356","India","5910","Export quantity","23210.04","Sugar and syrups n.e.c.","2024","2024","t","61984.61","A","Official value",""
"TCL","Crops and livestock products","356","India","5922","Export value","23210.04","Sugar and syrups n.e.c.","2024","2024","1000 USD","46425","A","Official value",""
"TCL","Crops and livestock products","356","India","5910","Export quantity","01801","Sugar beet","2022","2022","t","81.27","A","Official value",""
"TCL","Crops and livestock products","356","India","5922","Export value","01801","Sugar beet","2022","2022","1000 USD","54","A","Official value",""
"TCL","Crops and livestock products","356","India","5910","Export quantity","01801","Sugar beet","2023","2023","t","0.81","A","Official value",""
"TCL","Crops and livestock products","356","India","5922","Export value","01801","Sugar beet","2023","2023","1000 USD","1","A","Official value",""
"TCL","Crops and livestock products","356","India","5910","Export quantity","01801","Sugar beet","2024","2024","t","1.02","A","Official value",""
"TCL","Crops and livestock products","356","India","5922","Export value","01801","Sugar beet","2024","2024","1000 USD","6","A","Official value",""
"TCL","Crops and livestock products","356","India","5910","Export quantity","01802","Sugar cane","2022","2022","t","959.23","A","Official value",""
"TCL","Crops and livestock products","356","India","5922","Export value","01802","Sugar cane","2022","2022","1000 USD","307","A","Official value",""
"TCL","Crops and livestock products","356","India","5610","Import quantity","01802","Sugar cane","2023","2023","t","0.3","A","Official value",""
"TCL","Crops and livestock products","356","India","5622","Import value","01802","Sugar cane","2023","2023","1000 USD","1","A","Official value",""
"TCL","Crops and livestock products","356","India","5910","Export quantity","01802","Sugar cane","2023","2023","t","773.03","A","Official value",""
"TCL","Crops and livestock products","356","India","5922","Export value","01802","Sugar cane","2023","2023","1000 USD","232","A","Official value",""
"TCL","Crops and livestock products","356","India","5610","Import quantity","01802","Sugar cane","2024","2024","t","70.61","A","Official value",""
"TCL","Crops and livestock products","356","India","5622","Import value","01802","Sugar cane","2024","2024","1000 USD","92","A","Official value",""
"TCL","Crops and livestock products","356","India","5910","Export quantity","01802","Sugar cane","2024","2024","t","1400.53","A","Official value",""
"TCL","Crops and livestock products","356","India","5922","Export value","01802","Sugar cane","2024","2024","1000 USD","361","A","Official value",""
"TCL","Crops and livestock products","356","India","5610","Import quantity","23670.01","Sugar confectionery","2022","2022","t","17924.4","A","Official value",""
"TCL","Crops and livestock products","356","India","5622","Import value","23670.01","Sugar confectionery","2022","2022","1000 USD","28123","A","Official value",""
"TCL","Crops and livestock products","356","India","5910","Export quantity","23670.01","Sugar confectionery","2022","2022","t","130829.59","A","Official value",""
"TCL","Crops and livestock products","356","India","5922","Export value","23670.01","Sugar confectionery","2022","2022","1000 USD","172024","A","Official value",""
"TCL","Crops and livestock products","356","India","5610","Import quantity","23670.01","Sugar confectionery","2023","2023","t","20129.33","A","Official value",""
"TCL","Crops and livestock products","356","India","5622","Import value","23670.01","Sugar confectionery","2023","2023","1000 USD","29344","A","Official value",""
"TCL","Crops and livestock products","356","India","5910","Export quantity","23670.01","Sugar confectionery","2023","2023","t","173120.47","A","Official value",""
"TCL","Crops and livestock products","356","India","5922","Export value","23670.01","Sugar confectionery","2023","2023","1000 USD","216335","A","Official value",""
"TCL","Crops and livestock products","356","India","5610","Import quantity","23670.01","Sugar confectionery","2024","2024","t","23740.1","A","Official value",""
"TCL","Crops and livestock products","356","India","5622","Import value","23670.01","Sugar confectionery","2024","2024","1000 USD","30367","A","Official value",""
"TCL","Crops and livestock products","356","India","5910","Export quantity","23670.01","Sugar confectionery","2024","2024","t","182249.8","A","Official value",""
"TCL","Crops and livestock products","356","India","5922","Export value","23670.01","Sugar confectionery","2024","2024","1000 USD","218095","A","Official value",""
"TCL","Crops and livestock products","356","India","5610","Import quantity","01445","Sunflower seed","2022","2022","t","4015.21","A","Official value",""
"TCL","Crops and livestock products","356","India","5622","Import value","01445","Sunflower seed","2022","2022","1000 USD","2845","A","Official value",""
"TCL","Crops and livestock products","356","India","5910","Export quantity","01445","Sunflower seed","2022","2022","t","1273.56","A","Official value",""
"TCL","Crops and livestock products","356","India","5922","Export value","01445","Sunflower seed","2022","2022","1000 USD","1423","A","Official value",""
"TCL","Crops and livestock products","356","India","5610","Import quantity","01445","Sunflower seed","2023","2023","t","4221.56","A","Official value",""
"TCL","Crops and livestock products","356","India","5622","Import value","01445","Sunflower seed","2023","2023","1000 USD","2759","A","Official value",""
"TCL","Crops and livestock products","356","India","5910","Export quantity","01445","Sunflower seed","2023","2023","t","1679.52","A","Official value",""
"TCL","Crops and livestock products","356","India","5922","Export value","01445","Sunflower seed","2023","2023","1000 USD","2432","A","Official value",""
"TCL","Crops and livestock products","356","India","5610","Import quantity","01445","Sunflower seed","2024","2024","t","6708.7","A","Official value",""
"TCL","Crops and livestock products","356","India","5622","Import value","01445","Sunflower seed","2024","2024","1000 USD","3877","A","Official value",""
"TCL","Crops and livestock products","356","India","5910","Export quantity","01445","Sunflower seed","2024","2024","t","2230.25","A","Official value",""
"TCL","Crops and livestock products","356","India","5922","Export value","01445","Sunflower seed","2024","2024","1000 USD","5315","A","Official value",""
"TCL","Crops and livestock products","356","India","5610","Import quantity","21631.01","Sunflower-seed oil, crude","2022","2022","t","1909864.31","A","Official value",""
"TCL","Crops and livestock products","356","India","5622","Import value","21631.01","Sunflower-seed oil, crude","2022","2022","1000 USD","3034274","A","Official value",""
"TCL","Crops and livestock products","356","India","5910","Export quantity","21631.01","Sunflower-seed oil, crude","2022","2022","t","9967.07","A","Official value",""
"TCL","Crops and livestock products","356","India","5922","Export value","21631.01","Sunflower-seed oil, crude","2022","2022","1000 USD","19470","A","Official value",""
"TCL","Crops and livestock products","356","India","5610","Import quantity","21631.01","Sunflower-seed oil, crude","2023","2023","t","3109631.71","A","Official value",""
"TCL","Crops and livestock products","356","India","5622","Import value","21631.01","Sunflower-seed oil, crude","2023","2023","1000 USD","3384680","A","Official value",""
"TCL","Crops and livestock products","356","India","5910","Export quantity","21631.01","Sunflower-seed oil, crude","2023","2023","t","13045.17","A","Official value",""
"TCL","Crops and livestock products","356","India","5922","Export value","21631.01","Sunflower-seed oil, crude","2023","2023","1000 USD","18063","A","Official value",""
"TCL","Crops and livestock products","356","India","5610","Import quantity","21631.01","Sunflower-seed oil, crude","2024","2024","t","3740480.59","A","Official value",""
"TCL","Crops and livestock products","356","India","5622","Import value","21631.01","Sunflower-seed oil, crude","2024","2024","1000 USD","3643242","A","Official value",""
"TCL","Crops and livestock products","356","India","5910","Export quantity","21631.01","Sunflower-seed oil, crude","2024","2024","t","24700.6","A","Official value",""
"TCL","Crops and livestock products","356","India","5922","Export value","21631.01","Sunflower-seed oil, crude","2024","2024","1000 USD","30131","A","Official value",""
"TCL","Crops and livestock products","356","India","5610","Import quantity","21319.01","Sweet corn, frozen","2022","2022","t","110.88","A","Official value",""
"TCL","Crops and livestock products","356","India","5622","Import value","21319.01","Sweet corn, frozen","2022","2022","1000 USD","109","A","Official value",""
"TCL","Crops and livestock products","356","India","5910","Export quantity","21319.01","Sweet corn, frozen","2022","2022","t","22645.62","A","Official value",""
"TCL","Crops and livestock products","356","India","5922","Export value","21319.01","Sweet corn, frozen","2022","2022","1000 USD","20930","A","Official value",""
"TCL","Crops and livestock products","356","India","5610","Import quantity","21319.01","Sweet corn, frozen","2023","2023","t","0.03","A","Official value",""
"TCL","Crops and livestock products","356","India","5622","Import value","21319.01","Sweet corn, frozen","2023","2023","1000 USD","0","A","Official value",""
"TCL","Crops and livestock products","356","India","5910","Export quantity","21319.01","Sweet corn, frozen","2023","2023","t","37958.39","A","Official value",""
"TCL","Crops and livestock products","356","India","5922","Export value","21319.01","Sweet corn, frozen","2023","2023","1000 USD","34343","A","Official value",""
"TCL","Crops and livestock products","356","India","5610","Import quantity","21319.01","Sweet corn, frozen","2024","2024","t","19.28","A","Official value",""
"TCL","Crops and livestock products","356","India","5622","Import value","21319.01","Sweet corn, frozen","2024","2024","1000 USD","27","A","Official value",""
"TCL","Crops and livestock products","356","India","5910","Export quantity","21319.01","Sweet corn, frozen","2024","2024","t","35717.73","A","Official value",""
"TCL","Crops and livestock products","356","India","5922","Export value","21319.01","Sweet corn, frozen","2024","2024","1000 USD","28016","A","Official value",""
"TCL","Crops and livestock products","356","India","5610","Import quantity","21399.03","Sweet corn, prepared or preserved","2022","2022","t","1408.2","A","Official value",""
"TCL","Crops and livestock products","356","India","5622","Import value","21399.03","Sweet corn, prepared or preserved","2022","2022","1000 USD","1691","A","Official value",""
"TCL","Crops and livestock products","356","India","5910","Export quantity","21399.03","Sweet corn, prepared or preserved","2022","2022","t","2466.66","A","Official value",""
"TCL","Crops and livestock products","356","India","5922","Export value","21399.03","Sweet corn, prepared or preserved","2022","2022","1000 USD","2831","A","Official value",""
"TCL","Crops and livestock products","356","India","5610","Import quantity","21399.03","Sweet corn, prepared or preserved","2023","2023","t","205.09","A","Official value",""
"TCL","Crops and livestock products","356","India","5622","Import value","21399.03","Sweet corn, prepared or preserved","2023","2023","1000 USD","229","A","Official value",""
"TCL","Crops and livestock products","356","India","5910","Export quantity","21399.03","Sweet corn, prepared or preserved","2023","2023","t","5852.54","A","Official value",""
"TCL","Crops and livestock products","356","India","5922","Export value","21399.03","Sweet corn, prepared or preserved","2023","2023","1000 USD","7630","A","Official value",""
"TCL","Crops and livestock products","356","India","5610","Import quantity","21399.03","Sweet corn, prepared or preserved","2024","2024","t","46.18","A","Official value",""
"TCL","Crops and livestock products","356","India","5622","Import value","21399.03","Sweet corn, prepared or preserved","2024","2024","1000 USD","51","A","Official value",""
"TCL","Crops and livestock products","356","India","5910","Export quantity","21399.03","Sweet corn, prepared or preserved","2024","2024","t","5066.04","A","Official value",""
"TCL","Crops and livestock products","356","India","5922","Export value","21399.03","Sweet corn, prepared or preserved","2024","2024","1000 USD","5431","A","Official value",""
"TCL","Crops and livestock products","356","India","5610","Import quantity","01530","Sweet potatoes","2022","2022","t","48","A","Official value",""
"TCL","Crops and livestock products","356","India","5622","Import value","01530","Sweet potatoes","2022","2022","1000 USD","29","A","Official value",""
"TCL","Crops and livestock products","356","India","5910","Export quantity","01530","Sweet potatoes","2022","2022","t","1072.41","A","Official value",""
"TCL","Crops and livestock products","356","India","5922","Export value","01530","Sweet potatoes","2022","2022","1000 USD","385","A","Official value",""
"TCL","Crops and livestock products","356","India","5910","Export quantity","01530","Sweet potatoes","2023","2023","t","1279.16","A","Official value",""
"TCL","Crops and livestock products","356","India","5922","Export value","01530","Sweet potatoes","2023","2023","1000 USD","328","A","Official value",""
"TCL","Crops and livestock products","356","India","5910","Export quantity","01530","Sweet potatoes","2024","2024","t","1204.16","A","Official value",""
"TCL","Crops and livestock products","356","India","5922","Export value","01530","Sweet potatoes","2024","2024","1000 USD","401","A","Official value",""
"TCL","Crops and livestock products","356","India","5608","Import quantity","02140","Swine / pigs","2022","2022","An","140","A","Official value",""
"TCL","Crops and livestock products","356","India","5622","Import value","02140","Swine / pigs","2022","2022","1000 USD","325","A","Official value",""
"TCL","Crops and livestock products","356","India","5608","Import quantity","02140","Swine / pigs","2024","2024","An","166","A","Official value",""
"TCL","Crops and livestock products","356","India","5622","Import value","02140","Swine / pigs","2024","2024","1000 USD","453","A","Official value",""
"TCL","Crops and livestock products","356","India","5910","Export quantity","21523","Tallow","2022","2022","t","76910.37","A","Official value",""
"TCL","Crops and livestock products","356","India","5922","Export value","21523","Tallow","2022","2022","1000 USD","97179","A","Official value",""
"TCL","Crops and livestock products","356","India","5910","Export quantity","21523","Tallow","2023","2023","t","129767.48","A","Official value",""
"TCL","Crops and livestock products","356","India","5922","Export value","21523","Tallow","2023","2023","1000 USD","137252","A","Official value",""
"TCL","Crops and livestock products","356","India","5910","Export quantity","21523","Tallow","2024","2024","t","57791.02","A","Official value",""
"TCL","Crops and livestock products","356","India","5922","Export value","21523","Tallow","2024","2024","1000 USD","51165","A","Official value",""
"TCL","Crops and livestock products","356","India","5610","Import quantity","01324","Tangerines, mandarins, clementines","2022","2022","t","9190.67","A","Official value",""
"TCL","Crops and livestock products","356","India","5622","Import value","01324","Tangerines, mandarins, clementines","2022","2022","1000 USD","7368","A","Official value",""
"TCL","Crops and livestock products","356","India","5910","Export quantity","01324","Tangerines, mandarins, clementines","2022","2022","t","1414.31","A","Official value",""
"TCL","Crops and livestock products","356","India","5922","Export value","01324","Tangerines, mandarins, clementines","2022","2022","1000 USD","826","A","Official value",""
"TCL","Crops and livestock products","356","India","5610","Import quantity","01324","Tangerines, mandarins, clementines","2023","2023","t","19156.86","A","Official value",""
"TCL","Crops and livestock products","356","India","5622","Import value","01324","Tangerines, mandarins, clementines","2023","2023","1000 USD","13915","A","Official value",""
"TCL","Crops and livestock products","356","India","5910","Export quantity","01324","Tangerines, mandarins, clementines","2023","2023","t","611.97","A","Official value",""
"TCL","Crops and livestock products","356","India","5922","Export value","01324","Tangerines, mandarins, clementines","2023","2023","1000 USD","324","A","Official value",""
"TCL","Crops and livestock products","356","India","5610","Import quantity","01324","Tangerines, mandarins, clementines","2024","2024","t","26102.2","A","Official value",""
"TCL","Crops and livestock products","356","India","5622","Import value","01324","Tangerines, mandarins, clementines","2024","2024","1000 USD","18707","A","Official value",""
"TCL","Crops and livestock products","356","India","5910","Export quantity","01324","Tangerines, mandarins, clementines","2024","2024","t","649.96","A","Official value",""
"TCL","Crops and livestock products","356","India","5922","Export value","01324","Tangerines, mandarins, clementines","2024","2024","1000 USD","426","A","Official value",""
"TCL","Crops and livestock products","356","India","5610","Import quantity","23230.02","Tapioca of cassava","2022","2022","t","47.03","A","Official value",""
"TCL","Crops and livestock products","356","India","5622","Import value","23230.02","Tapioca of cassava","2022","2022","1000 USD","67","A","Official value",""
"TCL","Crops and livestock products","356","India","5910","Export quantity","23230.02","Tapioca of cassava","2022","2022","t","12592.88","A","Official value",""
"TCL","Crops and livestock products","356","India","5922","Export value","23230.02","Tapioca of cassava","2022","2022","1000 USD","9105","A","Official value",""
"TCL","Crops and livestock products","356","India","5610","Import quantity","23230.02","Tapioca of cassava","2023","2023","t","102.27","A","Official value",""
"TCL","Crops and livestock products","356","India","5622","Import value","23230.02","Tapioca of cassava","2023","2023","1000 USD","117","A","Official value",""
"TCL","Crops and livestock products","356","India","5910","Export quantity","23230.02","Tapioca of cassava","2023","2023","t","12265.91","A","Official value",""
"TCL","Crops and livestock products","356","India","5922","Export value","23230.02","Tapioca of cassava","2023","2023","1000 USD","9213","A","Official value",""
"TCL","Crops and livestock products","356","India","5610","Import quantity","23230.02","Tapioca of cassava","2024","2024","t","177.21","A","Official value",""
"TCL","Crops and livestock products","356","India","5622","Import value","23230.02","Tapioca of cassava","2024","2024","1000 USD","165","A","Official value",""
"TCL","Crops and livestock products","356","India","5910","Export quantity","23230.02","Tapioca of cassava","2024","2024","t","13043.31","A","Official value",""
"TCL","Crops and livestock products","356","India","5922","Export value","23230.02","Tapioca of cassava","2024","2024","1000 USD","9435","A","Official value",""
"TCL","Crops and livestock products","356","India","5610","Import quantity","01550","Taro","2022","2022","t","0.25","A","Official value",""
"TCL","Crops and livestock products","356","India","5622","Import value","01550","Taro","2022","2022","1000 USD","2","A","Official value",""
"TCL","Crops and livestock products","356","India","5910","Export quantity","01550","Taro","2022","2022","t","163.1","A","Official value",""
"TCL","Crops and livestock products","356","India","5922","Export value","01550","Taro","2022","2022","1000 USD","121","A","Official value",""
"TCL","Crops and livestock products","356","India","5910","Export quantity","01550","Taro","2023","2023","t","232.54","A","Official value",""
"TCL","Crops and livestock products","356","India","5922","Export value","01550","Taro","2023","2023","1000 USD","215","A","Official value",""
"TCL","Crops and livestock products","356","India","5610","Import quantity","01550","Taro","2024","2024","t","0.56","A","Official value",""
"TCL","Crops and livestock products","356","India","5622","Import value","01550","Taro","2024","2024","1000 USD","3","A","Official value",""
"TCL","Crops and livestock products","356","India","5910","Export quantity","01550","Taro","2024","2024","t","1066.16","A","Official value",""
"TCL","Crops and livestock products","356","India","5922","Export value","01550","Taro","2024","2024","1000 USD","810","A","Official value",""
"TCL","Crops and livestock products","356","India","5610","Import quantity","01620","Tea leaves","2022","2022","t","31119.65","A","Official value",""
"TCL","Crops and livestock products","356","India","5622","Import value","01620","Tea leaves","2022","2022","1000 USD","57310","A","Official value",""
"TCL","Crops and livestock products","356","India","5910","Export quantity","01620","Tea leaves","2022","2022","t","231394.91","I","Value imputed by a receiving agency",""
"TCL","Crops and livestock products","356","India","5922","Export value","01620","Tea leaves","2022","2022","1000 USD","751061","A","Official value",""
"TCL","Crops and livestock products","356","India","5610","Import quantity","01620","Tea leaves","2023","2023","t","24516.38","A","Official value",""
"TCL","Crops and livestock products","356","India","5622","Import value","01620","Tea leaves","2023","2023","1000 USD","45952","A","Official value",""
"TCL","Crops and livestock products","356","India","5910","Export quantity","01620","Tea leaves","2023","2023","t","226776.35","A","Official value",""
"TCL","Crops and livestock products","356","India","5922","Export value","01620","Tea leaves","2023","2023","1000 USD","706900","A","Official value",""
"TCL","Crops and livestock products","356","India","5610","Import quantity","01620","Tea leaves","2024","2024","t","44230.27","A","Official value",""
"TCL","Crops and livestock products","356","India","5622","Import value","01620","Tea leaves","2024","2024","1000 USD","78766","A","Official value",""
"TCL","Crops and livestock products","356","India","5910","Export quantity","01620","Tea leaves","2024","2024","t","249985.74","A","Official value",""
"TCL","Crops and livestock products","356","India","5922","Export value","01620","Tea leaves","2024","2024","1000 USD","804157","A","Official value",""
"TCL","Crops and livestock products","356","India","5610","Import quantity","21321","Tomato juice","2022","2022","t","49.03","A","Official value",""
"TCL","Crops and livestock products","356","India","5622","Import value","21321","Tomato juice","2022","2022","1000 USD","36","A","Official value",""
"TCL","Crops and livestock products","356","India","5910","Export quantity","21321","Tomato juice","2022","2022","t","20.29","A","Official value",""
"TCL","Crops and livestock products","356","India","5922","Export value","21321","Tomato juice","2022","2022","1000 USD","25","A","Official value",""
"TCL","Crops and livestock products","356","India","5610","Import quantity","21321","Tomato juice","2023","2023","t","29.29","A","Official value",""
"TCL","Crops and livestock products","356","India","5622","Import value","21321","Tomato juice","2023","2023","1000 USD","25","A","Official value",""
"TCL","Crops and livestock products","356","India","5910","Export quantity","21321","Tomato juice","2023","2023","t","19.3","A","Official value",""
"TCL","Crops and livestock products","356","India","5922","Export value","21321","Tomato juice","2023","2023","1000 USD","17","A","Official value",""
"TCL","Crops and livestock products","356","India","5610","Import quantity","21321","Tomato juice","2024","2024","t","12.4","A","Official value",""
"TCL","Crops and livestock products","356","India","5622","Import value","21321","Tomato juice","2024","2024","1000 USD","14","A","Official value",""
"TCL","Crops and livestock products","356","India","5910","Export quantity","21321","Tomato juice","2024","2024","t","4.83","A","Official value",""
"TCL","Crops and livestock products","356","India","5922","Export value","21321","Tomato juice","2024","2024","1000 USD","6","A","Official value",""
"TCL","Crops and livestock products","356","India","5910","Export quantity","01234","Tomatoes","2022","2022","t","79139.24","A","Official value",""
"TCL","Crops and livestock products","356","India","5922","Export value","01234","Tomatoes","2022","2022","1000 USD","21137","A","Official value",""
"TCL","Crops and livestock products","356","India","5610","Import quantity","01234","Tomatoes","2023","2023","t","37.19","A","Official value",""
"TCL","Crops and livestock products","356","India","5622","Import value","01234","Tomatoes","2023","2023","1000 USD","15","A","Official value",""
"TCL","Crops and livestock products","356","India","5910","Export quantity","01234","Tomatoes","2023","2023","t","96801.85","A","Official value",""
"TCL","Crops and livestock products","356","India","5922","Export value","01234","Tomatoes","2023","2023","1000 USD","25580","A","Official value",""
"TCL","Crops and livestock products","356","India","5910","Export quantity","01234","Tomatoes","2024","2024","t","77983.82","A","Official value",""
"TCL","Crops and livestock products","356","India","5922","Export value","01234","Tomatoes","2024","2024","1000 USD","23208","A","Official value",""
"TCL","Crops and livestock products","356","India","5610","Import quantity","21399.02","Tomatoes, peeled (o/t vinegar)","2022","2022","t","1671.77","A","Official value",""
"TCL","Crops and livestock products","356","India","5622","Import value","21399.02","Tomatoes, peeled (o/t vinegar)","2022","2022","1000 USD","1928","A","Official value",""
"TCL","Crops and livestock products","356","India","5910","Export quantity","21399.02","Tomatoes, peeled (o/t vinegar)","2022","2022","t","62.55","A","Official value",""
"TCL","Crops and livestock products","356","India","5922","Export value","21399.02","Tomatoes, peeled (o/t vinegar)","2022","2022","1000 USD","56","A","Official value",""
"TCL","Crops and livestock products","356","India","5610","Import quantity","21399.02","Tomatoes, peeled (o/t vinegar)","2023","2023","t","1553.5","A","Official value",""
"TCL","Crops and livestock products","356","India","5622","Import value","21399.02","Tomatoes, peeled (o/t vinegar)","2023","2023","1000 USD","2204","A","Official value",""
"TCL","Crops and livestock products","356","India","5910","Export quantity","21399.02","Tomatoes, peeled (o/t vinegar)","2023","2023","t","253.46","A","Official value",""
"TCL","Crops and livestock products","356","India","5922","Export value","21399.02","Tomatoes, peeled (o/t vinegar)","2023","2023","1000 USD","268","A","Official value",""
"TCL","Crops and livestock products","356","India","5610","Import quantity","21399.02","Tomatoes, peeled (o/t vinegar)","2024","2024","t","1198.91","A","Official value",""
"TCL","Crops and livestock products","356","India","5622","Import value","21399.02","Tomatoes, peeled (o/t vinegar)","2024","2024","1000 USD","1614","A","Official value",""
"TCL","Crops and livestock products","356","India","5910","Export quantity","21399.02","Tomatoes, peeled (o/t vinegar)","2024","2024","t","377.1","A","Official value",""
"TCL","Crops and livestock products","356","India","5922","Export value","21399.02","Tomatoes, peeled (o/t vinegar)","2024","2024","1000 USD","372","A","Official value",""
"TCL","Crops and livestock products","356","India","5910","Export quantity","01191","Triticale","2023","2023","t","0.1","A","Official value",""
"TCL","Crops and livestock products","356","India","5922","Export value","01191","Triticale","2023","2023","1000 USD","1","A","Official value",""
"TCL","Crops and livestock products","356","India","5910","Export quantity","01191","Triticale","2024","2024","t","0.16","A","Official value",""
"TCL","Crops and livestock products","356","India","5922","Export value","01191","Triticale","2024","2024","1000 USD","1","A","Official value",""
"TCL","Crops and livestock products","356","India","5610","Import quantity","01929.02","True hemp, raw or retted","2022","2022","t","96.62","A","Official value",""
"TCL","Crops and livestock products","356","India","5622","Import value","01929.02","True hemp, raw or retted","2022","2022","1000 USD","212","A","Official value",""
"TCL","Crops and livestock products","356","India","5910","Export quantity","01929.02","True hemp, raw or retted","2022","2022","t","8.64","A","Official value",""
"TCL","Crops and livestock products","356","India","5922","Export value","01929.02","True hemp, raw or retted","2022","2022","1000 USD","17","A","Official value",""
"TCL","Crops and livestock products","356","India","5610","Import quantity","01929.02","True hemp, raw or retted","2023","2023","t","52.19","A","Official value",""
"TCL","Crops and livestock products","356","India","5622","Import value","01929.02","True hemp, raw or retted","2023","2023","1000 USD","242","A","Official value",""
"TCL","Crops and livestock products","356","India","5910","Export quantity","01929.02","True hemp, raw or retted","2023","2023","t","2.49","A","Official value",""
"TCL","Crops and livestock products","356","India","5922","Export value","01929.02","True hemp, raw or retted","2023","2023","1000 USD","10","A","Official value",""
"TCL","Crops and livestock products","356","India","5610","Import quantity","01929.02","True hemp, raw or retted","2024","2024","t","330.73","A","Official value",""
"TCL","Crops and livestock products","356","India","5622","Import value","01929.02","True hemp, raw or retted","2024","2024","1000 USD","2129","A","Official value",""
"TCL","Crops and livestock products","356","India","5910","Export quantity","01929.02","True hemp, raw or retted","2024","2024","t","3.71","A","Official value",""
"TCL","Crops and livestock products","356","India","5922","Export value","01929.02","True hemp, raw or retted","2024","2024","1000 USD","35","A","Official value",""
"TCL","Crops and livestock products","356","India","5909","Export quantity","02152","Turkeys","2023","2023","1000 An","0","A","Official value",""
"TCL","Crops and livestock products","356","India","5922","Export value","02152","Turkeys","2023","2023","1000 USD","1","A","Official value",""
"TCL","Crops and livestock products","356","India","5909","Export quantity","02152","Turkeys","2024","2024","1000 An","75","A","Official value",""
"TCL","Crops and livestock products","356","India","5922","Export value","02152","Turkeys","2024","2024","1000 USD","267","A","Official value",""
"TCL","Crops and livestock products","356","India","5610","Import quantity","23710","Uncooked pasta, not stuffed or otherwise prepared","2022","2022","t","2103.79","A","Official value",""
"TCL","Crops and livestock products","356","India","5622","Import value","23710","Uncooked pasta, not stuffed or otherwise prepared","2022","2022","1000 USD","3827","A","Official value",""
"TCL","Crops and livestock products","356","India","5910","Export quantity","23710","Uncooked pasta, not stuffed or otherwise prepared","2022","2022","t","5331.89","A","Official value",""
"TCL","Crops and livestock products","356","India","5922","Export value","23710","Uncooked pasta, not stuffed or otherwise prepared","2022","2022","1000 USD","10347","A","Official value",""
"TCL","Crops and livestock products","356","India","5610","Import quantity","23710","Uncooked pasta, not stuffed or otherwise prepared","2023","2023","t","2281.2","A","Official value",""
"TCL","Crops and livestock products","356","India","5622","Import value","23710","Uncooked pasta, not stuffed or otherwise prepared","2023","2023","1000 USD","3717","A","Official value",""
"TCL","Crops and livestock products","356","India","5910","Export quantity","23710","Uncooked pasta, not stuffed or otherwise prepared","2023","2023","t","5558.83","A","Official value",""
"TCL","Crops and livestock products","356","India","5922","Export value","23710","Uncooked pasta, not stuffed or otherwise prepared","2023","2023","1000 USD","10099","A","Official value",""
"TCL","Crops and livestock products","356","India","5610","Import quantity","23710","Uncooked pasta, not stuffed or otherwise prepared","2024","2024","t","2065.3","A","Official value",""
"TCL","Crops and livestock products","356","India","5622","Import value","23710","Uncooked pasta, not stuffed or otherwise prepared","2024","2024","1000 USD","3034","A","Official value",""
"TCL","Crops and livestock products","356","India","5910","Export quantity","23710","Uncooked pasta, not stuffed or otherwise prepared","2024","2024","t","7080.39","A","Official value",""
"TCL","Crops and livestock products","356","India","5922","Export value","23710","Uncooked pasta, not stuffed or otherwise prepared","2024","2024","1000 USD","13273","A","Official value",""
"TCL","Crops and livestock products","356","India","5610","Import quantity","2413","Undenatured ethyl alcohol of an alcoholic strength by volume of less than 80% vol; spirits, liqueurs and other spirituous beverages","2022","2022","t","103376.73","I","Value imputed by a receiving agency",""
"TCL","Crops and livestock products","356","India","5622","Import value","2413","Undenatured ethyl alcohol of an alcoholic strength by volume of less than 80% vol; spirits, liqueurs and other spirituous beverages","2022","2022","1000 USD","547848","A","Official value",""
"TCL","Crops and livestock products","356","India","5910","Export quantity","2413","Undenatured ethyl alcohol of an alcoholic strength by volume of less than 80% vol; spirits, liqueurs and other spirituous beverages","2022","2022","t","79109.87","A","Official value",""
"TCL","Crops and livestock products","356","India","5922","Export value","2413","Undenatured ethyl alcohol of an alcoholic strength by volume of less than 80% vol; spirits, liqueurs and other spirituous beverages","2022","2022","1000 USD","180787","A","Official value",""
"TCL","Crops and livestock products","356","India","5610","Import quantity","2413","Undenatured ethyl alcohol of an alcoholic strength by volume of less than 80% vol; spirits, liqueurs and other spirituous beverages","2023","2023","t","95369.97","A","Official value",""
"TCL","Crops and livestock products","356","India","5622","Import value","2413","Undenatured ethyl alcohol of an alcoholic strength by volume of less than 80% vol; spirits, liqueurs and other spirituous beverages","2023","2023","1000 USD","571780","A","Official value",""
"TCL","Crops and livestock products","356","India","5910","Export quantity","2413","Undenatured ethyl alcohol of an alcoholic strength by volume of less than 80% vol; spirits, liqueurs and other spirituous beverages","2023","2023","t","92054.97","A","Official value",""
"TCL","Crops and livestock products","356","India","5922","Export value","2413","Undenatured ethyl alcohol of an alcoholic strength by volume of less than 80% vol; spirits, liqueurs and other spirituous beverages","2023","2023","1000 USD","214134","A","Official value",""
"TCL","Crops and livestock products","356","India","5610","Import quantity","2413","Undenatured ethyl alcohol of an alcoholic strength by volume of less than 80% vol; spirits, liqueurs and other spirituous beverages","2024","2024","t","91985.88","A","Official value",""
"TCL","Crops and livestock products","356","India","5622","Import value","2413","Undenatured ethyl alcohol of an alcoholic strength by volume of less than 80% vol; spirits, liqueurs and other spirituous beverages","2024","2024","1000 USD","562226","A","Official value",""
"TCL","Crops and livestock products","356","India","5910","Export quantity","2413","Undenatured ethyl alcohol of an alcoholic strength by volume of less than 80% vol; spirits, liqueurs and other spirituous beverages","2024","2024","t","96923.56","A","Official value",""
"TCL","Crops and livestock products","356","India","5922","Export value","2413","Undenatured ethyl alcohol of an alcoholic strength by volume of less than 80% vol; spirits, liqueurs and other spirituous beverages","2024","2024","1000 USD","243017","A","Official value",""
"TCL","Crops and livestock products","356","India","5610","Import quantity","01970","Unmanufactured tobacco","2022","2022","t","3796.88","A","Official value",""
"TCL","Crops and livestock products","356","India","5622","Import value","01970","Unmanufactured tobacco","2022","2022","1000 USD","20834","A","Official value",""
"TCL","Crops and livestock products","356","India","5910","Export quantity","01970","Unmanufactured tobacco","2022","2022","t","260089.9","A","Official value",""
"TCL","Crops and livestock products","356","India","5922","Export value","01970","Unmanufactured tobacco","2022","2022","1000 USD","815930","A","Official value",""
"TCL","Crops and livestock products","356","India","5610","Import quantity","01970","Unmanufactured tobacco","2023","2023","t","2446.68","A","Official value",""
"TCL","Crops and livestock products","356","India","5622","Import value","01970","Unmanufactured tobacco","2023","2023","1000 USD","18691","A","Official value",""
"TCL","Crops and livestock products","356","India","5910","Export quantity","01970","Unmanufactured tobacco","2023","2023","t","262861.53","A","Official value",""
"TCL","Crops and livestock products","356","India","5922","Export value","01970","Unmanufactured tobacco","2023","2023","1000 USD","968666","A","Official value",""
"TCL","Crops and livestock products","356","India","5610","Import quantity","01970","Unmanufactured tobacco","2024","2024","t","2975.22","A","Official value",""
"TCL","Crops and livestock products","356","India","5622","Import value","01970","Unmanufactured tobacco","2024","2024","1000 USD","22590","A","Official value",""
"TCL","Crops and livestock products","356","India","5910","Export quantity","01970","Unmanufactured tobacco","2024","2024","t","308712.49","A","Official value",""
"TCL","Crops and livestock products","356","India","5922","Export value","01970","Unmanufactured tobacco","2024","2024","1000 USD","1373191","A","Official value",""
"TCL","Crops and livestock products","356","India","5610","Import quantity","01658","Vanilla, raw","2022","2022","t","0.21","A","Official value",""
"TCL","Crops and livestock products","356","India","5622","Import value","01658","Vanilla, raw","2022","2022","1000 USD","22","A","Official value",""
"TCL","Crops and livestock products","356","India","5910","Export quantity","01658","Vanilla, raw","2022","2022","t","5.57","A","Official value",""
"TCL","Crops and livestock products","356","India","5922","Export value","01658","Vanilla, raw","2022","2022","1000 USD","217","A","Official value",""
"TCL","Crops and livestock products","356","India","5610","Import quantity","01658","Vanilla, raw","2023","2023","t","57.6","A","Official value",""
"TCL","Crops and livestock products","356","India","5622","Import value","01658","Vanilla, raw","2023","2023","1000 USD","4329","A","Official value",""
"TCL","Crops and livestock products","356","India","5910","Export quantity","01658","Vanilla, raw","2023","2023","t","32.21","A","Official value",""
"TCL","Crops and livestock products","356","India","5922","Export value","01658","Vanilla, raw","2023","2023","1000 USD","3680","A","Official value",""
"TCL","Crops and livestock products","356","India","5610","Import quantity","01658","Vanilla, raw","2024","2024","t","66.94","A","Official value",""
"TCL","Crops and livestock products","356","India","5622","Import value","01658","Vanilla, raw","2024","2024","1000 USD","2411","A","Official value",""
"TCL","Crops and livestock products","356","India","5910","Export quantity","01658","Vanilla, raw","2024","2024","t","14.84","A","Official value",""
"TCL","Crops and livestock products","356","India","5922","Export value","01658","Vanilla, raw","2024","2024","1000 USD","1725","A","Official value",""
"TCL","Crops and livestock products","356","India","5610","Import quantity","39120.91","Vegetable products for feed n.e.c.","2022","2022","t","2488.06","A","Official value",""
"TCL","Crops and livestock products","356","India","5622","Import value","39120.91","Vegetable products for feed n.e.c.","2022","2022","1000 USD","3275","A","Official value",""
"TCL","Crops and livestock products","356","India","5910","Export quantity","39120.91","Vegetable products for feed n.e.c.","2022","2022","t","2105.64","A","Official value",""
"TCL","Crops and livestock products","356","India","5922","Export value","39120.91","Vegetable products for feed n.e.c.","2022","2022","1000 USD","1607","A","Official value",""
"TCL","Crops and livestock products","356","India","5610","Import quantity","39120.91","Vegetable products for feed n.e.c.","2023","2023","t","4565.01","A","Official value",""
"TCL","Crops and livestock products","356","India","5622","Import value","39120.91","Vegetable products for feed n.e.c.","2023","2023","1000 USD","3448","A","Official value",""
"TCL","Crops and livestock products","356","India","5910","Export quantity","39120.91","Vegetable products for feed n.e.c.","2023","2023","t","191.99","A","Official value",""
"TCL","Crops and livestock products","356","India","5922","Export value","39120.91","Vegetable products for feed n.e.c.","2023","2023","1000 USD","259","A","Official value",""
"TCL","Crops and livestock products","356","India","5610","Import quantity","39120.91","Vegetable products for feed n.e.c.","2024","2024","t","5834.86","A","Official value",""
"TCL","Crops and livestock products","356","India","5622","Import value","39120.91","Vegetable products for feed n.e.c.","2024","2024","1000 USD","4797","A","Official value",""
"TCL","Crops and livestock products","356","India","5910","Export quantity","39120.91","Vegetable products for feed n.e.c.","2024","2024","t","746.07","A","Official value",""
"TCL","Crops and livestock products","356","India","5922","Export value","39120.91","Vegetable products for feed n.e.c.","2024","2024","1000 USD","1090","A","Official value",""
"TCL","Crops and livestock products","356","India","5610","Import quantity","01990.01","Vegetable products, fresh or dry n.e.c.","2022","2022","t","378.29","A","Official value",""
"TCL","Crops and livestock products","356","India","5622","Import value","01990.01","Vegetable products, fresh or dry n.e.c.","2022","2022","1000 USD","1320","A","Official value",""
"TCL","Crops and livestock products","356","India","5910","Export quantity","01990.01","Vegetable products, fresh or dry n.e.c.","2022","2022","t","590.74","A","Official value",""
"TCL","Crops and livestock products","356","India","5922","Export value","01990.01","Vegetable products, fresh or dry n.e.c.","2022","2022","1000 USD","6853","A","Official value",""
"TCL","Crops and livestock products","356","India","5610","Import quantity","01990.01","Vegetable products, fresh or dry n.e.c.","2023","2023","t","621.51","A","Official value",""
"TCL","Crops and livestock products","356","India","5622","Import value","01990.01","Vegetable products, fresh or dry n.e.c.","2023","2023","1000 USD","1224","A","Official value",""
"TCL","Crops and livestock products","356","India","5910","Export quantity","01990.01","Vegetable products, fresh or dry n.e.c.","2023","2023","t","608.84","A","Official value",""
"TCL","Crops and livestock products","356","India","5922","Export value","01990.01","Vegetable products, fresh or dry n.e.c.","2023","2023","1000 USD","2962","A","Official value",""
"TCL","Crops and livestock products","356","India","5610","Import quantity","01990.01","Vegetable products, fresh or dry n.e.c.","2024","2024","t","1793.89","A","Official value",""
"TCL","Crops and livestock products","356","India","5622","Import value","01990.01","Vegetable products, fresh or dry n.e.c.","2024","2024","1000 USD","1928","A","Official value",""
"TCL","Crops and livestock products","356","India","5910","Export quantity","01990.01","Vegetable products, fresh or dry n.e.c.","2024","2024","t","552.79","A","Official value",""
"TCL","Crops and livestock products","356","India","5922","Export value","01990.01","Vegetable products, fresh or dry n.e.c.","2024","2024","1000 USD","3979","A","Official value",""
"TCL","Crops and livestock products","356","India","5610","Import quantity","21931","Vegetable waxes (other than triglycerides), whether or not refined or coloured","2022","2022","t","1038.08","I","Value imputed by a receiving agency",""
"TCL","Crops and livestock products","356","India","5622","Import value","21931","Vegetable waxes (other than triglycerides), whether or not refined or coloured","2022","2022","1000 USD","3889","A","Official value",""
"TCL","Crops and livestock products","356","India","5910","Export quantity","21931","Vegetable waxes (other than triglycerides), whether or not refined or coloured","2022","2022","t","732.73","I","Value imputed by a receiving agency",""
"TCL","Crops and livestock products","356","India","5922","Export value","21931","Vegetable waxes (other than triglycerides), whether or not refined or coloured","2022","2022","1000 USD","5244","A","Official value",""
"TCL","Crops and livestock products","356","India","5610","Import quantity","21931","Vegetable waxes (other than triglycerides), whether or not refined or coloured","2023","2023","t","929.34","A","Official value",""
"TCL","Crops and livestock products","356","India","5622","Import value","21931","Vegetable waxes (other than triglycerides), whether or not refined or coloured","2023","2023","1000 USD","3399","A","Official value",""
"TCL","Crops and livestock products","356","India","5910","Export quantity","21931","Vegetable waxes (other than triglycerides), whether or not refined or coloured","2023","2023","t","1714.19","A","Official value",""
"TCL","Crops and livestock products","356","India","5922","Export value","21931","Vegetable waxes (other than triglycerides), whether or not refined or coloured","2023","2023","1000 USD","5831","A","Official value",""
"TCL","Crops and livestock products","356","India","5610","Import quantity","21931","Vegetable waxes (other than triglycerides), whether or not refined or coloured","2024","2024","t","985.64","A","Official value",""
"TCL","Crops and livestock products","356","India","5622","Import value","21931","Vegetable waxes (other than triglycerides), whether or not refined or coloured","2024","2024","1000 USD","3725","A","Official value",""
"TCL","Crops and livestock products","356","India","5910","Export quantity","21931","Vegetable waxes (other than triglycerides), whether or not refined or coloured","2024","2024","t","4176.02","A","Official value",""
"TCL","Crops and livestock products","356","India","5922","Export value","21931","Vegetable waxes (other than triglycerides), whether or not refined or coloured","2024","2024","1000 USD","6654","A","Official value",""
"TCL","Crops and livestock products","356","India","5610","Import quantity","F0473","Vegetables frozen","2022","2022","t","364.77","A","Official value",""
"TCL","Crops and livestock products","356","India","5622","Import value","F0473","Vegetables frozen","2022","2022","1000 USD","766","A","Official value",""
"TCL","Crops and livestock products","356","India","5910","Export quantity","F0473","Vegetables frozen","2022","2022","t","28375.52","A","Official value",""
"TCL","Crops and livestock products","356","India","5922","Export value","F0473","Vegetables frozen","2022","2022","1000 USD","39671","A","Official value",""
"TCL","Crops and livestock products","356","India","5610","Import quantity","F0473","Vegetables frozen","2023","2023","t","505","A","Official value",""
"TCL","Crops and livestock products","356","India","5622","Import value","F0473","Vegetables frozen","2023","2023","1000 USD","949","A","Official value",""
"TCL","Crops and livestock products","356","India","5910","Export quantity","F0473","Vegetables frozen","2023","2023","t","45255.64","A","Official value",""
"TCL","Crops and livestock products","356","India","5922","Export value","F0473","Vegetables frozen","2023","2023","1000 USD","56552","A","Official value",""
"TCL","Crops and livestock products","356","India","5610","Import quantity","F0473","Vegetables frozen","2024","2024","t","1459.1","A","Official value",""
"TCL","Crops and livestock products","356","India","5622","Import value","F0473","Vegetables frozen","2024","2024","1000 USD","3255","A","Official value",""
"TCL","Crops and livestock products","356","India","5910","Export quantity","F0473","Vegetables frozen","2024","2024","t","40553.83","A","Official value",""
"TCL","Crops and livestock products","356","India","5922","Export value","F0473","Vegetables frozen","2024","2024","1000 USD","56327","A","Official value",""
"TCL","Crops and livestock products","356","India","5610","Import quantity","F0475","Vegetables preserved (frozen)","2022","2022","t","278","A","Official value",""
"TCL","Crops and livestock products","356","India","5622","Import value","F0475","Vegetables preserved (frozen)","2022","2022","1000 USD","683","A","Official value",""
"TCL","Crops and livestock products","356","India","5910","Export quantity","F0475","Vegetables preserved (frozen)","2022","2022","t","26894.46","A","Official value",""
"TCL","Crops and livestock products","356","India","5922","Export value","F0475","Vegetables preserved (frozen)","2022","2022","1000 USD","55830","A","Official value",""
"TCL","Crops and livestock products","356","India","5610","Import quantity","F0475","Vegetables preserved (frozen)","2023","2023","t","190.85","A","Official value",""
"TCL","Crops and livestock products","356","India","5622","Import value","F0475","Vegetables preserved (frozen)","2023","2023","1000 USD","460","A","Official value",""
"TCL","Crops and livestock products","356","India","5910","Export quantity","F0475","Vegetables preserved (frozen)","2023","2023","t","26610.35","A","Official value",""
"TCL","Crops and livestock products","356","India","5922","Export value","F0475","Vegetables preserved (frozen)","2023","2023","1000 USD","66786","A","Official value",""
"TCL","Crops and livestock products","356","India","5610","Import quantity","F0475","Vegetables preserved (frozen)","2024","2024","t","240.91","A","Official value",""
"TCL","Crops and livestock products","356","India","5622","Import value","F0475","Vegetables preserved (frozen)","2024","2024","1000 USD","557","A","Official value",""
"TCL","Crops and livestock products","356","India","5910","Export quantity","F0475","Vegetables preserved (frozen)","2024","2024","t","27860.62","A","Official value",""
"TCL","Crops and livestock products","356","India","5922","Export value","F0475","Vegetables preserved (frozen)","2024","2024","1000 USD","63311","A","Official value",""
"TCL","Crops and livestock products","356","India","5610","Import quantity","F0472","Vegetables preserved nes (o/t vinegar)","2022","2022","t","1146.34","A","Official value",""
"TCL","Crops and livestock products","356","India","5622","Import value","F0472","Vegetables preserved nes (o/t vinegar)","2022","2022","1000 USD","1778","A","Official value",""
"TCL","Crops and livestock products","356","India","5910","Export quantity","F0472","Vegetables preserved nes (o/t vinegar)","2022","2022","t","21315.81","A","Official value",""
"TCL","Crops and livestock products","356","India","5922","Export value","F0472","Vegetables preserved nes (o/t vinegar)","2022","2022","1000 USD","45070","A","Official value",""
"TCL","Crops and livestock products","356","India","5610","Import quantity","F0472","Vegetables preserved nes (o/t vinegar)","2023","2023","t","1024.69","A","Official value",""
"TCL","Crops and livestock products","356","India","5622","Import value","F0472","Vegetables preserved nes (o/t vinegar)","2023","2023","1000 USD","1751","A","Official value",""
"TCL","Crops and livestock products","356","India","5910","Export quantity","F0472","Vegetables preserved nes (o/t vinegar)","2023","2023","t","18877.6","A","Official value",""
"TCL","Crops and livestock products","356","India","5922","Export value","F0472","Vegetables preserved nes (o/t vinegar)","2023","2023","1000 USD","47356","A","Official value",""
"TCL","Crops and livestock products","356","India","5610","Import quantity","F0472","Vegetables preserved nes (o/t vinegar)","2024","2024","t","1832.25","A","Official value",""
"TCL","Crops and livestock products","356","India","5622","Import value","F0472","Vegetables preserved nes (o/t vinegar)","2024","2024","1000 USD","3040","A","Official value",""
"TCL","Crops and livestock products","356","India","5910","Export quantity","F0472","Vegetables preserved nes (o/t vinegar)","2024","2024","t","18884.48","A","Official value",""
"TCL","Crops and livestock products","356","India","5922","Export value","F0472","Vegetables preserved nes (o/t vinegar)","2024","2024","1000 USD","45179","A","Official value",""
"TCL","Crops and livestock products","356","India","5610","Import quantity","21393.90","Vegetables, dehydrated","2022","2022","t","2294.54","A","Official value",""
"TCL","Crops and livestock products","356","India","5622","Import value","21393.90","Vegetables, dehydrated","2022","2022","1000 USD","5139","A","Official value",""
"TCL","Crops and livestock products","356","India","5910","Export quantity","21393.90","Vegetables, dehydrated","2022","2022","t","127162.74","I","Value imputed by a receiving agency",""
"TCL","Crops and livestock products","356","India","5922","Export value","21393.90","Vegetables, dehydrated","2022","2022","1000 USD","206116","A","Official value",""
"TCL","Crops and livestock products","356","India","5610","Import quantity","21393.90","Vegetables, dehydrated","2023","2023","t","3332.96","I","Value imputed by a receiving agency",""
"TCL","Crops and livestock products","356","India","5622","Import value","21393.90","Vegetables, dehydrated","2023","2023","1000 USD","7301","A","Official value",""
"TCL","Crops and livestock products","356","India","5910","Export quantity","21393.90","Vegetables, dehydrated","2023","2023","t","121341.86","A","Official value",""
"TCL","Crops and livestock products","356","India","5922","Export value","21393.90","Vegetables, dehydrated","2023","2023","1000 USD","207136","A","Official value",""
"TCL","Crops and livestock products","356","India","5610","Import quantity","21393.90","Vegetables, dehydrated","2024","2024","t","3443.46","A","Official value",""
"TCL","Crops and livestock products","356","India","5622","Import value","21393.90","Vegetables, dehydrated","2024","2024","1000 USD","8916","A","Official value",""
"TCL","Crops and livestock products","356","India","5910","Export quantity","21393.90","Vegetables, dehydrated","2024","2024","t","158788.22","A","Official value",""
"TCL","Crops and livestock products","356","India","5922","Export value","21393.90","Vegetables, dehydrated","2024","2024","1000 USD","280021","A","Official value",""
"TCL","Crops and livestock products","356","India","5610","Import quantity","21340","Vegetables, pulses and potatoes, preserved by vinegar or acetic acid","2022","2022","t","847.9","A","Official value",""
"TCL","Crops and livestock products","356","India","5622","Import value","21340","Vegetables, pulses and potatoes, preserved by vinegar or acetic acid","2022","2022","1000 USD","1251","A","Official value",""
"TCL","Crops and livestock products","356","India","5910","Export quantity","21340","Vegetables, pulses and potatoes, preserved by vinegar or acetic acid","2022","2022","t","175111.68","A","Official value",""
"TCL","Crops and livestock products","356","India","5922","Export value","21340","Vegetables, pulses and potatoes, preserved by vinegar or acetic acid","2022","2022","1000 USD","203346","A","Official value",""
"TCL","Crops and livestock products","356","India","5610","Import quantity","21340","Vegetables, pulses and potatoes, preserved by vinegar or acetic acid","2023","2023","t","420.58","A","Official value",""
"TCL","Crops and livestock products","356","India","5622","Import value","21340","Vegetables, pulses and potatoes, preserved by vinegar or acetic acid","2023","2023","1000 USD","930","A","Official value",""
"TCL","Crops and livestock products","356","India","5910","Export quantity","21340","Vegetables, pulses and potatoes, preserved by vinegar or acetic acid","2023","2023","t","197306","A","Official value",""
"TCL","Crops and livestock products","356","India","5922","Export value","21340","Vegetables, pulses and potatoes, preserved by vinegar or acetic acid","2023","2023","1000 USD","252343","A","Official value",""
"TCL","Crops and livestock products","356","India","5610","Import quantity","21340","Vegetables, pulses and potatoes, preserved by vinegar or acetic acid","2024","2024","t","441.82","A","Official value",""
"TCL","Crops and livestock products","356","India","5622","Import value","21340","Vegetables, pulses and potatoes, preserved by vinegar or acetic acid","2024","2024","1000 USD","951","A","Official value",""
"TCL","Crops and livestock products","356","India","5910","Export quantity","21340","Vegetables, pulses and potatoes, preserved by vinegar or acetic acid","2024","2024","t","225897.05","A","Official value",""
"TCL","Crops and livestock products","356","India","5922","Export value","21340","Vegetables, pulses and potatoes, preserved by vinegar or acetic acid","2024","2024","1000 USD","283201","A","Official value",""
"TCL","Crops and livestock products","356","India","5610","Import quantity","24220","Vermouth and other wine of fresh grapes flavoured with plats or aromatic substances","2022","2022","t","176.04","A","Official value",""
"TCL","Crops and livestock products","356","India","5622","Import value","24220","Vermouth and other wine of fresh grapes flavoured with plats or aromatic substances","2022","2022","1000 USD","481","A","Official value",""
"TCL","Crops and livestock products","356","India","5910","Export quantity","24220","Vermouth and other wine of fresh grapes flavoured with plats or aromatic substances","2022","2022","t","1.71","A","Official value",""
"TCL","Crops and livestock products","356","India","5922","Export value","24220","Vermouth and other wine of fresh grapes flavoured with plats or aromatic substances","2022","2022","1000 USD","6","A","Official value",""
"TCL","Crops and livestock products","356","India","5610","Import quantity","24220","Vermouth and other wine of fresh grapes flavoured with plats or aromatic substances","2023","2023","t","40.58","A","Official value",""
"TCL","Crops and livestock products","356","India","5622","Import value","24220","Vermouth and other wine of fresh grapes flavoured with plats or aromatic substances","2023","2023","1000 USD","149","A","Official value",""
"TCL","Crops and livestock products","356","India","5910","Export quantity","24220","Vermouth and other wine of fresh grapes flavoured with plats or aromatic substances","2023","2023","t","6.28","A","Official value",""
"TCL","Crops and livestock products","356","India","5922","Export value","24220","Vermouth and other wine of fresh grapes flavoured with plats or aromatic substances","2023","2023","1000 USD","20","A","Official value",""
"TCL","Crops and livestock products","356","India","5610","Import quantity","24220","Vermouth and other wine of fresh grapes flavoured with plats or aromatic substances","2024","2024","t","23.82","A","Official value",""
"TCL","Crops and livestock products","356","India","5622","Import value","24220","Vermouth and other wine of fresh grapes flavoured with plats or aromatic substances","2024","2024","1000 USD","118","A","Official value",""
"TCL","Crops and livestock products","356","India","5910","Export quantity","24220","Vermouth and other wine of fresh grapes flavoured with plats or aromatic substances","2024","2024","t","51.78","A","Official value",""
"TCL","Crops and livestock products","356","India","5922","Export value","24220","Vermouth and other wine of fresh grapes flavoured with plats or aromatic substances","2024","2024","1000 USD","199","A","Official value",""
"TCL","Crops and livestock products","356","India","5610","Import quantity","01376","Walnuts, in shell","2022","2022","t","30798.25","A","Official value",""
"TCL","Crops and livestock products","356","India","5622","Import value","01376","Walnuts, in shell","2022","2022","1000 USD","50907","A","Official value",""
"TCL","Crops and livestock products","356","India","5910","Export quantity","01376","Walnuts, in shell","2022","2022","t","383","A","Official value",""
"TCL","Crops and livestock products","356","India","5922","Export value","01376","Walnuts, in shell","2022","2022","1000 USD","883","A","Official value",""
"TCL","Crops and livestock products","356","India","5610","Import quantity","01376","Walnuts, in shell","2023","2023","t","57287.72","A","Official value",""
"TCL","Crops and livestock products","356","India","5622","Import value","01376","Walnuts, in shell","2023","2023","1000 USD","78784","A","Official value",""
"TCL","Crops and livestock products","356","India","5910","Export quantity","01376","Walnuts, in shell","2023","2023","t","294.61","A","Official value",""
"TCL","Crops and livestock products","356","India","5922","Export value","01376","Walnuts, in shell","2023","2023","1000 USD","723","A","Official value",""
"TCL","Crops and livestock products","356","India","5610","Import quantity","01376","Walnuts, in shell","2024","2024","t","55448.47","A","Official value",""
"TCL","Crops and livestock products","356","India","5622","Import value","01376","Walnuts, in shell","2024","2024","1000 USD","85409","A","Official value",""
"TCL","Crops and livestock products","356","India","5910","Export quantity","01376","Walnuts, in shell","2024","2024","t","332.97","A","Official value",""
"TCL","Crops and livestock products","356","India","5922","Export value","01376","Walnuts, in shell","2024","2024","1000 USD","490","A","Official value",""
"TCL","Crops and livestock products","356","India","5610","Import quantity","21429.02","Walnuts, shelled","2022","2022","t","2204.59","A","Official value",""
"TCL","Crops and livestock products","356","India","5622","Import value","21429.02","Walnuts, shelled","2022","2022","1000 USD","9694","A","Official value",""
"TCL","Crops and livestock products","356","India","5910","Export quantity","21429.02","Walnuts, shelled","2022","2022","t","979.37","A","Official value",""
"TCL","Crops and livestock products","356","India","5922","Export value","21429.02","Walnuts, shelled","2022","2022","1000 USD","4396","A","Official value",""
"TCL","Crops and livestock products","356","India","5610","Import quantity","21429.02","Walnuts, shelled","2023","2023","t","4847.13","A","Official value",""
"TCL","Crops and livestock products","356","India","5622","Import value","21429.02","Walnuts, shelled","2023","2023","1000 USD","15129","A","Official value",""
"TCL","Crops and livestock products","356","India","5910","Export quantity","21429.02","Walnuts, shelled","2023","2023","t","167.21","A","Official value",""
"TCL","Crops and livestock products","356","India","5922","Export value","21429.02","Walnuts, shelled","2023","2023","1000 USD","771","A","Official value",""
"TCL","Crops and livestock products","356","India","5610","Import quantity","21429.02","Walnuts, shelled","2024","2024","t","3785.83","A","Official value",""
"TCL","Crops and livestock products","356","India","5622","Import value","21429.02","Walnuts, shelled","2024","2024","1000 USD","19286","A","Official value",""
"TCL","Crops and livestock products","356","India","5910","Export quantity","21429.02","Walnuts, shelled","2024","2024","t","931.91","A","Official value",""
"TCL","Crops and livestock products","356","India","5922","Export value","21429.02","Walnuts, shelled","2024","2024","1000 USD","5126","A","Official value",""
"TCL","Crops and livestock products","356","India","5610","Import quantity","01221","Watermelons","2022","2022","t","4.01","A","Official value",""
"TCL","Crops and livestock products","356","India","5622","Import value","01221","Watermelons","2022","2022","1000 USD","8","A","Official value",""
"TCL","Crops and livestock products","356","India","5910","Export quantity","01221","Watermelons","2022","2022","t","38312.68","A","Official value",""
"TCL","Crops and livestock products","356","India","5922","Export value","01221","Watermelons","2022","2022","1000 USD","9397","A","Official value",""
"TCL","Crops and livestock products","356","India","5610","Import quantity","01221","Watermelons","2023","2023","t","15.3","A","Official value",""
"TCL","Crops and livestock products","356","India","5622","Import value","01221","Watermelons","2023","2023","1000 USD","31","A","Official value",""
"TCL","Crops and livestock products","356","India","5910","Export quantity","01221","Watermelons","2023","2023","t","51727.35","A","Official value",""
"TCL","Crops and livestock products","356","India","5922","Export value","01221","Watermelons","2023","2023","1000 USD","11784","A","Official value",""
"TCL","Crops and livestock products","356","India","5610","Import quantity","01221","Watermelons","2024","2024","t","0.38","A","Official value",""
"TCL","Crops and livestock products","356","India","5622","Import value","01221","Watermelons","2024","2024","1000 USD","1","A","Official value",""
"TCL","Crops and livestock products","356","India","5910","Export quantity","01221","Watermelons","2024","2024","t","49365.39","A","Official value",""
"TCL","Crops and livestock products","356","India","5922","Export value","01221","Watermelons","2024","2024","1000 USD","13064","A","Official value",""
"TCL","Crops and livestock products","356","India","5610","Import quantity","0111","Wheat","2022","2022","t","49.56","A","Official value",""
"TCL","Crops and livestock products","356","India","5622","Import value","0111","Wheat","2022","2022","1000 USD","26","A","Official value",""
"TCL","Crops and livestock products","356","India","5910","Export quantity","0111","Wheat","2022","2022","t","6798598.3","A","Official value",""
"TCL","Crops and livestock products","356","India","5922","Export value","0111","Wheat","2022","2022","1000 USD","2130739","A","Official value",""
"TCL","Crops and livestock products","356","India","5610","Import quantity","0111","Wheat","2023","2023","t","85007.6","A","Official value",""
"TCL","Crops and livestock products","356","India","5622","Import value","0111","Wheat","2023","2023","1000 USD","31815","A","Official value",""
"TCL","Crops and livestock products","356","India","5910","Export quantity","0111","Wheat","2023","2023","t","157566.49","A","Official value",""
"TCL","Crops and livestock products","356","India","5922","Export value","0111","Wheat","2023","2023","1000 USD","48234","A","Official value",""
"TCL","Crops and livestock products","356","India","5610","Import quantity","0111","Wheat","2024","2024","t","116428.4","A","Official value",""
"TCL","Crops and livestock products","356","India","5622","Import value","0111","Wheat","2024","2024","1000 USD","39809","A","Official value",""
"TCL","Crops and livestock products","356","India","5910","Export quantity","0111","Wheat","2024","2024","t","72048.5","A","Official value",""
"TCL","Crops and livestock products","356","India","5922","Export value","0111","Wheat","2024","2024","1000 USD","22319","A","Official value",""
"TCL","Crops and livestock products","356","India","5610","Import quantity","23110","Wheat and meslin flour","2022","2022","t","4416.15","A","Official value",""
"TCL","Crops and livestock products","356","India","5622","Import value","23110","Wheat and meslin flour","2022","2022","1000 USD","2592","A","Official value",""
"TCL","Crops and livestock products","356","India","5910","Export quantity","23110","Wheat and meslin flour","2022","2022","t","708441.03","A","Official value",""
"TCL","Crops and livestock products","356","India","5922","Export value","23110","Wheat and meslin flour","2022","2022","1000 USD","288001","A","Official value",""
"TCL","Crops and livestock products","356","India","5610","Import quantity","23110","Wheat and meslin flour","2023","2023","t","2650.85","A","Official value",""
"TCL","Crops and livestock products","356","India","5622","Import value","23110","Wheat and meslin flour","2023","2023","1000 USD","2082","A","Official value",""
"TCL","Crops and livestock products","356","India","5910","Export quantity","23110","Wheat and meslin flour","2023","2023","t","75690.29","A","Official value",""
"TCL","Crops and livestock products","356","India","5922","Export value","23110","Wheat and meslin flour","2023","2023","1000 USD","53256","A","Official value",""
"TCL","Crops and livestock products","356","India","5610","Import quantity","23110","Wheat and meslin flour","2024","2024","t","2311.01","A","Official value",""
"TCL","Crops and livestock products","356","India","5622","Import value","23110","Wheat and meslin flour","2024","2024","1000 USD","1747","A","Official value",""
"TCL","Crops and livestock products","356","India","5910","Export quantity","23110","Wheat and meslin flour","2024","2024","t","115129.34","A","Official value",""
"TCL","Crops and livestock products","356","India","5922","Export value","23110","Wheat and meslin flour","2024","2024","1000 USD","81721","A","Official value",""
"TCL","Crops and livestock products","356","India","5610","Import quantity","22130.03","Whey, condensed","2022","2022","t","88.62","A","Official value",""
"TCL","Crops and livestock products","356","India","5622","Import value","22130.03","Whey, condensed","2022","2022","1000 USD","259","A","Official value",""
"TCL","Crops and livestock products","356","India","5910","Export quantity","22130.03","Whey, condensed","2022","2022","t","154.01","A","Official value",""
"TCL","Crops and livestock products","356","India","5922","Export value","22130.03","Whey, condensed","2022","2022","1000 USD","237","A","Official value",""
"TCL","Crops and livestock products","356","India","5610","Import quantity","22130.03","Whey, condensed","2023","2023","t","2189.8","A","Official value",""
"TCL","Crops and livestock products","356","India","5622","Import value","22130.03","Whey, condensed","2023","2023","1000 USD","1526","A","Official value",""
"TCL","Crops and livestock products","356","India","5910","Export quantity","22130.03","Whey, condensed","2023","2023","t","11.5","A","Official value",""
"TCL","Crops and livestock products","356","India","5922","Export value","22130.03","Whey, condensed","2023","2023","1000 USD","42","A","Official value",""
"TCL","Crops and livestock products","356","India","5610","Import quantity","22130.03","Whey, condensed","2024","2024","t","2043.38","A","Official value",""
"TCL","Crops and livestock products","356","India","5622","Import value","22130.03","Whey, condensed","2024","2024","1000 USD","1517","A","Official value",""
"TCL","Crops and livestock products","356","India","5910","Export quantity","22130.03","Whey, condensed","2024","2024","t","15.5","A","Official value",""
"TCL","Crops and livestock products","356","India","5922","Export value","22130.03","Whey, condensed","2024","2024","1000 USD","44","A","Official value",""
"TCL","Crops and livestock products","356","India","5610","Import quantity","22130.02","Whey, dry","2022","2022","t","7596.85","A","Official value",""
"TCL","Crops and livestock products","356","India","5622","Import value","22130.02","Whey, dry","2022","2022","1000 USD","15935","A","Official value",""
"TCL","Crops and livestock products","356","India","5910","Export quantity","22130.02","Whey, dry","2022","2022","t","144.52","A","Official value",""
"TCL","Crops and livestock products","356","India","5922","Export value","22130.02","Whey, dry","2022","2022","1000 USD","529","A","Official value",""
"TCL","Crops and livestock products","356","India","5610","Import quantity","22130.02","Whey, dry","2023","2023","t","18972.51","A","Official value",""
"TCL","Crops and livestock products","356","India","5622","Import value","22130.02","Whey, dry","2023","2023","1000 USD","31311","A","Official value",""
"TCL","Crops and livestock products","356","India","5910","Export quantity","22130.02","Whey, dry","2023","2023","t","166.56","A","Official value",""
"TCL","Crops and livestock products","356","India","5922","Export value","22130.02","Whey, dry","2023","2023","1000 USD","391","A","Official value",""
"TCL","Crops and livestock products","356","India","5610","Import quantity","22130.02","Whey, dry","2024","2024","t","14135.9","A","Official value",""
"TCL","Crops and livestock products","356","India","5622","Import value","22130.02","Whey, dry","2024","2024","1000 USD","21679","A","Official value",""
"TCL","Crops and livestock products","356","India","5910","Export quantity","22130.02","Whey, dry","2024","2024","t","178.43","A","Official value",""
"TCL","Crops and livestock products","356","India","5922","Export value","22130.02","Whey, dry","2024","2024","1000 USD","587","A","Official value",""
"TCL","Crops and livestock products","356","India","5610","Import quantity","22211","Whole milk powder","2022","2022","t","46.58","A","Official value",""
"TCL","Crops and livestock products","356","India","5622","Import value","22211","Whole milk powder","2022","2022","1000 USD","473","A","Official value",""
"TCL","Crops and livestock products","356","India","5910","Export quantity","22211","Whole milk powder","2022","2022","t","1875.75","A","Official value",""
"TCL","Crops and livestock products","356","India","5922","Export value","22211","Whole milk powder","2022","2022","1000 USD","8602","A","Official value",""
"TCL","Crops and livestock products","356","India","5610","Import quantity","22211","Whole milk powder","2023","2023","t","94.43","A","Official value",""
"TCL","Crops and livestock products","356","India","5622","Import value","22211","Whole milk powder","2023","2023","1000 USD","564","A","Official value",""
"TCL","Crops and livestock products","356","India","5910","Export quantity","22211","Whole milk powder","2023","2023","t","1895.79","A","Official value",""
"TCL","Crops and livestock products","356","India","5922","Export value","22211","Whole milk powder","2023","2023","1000 USD","9283","A","Official value",""
"TCL","Crops and livestock products","356","India","5610","Import quantity","22211","Whole milk powder","2024","2024","t","144.02","A","Official value",""
"TCL","Crops and livestock products","356","India","5622","Import value","22211","Whole milk powder","2024","2024","1000 USD","645","A","Official value",""
"TCL","Crops and livestock products","356","India","5910","Export quantity","22211","Whole milk powder","2024","2024","t","1836.72","A","Official value",""
"TCL","Crops and livestock products","356","India","5922","Export value","22211","Whole milk powder","2024","2024","1000 USD","8718","A","Official value",""
"TCL","Crops and livestock products","356","India","5910","Export quantity","22222.01","Whole milk, condensed","2022","2022","t","113.31","A","Official value",""
"TCL","Crops and livestock products","356","India","5922","Export value","22222.01","Whole milk, condensed","2022","2022","1000 USD","375","A","Official value",""
"TCL","Crops and livestock products","356","India","5910","Export quantity","22222.01","Whole milk, condensed","2023","2023","t","112.09","A","Official value",""
"TCL","Crops and livestock products","356","India","5922","Export value","22222.01","Whole milk, condensed","2023","2023","1000 USD","412","A","Official value",""
"TCL","Crops and livestock products","356","India","5610","Import quantity","22222.01","Whole milk, condensed","2024","2024","t","15","A","Official value",""
"TCL","Crops and livestock products","356","India","5622","Import value","22222.01","Whole milk, condensed","2024","2024","1000 USD","51","A","Official value",""
"TCL","Crops and livestock products","356","India","5910","Export quantity","22222.01","Whole milk, condensed","2024","2024","t","395.81","A","Official value",""
"TCL","Crops and livestock products","356","India","5922","Export value","22222.01","Whole milk, condensed","2024","2024","1000 USD","1674","A","Official value",""
"TCL","Crops and livestock products","356","India","5610","Import quantity","22221.01","Whole milk, evaporated","2022","2022","t","0.9","A","Official value",""
"TCL","Crops and livestock products","356","India","5622","Import value","22221.01","Whole milk, evaporated","2022","2022","1000 USD","15","A","Official value",""
"TCL","Crops and livestock products","356","India","5910","Export quantity","22221.01","Whole milk, evaporated","2022","2022","t","78.04","A","Official value",""
"TCL","Crops and livestock products","356","India","5922","Export value","22221.01","Whole milk, evaporated","2022","2022","1000 USD","295","A","Official value",""
"TCL","Crops and livestock products","356","India","5910","Export quantity","22221.01","Whole milk, evaporated","2023","2023","t","125.97","A","Official value",""
"TCL","Crops and livestock products","356","India","5922","Export value","22221.01","Whole milk, evaporated","2023","2023","1000 USD","473","A","Official value",""
"TCL","Crops and livestock products","356","India","5910","Export quantity","22221.01","Whole milk, evaporated","2024","2024","t","130.54","A","Official value",""
"TCL","Crops and livestock products","356","India","5922","Export value","22221.01","Whole milk, evaporated","2024","2024","1000 USD","558","A","Official value",""
"TCL","Crops and livestock products","356","India","5610","Import quantity","24212.02","Wine","2022","2022","t","7809.62","A","Official value",""
"TCL","Crops and livestock products","356","India","5622","Import value","24212.02","Wine","2022","2022","1000 USD","33398","A","Official value",""
"TCL","Crops and livestock products","356","India","5910","Export quantity","24212.02","Wine","2022","2022","t","501.26","A","Official value",""
"TCL","Crops and livestock products","356","India","5922","Export value","24212.02","Wine","2022","2022","1000 USD","5148","A","Official value",""
"TCL","Crops and livestock products","356","India","5610","Import quantity","24212.02","Wine","2023","2023","t","6741.18","A","Official value",""
"TCL","Crops and livestock products","356","India","5622","Import value","24212.02","Wine","2023","2023","1000 USD","32856","A","Official value",""
"TCL","Crops and livestock products","356","India","5910","Export quantity","24212.02","Wine","2023","2023","t","567.56","A","Official value",""
"TCL","Crops and livestock products","356","India","5922","Export value","24212.02","Wine","2023","2023","1000 USD","2990","A","Official value",""
"TCL","Crops and livestock products","356","India","5610","Import quantity","24212.02","Wine","2024","2024","t","4744.93","A","Official value",""
"TCL","Crops and livestock products","356","India","5622","Import value","24212.02","Wine","2024","2024","1000 USD","25622","A","Official value",""
"TCL","Crops and livestock products","356","India","5910","Export quantity","24212.02","Wine","2024","2024","t","932.75","A","Official value",""
"TCL","Crops and livestock products","356","India","5922","Export value","24212.02","Wine","2024","2024","1000 USD","6703","A","Official value",""
"TCL","Crops and livestock products","356","India","5610","Import quantity","F0994","Wool grease and lanolin","2022","2022","t","1375.16","A","Official value",""
"TCL","Crops and livestock products","356","India","5622","Import value","F0994","Wool grease and lanolin","2022","2022","1000 USD","8458","A","Official value",""
"TCL","Crops and livestock products","356","India","5910","Export quantity","F0994","Wool grease and lanolin","2022","2022","t","901.55","A","Official value",""
"TCL","Crops and livestock products","356","India","5922","Export value","F0994","Wool grease and lanolin","2022","2022","1000 USD","6904","A","Official value",""
"TCL","Crops and livestock products","356","India","5610","Import quantity","F0994","Wool grease and lanolin","2023","2023","t","746.8","A","Official value",""
"TCL","Crops and livestock products","356","India","5622","Import value","F0994","Wool grease and lanolin","2023","2023","1000 USD","5487","A","Official value",""
"TCL","Crops and livestock products","356","India","5910","Export quantity","F0994","Wool grease and lanolin","2023","2023","t","634.89","A","Official value",""
"TCL","Crops and livestock products","356","India","5922","Export value","F0994","Wool grease and lanolin","2023","2023","1000 USD","4319","A","Official value",""
"TCL","Crops and livestock products","356","India","5610","Import quantity","F0994","Wool grease and lanolin","2024","2024","t","964.65","A","Official value",""
"TCL","Crops and livestock products","356","India","5622","Import value","F0994","Wool grease and lanolin","2024","2024","1000 USD","5541","A","Official value",""
"TCL","Crops and livestock products","356","India","5910","Export quantity","F0994","Wool grease and lanolin","2024","2024","t","700.78","A","Official value",""
"TCL","Crops and livestock products","356","India","5922","Export value","F0994","Wool grease and lanolin","2024","2024","1000 USD","4547","A","Official value",""
"TCL","Crops and livestock products","356","India","5610","Import quantity","26130","Wool, degreased or carbonized, not carded or combed","2022","2022","t","44459.94","A","Official value",""
"TCL","Crops and livestock products","356","India","5622","Import value","26130","Wool, degreased or carbonized, not carded or combed","2022","2022","1000 USD","69567","A","Official value",""
"TCL","Crops and livestock products","356","India","5910","Export quantity","26130","Wool, degreased or carbonized, not carded or combed","2022","2022","t","134.41","A","Official value",""
"TCL","Crops and livestock products","356","India","5922","Export value","26130","Wool, degreased or carbonized, not carded or combed","2022","2022","1000 USD","393","A","Official value",""
"TCL","Crops and livestock products","356","India","5610","Import quantity","26130","Wool, degreased or carbonized, not carded or combed","2023","2023","t","55579.27","A","Official value",""
"TCL","Crops and livestock products","356","India","5622","Import value","26130","Wool, degreased or carbonized, not carded or combed","2023","2023","1000 USD","79964","A","Official value",""
"TCL","Crops and livestock products","356","India","5910","Export quantity","26130","Wool, degreased or carbonized, not carded or combed","2023","2023","t","114.73","A","Official value",""
"TCL","Crops and livestock products","356","India","5922","Export value","26130","Wool, degreased or carbonized, not carded or combed","2023","2023","1000 USD","484","A","Official value",""
"TCL","Crops and livestock products","356","India","5610","Import quantity","26130","Wool, degreased or carbonized, not carded or combed","2024","2024","t","69135.4","A","Official value",""
"TCL","Crops and livestock products","356","India","5622","Import value","26130","Wool, degreased or carbonized, not carded or combed","2024","2024","1000 USD","89864","A","Official value",""
"TCL","Crops and livestock products","356","India","5910","Export quantity","26130","Wool, degreased or carbonized, not carded or combed","2024","2024","t","115.41","A","Official value",""
"TCL","Crops and livestock products","356","India","5922","Export value","26130","Wool, degreased or carbonized, not carded or combed","2024","2024","1000 USD","464","A","Official value",""
"TCL","Crops and livestock products","356","India","5610","Import quantity","F1009","Wool, hair waste","2022","2022","t","38.19","A","Official value",""
"TCL","Crops and livestock products","356","India","5622","Import value","F1009","Wool, hair waste","2022","2022","1000 USD","77","A","Official value",""
"TCL","Crops and livestock products","356","India","5910","Export quantity","F1009","Wool, hair waste","2022","2022","t","1391.61","A","Official value",""
"TCL","Crops and livestock products","356","India","5922","Export value","F1009","Wool, hair waste","2022","2022","1000 USD","6846","A","Official value",""
"TCL","Crops and livestock products","356","India","5610","Import quantity","F1009","Wool, hair waste","2023","2023","t","116.39","A","Official value",""
"TCL","Crops and livestock products","356","India","5622","Import value","F1009","Wool, hair waste","2023","2023","1000 USD","459","A","Official value",""
"TCL","Crops and livestock products","356","India","5910","Export quantity","F1009","Wool, hair waste","2023","2023","t","855.38","A","Official value",""
"TCL","Crops and livestock products","356","India","5922","Export value","F1009","Wool, hair waste","2023","2023","1000 USD","4434","A","Official value",""
"TCL","Crops and livestock products","356","India","5610","Import quantity","F1009","Wool, hair waste","2024","2024","t","231.49","A","Official value",""
"TCL","Crops and livestock products","356","India","5622","Import value","F1009","Wool, hair waste","2024","2024","1000 USD","526","A","Official value",""
"TCL","Crops and livestock products","356","India","5910","Export quantity","F1009","Wool, hair waste","2024","2024","t","564.06","A","Official value",""
"TCL","Crops and livestock products","356","India","5922","Export value","F1009","Wool, hair waste","2024","2024","1000 USD","2216","A","Official value",""
"TCL","Crops and livestock products","356","India","5610","Import quantity","39213","Wool, shoddy","2022","2022","t","1","A","Official value",""
"TCL","Crops and livestock products","356","India","5622","Import value","39213","Wool, shoddy","2022","2022","1000 USD","5","A","Official value",""
"TCL","Crops and livestock products","356","India","5910","Export quantity","39213","Wool, shoddy","2022","2022","t","115.12","A","Official value",""
"TCL","Crops and livestock products","356","India","5922","Export value","39213","Wool, shoddy","2022","2022","1000 USD","386","A","Official value",""
"TCL","Crops and livestock products","356","India","5610","Import quantity","39213","Wool, shoddy","2023","2023","t","13.56","A","Official value",""
"TCL","Crops and livestock products","356","India","5622","Import value","39213","Wool, shoddy","2023","2023","1000 USD","18","A","Official value",""
"TCL","Crops and livestock products","356","India","5910","Export quantity","39213","Wool, shoddy","2023","2023","t","54.73","A","Official value",""
"TCL","Crops and livestock products","356","India","5922","Export value","39213","Wool, shoddy","2023","2023","1000 USD","207","A","Official value",""
"TCL","Crops and livestock products","356","India","5610","Import quantity","39213","Wool, shoddy","2024","2024","t","0.19","A","Official value",""
"TCL","Crops and livestock products","356","India","5622","Import value","39213","Wool, shoddy","2024","2024","1000 USD","1","A","Official value",""
"TCL","Crops and livestock products","356","India","5910","Export quantity","39213","Wool, shoddy","2024","2024","t","50.96","A","Official value",""
"TCL","Crops and livestock products","356","India","5922","Export value","39213","Wool, shoddy","2024","2024","1000 USD","141","A","Official value",""
"TCL","Crops and livestock products","356","India","5610","Import quantity","01540","Yams","2022","2022","t","6.24","A","Official value",""
"TCL","Crops and livestock products","356","India","5622","Import value","01540","Yams","2022","2022","1000 USD","7","A","Official value",""
"TCL","Crops and livestock products","356","India","5910","Export quantity","01540","Yams","2022","2022","t","8246.39","A","Official value",""
"TCL","Crops and livestock products","356","India","5922","Export value","01540","Yams","2022","2022","1000 USD","2991","A","Official value",""
"TCL","Crops and livestock products","356","India","5610","Import quantity","01540","Yams","2023","2023","t","1.94","A","Official value",""
"TCL","Crops and livestock products","356","India","5622","Import value","01540","Yams","2023","2023","1000 USD","1","A","Official value",""
"TCL","Crops and livestock products","356","India","5910","Export quantity","01540","Yams","2023","2023","t","7552.64","A","Official value",""
"TCL","Crops and livestock products","356","India","5922","Export value","01540","Yams","2023","2023","1000 USD","3860","A","Official value",""
"TCL","Crops and livestock products","356","India","5910","Export quantity","01540","Yams","2024","2024","t","6595.72","A","Official value",""
"TCL","Crops and livestock products","356","India","5922","Export value","01540","Yams","2024","2024","1000 USD","4502","A","Official value",""
"TCL","Crops and livestock products","356","India","5910","Export quantity","01591","Yautia","2022","2022","t","18.64","A","Official value",""
"TCL","Crops and livestock products","356","India","5922","Export value","01591","Yautia","2022","2022","1000 USD","9","A","Official value",""
"TCL","Crops and livestock products","356","India","5910","Export quantity","01591","Yautia","2023","2023","t","0.22","A","Official value",""
"TCL","Crops and livestock products","356","India","5922","Export value","01591","Yautia","2023","2023","1000 USD","1","A","Official value",""
"TCL","Crops and livestock products","356","India","5910","Export quantity","01591","Yautia","2024","2024","t","0.72","A","Official value",""
"TCL","Crops and livestock products","356","India","5922","Export value","01591","Yautia","2024","2024","1000 USD","2","A","Official value",""
"TCL","Crops and livestock products","356","India","5910","Export quantity","22230.01","Yoghurt","2022","2022","t","18.49","A","Official value",""
"TCL","Crops and livestock products","356","India","5922","Export value","22230.01","Yoghurt","2022","2022","1000 USD","28","A","Official value",""
"TCL","Crops and livestock products","356","India","5910","Export quantity","22230.01","Yoghurt","2023","2023","t","0.25","A","Official value",""
"TCL","Crops and livestock products","356","India","5922","Export value","22230.01","Yoghurt","2023","2023","1000 USD","1","A","Official value",""
"TCL","Crops and livestock products","356","India","5910","Export quantity","22230.01","Yoghurt","2024","2024","t","2.71","A","Official value",""
"TCL","Crops and livestock products","356","India","5922","Export value","22230.01","Yoghurt","2024","2024","1000 USD","8","A","Official value",""
